DBHID	PlotName	PlotID	Family	Genus	SpeciesName	Mnemonic	Subspecies	SpeciesID	SubspeciesID	QuadratName	QuadratID	PX	PY	QX	QY	TreeID	Tag	StemID	StemNumber	StemTag	PrimaryStem	CensusID	PlotCensusNumber	DBH	HOM	ExactDate	Date	ListOfTSM	HighHOM	LargeStem	Status
30	P14	112	Rubiaceae	Pentagonia	macrophylla	pentma	\N	750	\N	0201	685	56.30000	20.20000	16.30000	0.20000	416613	507333	416603	1	\N	main	123	1	29	1.30	1996-11-15	13468	\N	1	\N	alive
2405659	P14	112	Rubiaceae	Pentagonia	macrophylla	pentma	\N	750	\N	0201	685	56.30000	20.20000	16.30000	0.20000	416613	507333	416603	1	\N	main	204	2	31	1.30	2010-11-11	18577	\N	1	\N	alive
168	P14	112	Salicaceae	Casearia	sylvestris	casesy	\N	167	\N	0101	397	29.70000	27.90000	9.70000	7.90000	416614	507334	416604	1	\N	main	123	1	86	1.30	1996-11-13	13466	\N	1	\N	alive
2402735	P14	112	Salicaceae	Casearia	sylvestris	casesy	\N	167	\N	0101	397	29.70000	27.90000	9.70000	7.90000	416614	507334	416604	1	\N	main	204	2	94	1.30	2010-11-11	18577	\N	1	\N	alive
306	P14	112	Melastomataceae	Mouriri	myrtilloides	mourmy	\N	671	\N	0101	397	33.40000	33.10000	13.40000	13.10000	416615	507335	416605	1	\N	main	123	1	22	1.30	1996-11-13	13466	L	1	\N	alive
2402736	P14	112	Melastomataceae	Mouriri	myrtilloides	mourmy	\N	671	\N	0101	397	33.40000	33.10000	13.40000	13.10000	416615	507335	416605	1	\N	main	204	2	\N	\N	2010-11-11	18577	D;N	1	\N	dead
444	P14	112	Rubiaceae	Pentagonia	macrophylla	pentma	\N	750	\N	0203	793	41.30000	60.10000	1.30000	0.10000	416616	507336	416606	1	\N	main	123	1	37	1.30	1996-11-15	13468	M	1	\N	alive
720	P14	112	Fabaceae-papilionoideae	Swartzia	simplex	swars2	var.ochnacea	980	8	0202	739	46.40000	46.90000	6.40000	6.90000	416617	507337	416607	1	\N	main	123	1	33	1.30	1996-11-15	13468	\N	1	\N	alive
2406739	P14	112	Fabaceae-papilionoideae	Swartzia	simplex	swars2	var.ochnacea	980	8	0202	739	46.40000	46.90000	6.40000	6.90000	416617	507337	416607	1	\N	main	204	2	\N	\N	2010-11-16	18582	D;N	1	\N	dead
857	P14	112	Melastomataceae	Miconia	argentea	micoar	\N	630	\N	0202	739	43.60000	43.60000	3.60000	3.60000	416618	507338	416608	1	\N	main	123	1	18	1.30	1996-11-15	13468	M	1	\N	alive
1133	P14	112	Myrtaceae	Eugenia	coloradoensis	eugeco	\N	358	\N	0202	739	56.60000	55.20000	16.60000	15.20000	416619	507339	416609	1	\N	main	123	1	25	1.30	1996-11-15	13468	L	1	\N	alive
2406741	P14	112	Myrtaceae	Eugenia	coloradoensis	eugeco	\N	358	\N	0202	739	56.60000	55.20000	16.60000	15.20000	416619	507339	416609	1	\N	main	204	2	\N	\N	2010-11-16	18582	D;T	1	\N	dead
1271	P14	112	Myrtaceae	Eugenia	coloradoensis	eugeco	\N	358	\N	0202	739	58.60000	51.00000	18.60000	11.00000	416620	507340	416610	1	\N	main	123	1	14	1.30	1996-11-15	13468	\N	1	\N	alive
2406742	P14	112	Myrtaceae	Eugenia	coloradoensis	eugeco	\N	358	\N	0202	739	58.60000	51.00000	18.60000	11.00000	416620	507340	416610	1	\N	main	204	2	\N	\N	2010-11-16	18582	D;N	1	\N	dead
1409	P14	112	Violaceae	Hybanthus	prunifolius	hybapr	\N	494	\N	0202	739	58.50000	44.80000	18.50000	4.80000	416621	507341	416611	1	\N	main	123	1	31	1.30	1996-11-15	13468	L	1	\N	alive
2406743	P14	112	Violaceae	Hybanthus	prunifolius	hybapr	\N	494	\N	0202	739	58.50000	44.80000	18.50000	4.80000	416621	507341	416611	1	\N	main	204	2	\N	\N	2010-11-16	18582	D;N	1	\N	dead
1547	P14	112	Clusiaceae	Garcinia	intermedia	gar2in	\N	1125	\N	0000	19	8.90000	6.80000	8.90000	6.80000	416622	515701	416612	1	\N	main	123	1	170	1.30	1996-11-08	13461	\N	1	\N	alive
2401183	P14	112	Clusiaceae	Garcinia	intermedia	gar2in	\N	1125	\N	0000	19	8.90000	6.80000	8.90000	6.80000	416622	515701	416612	1	\N	main	204	2	\N	\N	2010-11-15	18581	D;N	1	\N	dead
123	P14	112	Clusiaceae	Garcinia	intermedia	gar2in	\N	1125	\N	0000	19	8.90000	6.80000	8.90000	6.80000	416622	515701	416612	1	\N		256	3	\N	0.00	2012-05-01	19114	D;N	1	\N	dead
1685	P14	112	Bignoniaceae	Jacaranda	copaia	jac1co	\N	540	\N	0000	19	8.60000	9.40000	8.60000	9.40000	416623	515702	416613	1	\N	main	123	1	864	2.65	1996-11-08	13461	B	1	\N	alive
1823	P14	112	Bignoniaceae	Jacaranda	copaia	jac1co	\N	540	\N	0000	19	8.60000	9.40000	8.60000	9.40000	416623	515702	416613	1	\N	main	123	1	1000	1.30	1997-01-02	13516	\N	0	\N	alive
2401184	P14	112	Bignoniaceae	Jacaranda	copaia	jac1co	\N	540	\N	0000	19	8.60000	9.40000	8.60000	9.40000	416623	515702	416613	1	\N	main	204	2	\N	\N	2010-11-15	18581	D;N	1	\N	dead
261	P14	112	Bignoniaceae	Jacaranda	copaia	jac1co	\N	540	\N	0000	19	8.60000	9.40000	8.60000	9.40000	416623	515702	416613	1	\N		256	3	\N	0.00	2012-05-01	19114	D;N	1	\N	dead
1961	P14	112	Burseraceae	Protium	panamense	protpa	\N	827	\N	0000	19	5.80000	8.50000	5.80000	8.50000	416624	515703	416614	1	\N	main	123	1	297	1.50	1996-11-08	13461	\N	1	\N	alive
2401185	P14	112	Burseraceae	Protium	panamense	protpa	\N	827	\N	0000	19	5.80000	8.50000	5.80000	8.50000	416624	515703	416614	1	\N	main	204	2	\N	\N	2010-11-15	18581	D;N	1	\N	dead
399	P14	112	Burseraceae	Protium	panamense	protpa	\N	827	\N	0000	19	5.80000	8.50000	5.80000	8.50000	416624	515703	416614	1	\N		256	3	\N	0.00	2012-05-01	19114	D;N	1	\N	dead
2099	P14	112	Moraceae	Maquira	guianensis	maquco	\N	1137	\N	0000	19	3.10000	8.90000	3.10000	8.90000	416625	515704	416615	1	\N	main	123	1	105	1.30	1996-11-08	13461	\N	1	\N	alive
2401186	P14	112	Moraceae	Maquira	guianensis	maquco	\N	1137	\N	0000	19	3.10000	8.90000	3.10000	8.90000	416625	515704	416615	1	\N	main	204	2	110	1.30	2010-11-15	18581	\N	1	\N	alive
537	P14	112	Moraceae	Maquira	guianensis	maquco	\N	1137	\N	0000	19	3.10000	8.90000	3.10000	8.90000	416625	515704	416615	1	\N		256	3	112	1.30	2012-05-01	19114	\N	1	\N	alive
135	P14	112	Moraceae	Maquira	guianensis	maquco	\N	1137	\N	0000	19	3.10000	8.90000	3.10000	8.90000	416625	515704	416615	1	\N		268	4	114	1.30	2013-04-15	19463	\N	1	\N	alive
2413554	P14	112	Moraceae	Maquira	guianensis	maquco	\N	1137	\N	0000	19	3.10000	8.90000	3.10000	8.90000	416625	515704	416615	1	\N	\N	278	5	114	1.30	2014-04-09	19822	\N	1	\N	alive
2422200	P14	112	Moraceae	Maquira	guianensis	maquco	\N	1137	\N	0000	19	3.10000	8.90000	3.10000	8.90000	416625	515704	416615	1	\N	\N	286	6	117	1.30	2015-06-24	20263	\N	1	\N	alive
2237	P14	112	Rubiaceae	Alseis	blackiana	alsebl	\N	33	\N	0000	19	5.30000	11.70000	5.30000	11.70000	416626	515705	416616	1	\N	main	123	1	124	1.30	1996-11-08	13461	\N	1	\N	alive
2401187	P14	112	Rubiaceae	Alseis	blackiana	alsebl	\N	33	\N	0000	19	5.30000	11.70000	5.30000	11.70000	416626	515705	416616	1	\N	main	204	2	195	1.30	2010-11-15	18581	L;Q	1	\N	alive
675	P14	112	Rubiaceae	Alseis	blackiana	alsebl	\N	33	\N	0000	19	5.30000	11.70000	5.30000	11.70000	416626	515705	416616	1	\N		256	3	201	1.30	2012-05-01	19114	L	1	\N	alive
273	P14	112	Rubiaceae	Alseis	blackiana	alsebl	\N	33	\N	0000	19	5.30000	11.70000	5.30000	11.70000	416626	515705	416616	1	\N		268	4	\N	0.00	2013-04-15	19463	D;C	1	\N	dead
2413559	P14	112	Rubiaceae	Alseis	blackiana	alsebl	\N	33	\N	0000	19	5.30000	11.70000	5.30000	11.70000	416626	515705	416616	1	\N	\N	278	5	\N	\N	2014-04-09	19822	C;D	1	\N	dead
2375	P14	112	Clusiaceae	Garcinia	intermedia	gar2in	\N	1125	\N	0000	19	2.80000	12.50000	2.80000	12.50000	416627	515706	416617	1	\N	main	123	1	183	1.30	1996-11-08	13461	M	1	\N	alive
2401188	P14	112	Clusiaceae	Garcinia	intermedia	gar2in	\N	1125	\N	0000	19	2.80000	12.50000	2.80000	12.50000	416627	515706	416617	1	\N	main	204	2	\N	\N	2010-11-15	18581	D;N	1	\N	dead
812	P14	112	Clusiaceae	Garcinia	intermedia	gar2in	\N	1125	\N	0000	19	2.80000	12.50000	2.80000	12.50000	416627	515706	416617	1	\N		256	3	\N	0.00	2012-05-01	19114	D;N	1	\N	dead
2651	P14	112	Salicaceae	Laetia	thamnia	laetth	\N	553	\N	0000	19	0.90000	13.10000	0.90000	13.10000	416628	515707	416618	1	\N	main	123	1	101	1.30	1996-11-08	13461	\N	1	\N	alive
2789	P14	112	Burseraceae	Tetragastris	panamensis	tet2pa	\N	1007	\N	0000	19	4.30000	15.90000	4.30000	15.90000	416629	515708	416619	1	\N	main	123	1	130	1.30	1996-11-08	13461	\N	1	\N	alive
2401190	P14	112	Burseraceae	Tetragastris	panamensis	tet2pa	\N	1007	\N	0000	19	4.30000	15.90000	4.30000	15.90000	416629	515708	416619	1	\N	main	204	2	175	1.30	2010-11-15	18581	\N	1	\N	alive
1502	P14	112	Burseraceae	Tetragastris	panamensis	tet2pa	\N	1007	\N	0000	19	4.30000	15.90000	4.30000	15.90000	416629	515708	416619	1	\N		256	3	173	1.30	2012-05-01	19114	\N	1	\N	alive
962	P14	112	Burseraceae	Tetragastris	panamensis	tet2pa	\N	1007	\N	0000	19	4.30000	15.90000	4.30000	15.90000	416629	515708	416619	1	\N		268	4	173	1.30	2013-04-15	19463	\N	1	\N	alive
2413556	P14	112	Burseraceae	Tetragastris	panamensis	tet2pa	\N	1007	\N	0000	19	4.30000	15.90000	4.30000	15.90000	416629	515708	416619	1	\N	\N	278	5	173	1.30	2014-04-09	19822	\N	1	\N	alive
2422202	P14	112	Burseraceae	Tetragastris	panamensis	tet2pa	\N	1007	\N	0000	19	4.30000	15.90000	4.30000	15.90000	416629	515708	416619	1	\N	\N	286	6	174	1.30	2015-06-24	20263	\N	1	\N	alive
2927	P14	112	Sapotaceae	Pouteria	stipitata	poutst	\N	817	\N	0000	19	3.50000	17.00000	3.50000	17.00000	416630	515709	416620	1	\N	main	123	1	240	1.30	1996-11-08	13461	\N	1	\N	alive
2401191	P14	112	Sapotaceae	Pouteria	stipitata	poutst	\N	817	\N	0000	19	3.50000	17.00000	3.50000	17.00000	416630	515709	416620	1	\N	main	204	2	259	1.30	2010-11-15	18581	\N	1	\N	alive
1640	P14	112	Sapotaceae	Pouteria	stipitata	poutst	\N	817	\N	0000	19	3.50000	17.00000	3.50000	17.00000	416630	515709	416620	1	\N		256	3	258	1.30	2012-05-01	19114	\N	1	\N	alive
1100	P14	112	Sapotaceae	Pouteria	stipitata	poutst	\N	817	\N	0000	19	3.50000	17.00000	3.50000	17.00000	416630	515709	416620	1	\N		268	4	258	1.30	2013-04-15	19463	\N	1	\N	alive
2413557	P14	112	Sapotaceae	Pouteria	stipitata	poutst	\N	817	\N	0000	19	3.50000	17.00000	3.50000	17.00000	416630	515709	416620	1	\N	\N	278	5	258	1.30	2014-04-09	19822	\N	1	\N	alive
2422203	P14	112	Sapotaceae	Pouteria	stipitata	poutst	\N	817	\N	0000	19	3.50000	17.00000	3.50000	17.00000	416630	515709	416620	1	\N	\N	286	6	258	1.30	2015-06-24	20263	Q	1	\N	alive
3065	P14	112	Rubiaceae	Alseis	blackiana	alsebl	\N	33	\N	0000	19	2.30000	19.70000	2.30000	19.70000	416631	515710	416621	1	\N	main	123	1	110	1.30	1996-11-08	13461	\N	1	\N	alive
2401192	P14	112	Rubiaceae	Alseis	blackiana	alsebl	\N	33	\N	0000	19	2.30000	19.70000	2.30000	19.70000	416631	515710	416621	1	\N	main	204	2	155	1.30	2010-11-15	18581	\N	1	\N	alive
1778	P14	112	Rubiaceae	Alseis	blackiana	alsebl	\N	33	\N	0000	19	2.30000	19.70000	2.30000	19.70000	416631	515710	416621	1	\N		256	3	154	1.30	2012-05-01	19114	\N	1	\N	alive
1238	P14	112	Rubiaceae	Alseis	blackiana	alsebl	\N	33	\N	0000	19	2.30000	19.70000	2.30000	19.70000	416631	515710	416621	1	\N		268	4	154	1.30	2013-04-15	19463	\N	1	\N	alive
2413558	P14	112	Rubiaceae	Alseis	blackiana	alsebl	\N	33	\N	0000	19	2.30000	19.70000	2.30000	19.70000	416631	515710	416621	1	\N	\N	278	5	156	1.30	2014-04-09	19822	\N	1	\N	alive
2422204	P14	112	Rubiaceae	Alseis	blackiana	alsebl	\N	33	\N	0000	19	2.30000	19.70000	2.30000	19.70000	416631	515710	416621	1	\N	\N	286	6	163	1.30	2015-06-24	20263	\N	1	\N	alive
3203	P14	112	Arecaceae	Oenocarpus	mapora	oenoma	\N	1145	\N	0000	19	9.60000	19.70000	9.60000	19.70000	416632	515711	416622	1	\N	main	123	1	108	1.30	1996-11-08	13461	M	1	\N	alive
4169	P14	112	Arecaceae	Oenocarpus	mapora	oenoma	\N	1145	\N	0000	19	13.70000	17.70000	13.70000	17.70000	416633	515712	416623	1	\N	main	123	1	111	1.30	1996-11-08	13461	M	1	\N	alive
5548	P14	112	Burseraceae	Tetragastris	panamensis	tet2pa	\N	1007	\N	0000	19	15.20000	16.20000	15.20000	16.20000	416634	515713	416624	1	\N	main	123	1	359	1.30	1996-11-08	13461	\N	1	\N	alive
2401202	P14	112	Burseraceae	Tetragastris	panamensis	tet2pa	\N	1007	\N	0000	19	15.20000	16.20000	15.20000	16.20000	416634	515713	416624	1	\N	main	204	2	385	1.30	2010-11-15	18581	\N	1	\N	alive
3296	P14	112	Burseraceae	Tetragastris	panamensis	tet2pa	\N	1007	\N	0000	19	15.20000	16.20000	15.20000	16.20000	416634	515713	416624	1	\N		256	3	385	1.30	2012-05-01	19114	\N	1	\N	alive
2342	P14	112	Burseraceae	Tetragastris	panamensis	tet2pa	\N	1007	\N	0000	19	15.20000	16.20000	15.20000	16.20000	416634	515713	416624	1	\N		268	4	385	1.30	2013-04-15	19463	\N	1	\N	alive
2413578	P14	112	Burseraceae	Tetragastris	panamensis	tet2pa	\N	1007	\N	0000	19	15.20000	16.20000	15.20000	16.20000	416634	515713	416624	1	\N	\N	278	5	387	1.30	2014-04-09	19822	\N	1	\N	alive
2422216	P14	112	Burseraceae	Tetragastris	panamensis	tet2pa	\N	1007	\N	0000	19	15.20000	16.20000	15.20000	16.20000	416634	515713	416624	1	\N	\N	286	6	388	1.30	2015-06-24	20263	\N	1	\N	alive
5686	P14	112	Sapotaceae	Pouteria	stipitata	poutst	\N	817	\N	0000	19	12.00000	8.30000	12.00000	8.30000	416635	515714	416625	1	\N	main	123	1	308	3.70	1996-11-08	13461	B	1	\N	alive
5824	P14	112	Sapotaceae	Pouteria	stipitata	poutst	\N	817	\N	0000	19	12.00000	8.30000	12.00000	8.30000	416635	515714	416625	1	\N	main	123	1	344	1.30	1997-01-02	13516	\N	0	\N	alive
2410270	P14	112	Sapotaceae	Pouteria	stipitata	poutst	\N	817	\N	0000	19	12.00000	8.30000	12.00000	8.30000	416635	515714	416625	1	\N	main	204	2	370	3.70	2010-11-18	18584	B	1	\N	alive
3434	P14	112	Sapotaceae	Pouteria	stipitata	poutst	\N	817	\N	0000	19	12.00000	8.30000	12.00000	8.30000	416635	515714	416625	1	\N		256	3	370	3.70	2012-05-02	19115	B;cylN	1	\N	alive
2480	P14	112	Sapotaceae	Pouteria	stipitata	poutst	\N	817	\N	0000	19	12.00000	8.30000	12.00000	8.30000	416635	515714	416625	1	\N		268	4	372	3.70	2013-04-12	19460	B;cylN	1	\N	alive
2413577	P14	112	Sapotaceae	Pouteria	stipitata	poutst	\N	817	\N	0000	19	12.00000	8.30000	12.00000	8.30000	416635	515714	416625	1	\N	\N	278	5	373	3.70	2014-04-09	19822	B;Q;cylN	1	\N	alive
2422215	P14	112	Sapotaceae	Pouteria	stipitata	poutst	\N	817	\N	0000	19	12.00000	8.30000	12.00000	8.30000	416635	515714	416625	1	\N	\N	286	6	370	3.70	2015-06-24	20263	B;cylN	1	\N	alive
5962	P14	112	Arecaceae	Socratea	exorrhiza	socrex	\N	1163	\N	0000	19	15.20000	5.50000	15.20000	5.50000	416636	515715	416626	1	\N	main	123	1	135	2.00	1996-11-08	13461	B	1	\N	alive
2410271	P14	112	Arecaceae	Socratea	exorrhiza	socrex	\N	1163	\N	0000	19	15.20000	5.50000	15.20000	5.50000	416636	515715	416626	1	\N	main	204	2	137	3.00	2010-11-18	18584	B;cylY	1	\N	alive
3572	P14	112	Arecaceae	Socratea	exorrhiza	socrex	\N	1163	\N	0000	19	15.20000	5.50000	15.20000	5.50000	416636	515715	416626	1	\N		256	3	\N	0.00	2012-05-01	19114	D;C	1	\N	dead
2618	P14	112	Arecaceae	Socratea	exorrhiza	socrex	\N	1163	\N	0000	19	15.20000	5.50000	15.20000	5.50000	416636	515715	416626	1	\N		268	4	\N	0.00	2013-04-15	19463	D;N	1	\N	dead
6100	P14	112	Rubiaceae	Alseis	blackiana	alsebl	\N	33	\N	0001	82	10.10000	27.30000	10.10000	7.30000	416637	515716	416627	1	\N	main	123	1	310	1.30	1996-12-11	13494	\N	1	\N	alive
2401339	P14	112	Rubiaceae	Alseis	blackiana	alsebl	\N	33	\N	0001	82	10.10000	27.30000	10.10000	7.30000	416637	515716	416627	1	\N	main	204	2	262	1.30	2010-11-16	18582	\N	1	\N	alive
5090	P14	112	Rubiaceae	Alseis	blackiana	alsebl	\N	33	\N	0001	82	10.10000	27.30000	10.10000	7.30000	416637	515716	416627	1	\N		256	3	261	1.30	2012-05-01	19114	\N	1	\N	alive
4274	P14	112	Rubiaceae	Alseis	blackiana	alsebl	\N	33	\N	0001	82	10.10000	27.30000	10.10000	7.30000	416637	515716	416627	1	\N		268	4	265	1.30	2013-04-15	19463	\N	1	\N	alive
2413587	P14	112	Rubiaceae	Alseis	blackiana	alsebl	\N	33	\N	0001	82	10.10000	27.30000	10.10000	7.30000	416637	515716	416627	1	\N	\N	278	5	268	1.30	2014-04-09	19822	\N	1	\N	alive
2422225	P14	112	Rubiaceae	Alseis	blackiana	alsebl	\N	33	\N	0001	82	10.10000	27.30000	10.10000	7.30000	416637	515716	416627	1	\N	\N	286	6	272	1.30	2015-06-24	20263	\N	1	\N	alive
6238	P14	112	Polygonaceae	Coccoloba	manzinellensis	coccma	\N	237	\N	0001	82	9.50000	27.20000	9.50000	7.20000	416638	515717	416628	1	\N	main	123	1	116	1.30	1996-12-11	13494	\N	1	\N	alive
6376	P14	112	Lauraceae	Cinnamomum	triplinerve	phoeci	\N	208	\N	0001	82	7.60000	29.70000	7.60000	9.70000	416639	515718	416629	1	\N	main	123	1	328	1.30	1996-12-11	13494	Q	1	\N	alive
6514	P14	112	Rubiaceae	Alseis	blackiana	alsebl	\N	33	\N	0001	82	8.60000	35.60000	8.60000	15.60000	416640	515719	416630	1	\N	main	123	1	160	1.30	1996-12-11	13494	\N	1	\N	alive
2401342	P14	112	Rubiaceae	Alseis	blackiana	alsebl	\N	33	\N	0001	82	8.60000	35.60000	8.60000	15.60000	416640	515719	416630	1	\N	main	204	2	220	1.30	2010-11-16	18582	\N	1	\N	alive
5779	P14	112	Rubiaceae	Alseis	blackiana	alsebl	\N	33	\N	0001	82	8.60000	35.60000	8.60000	15.60000	416640	515719	416630	1	\N		256	3	221	1.30	2012-05-01	19114	\N	1	\N	alive
4550	P14	112	Rubiaceae	Alseis	blackiana	alsebl	\N	33	\N	0001	82	8.60000	35.60000	8.60000	15.60000	416640	515719	416630	1	\N		268	4	223	1.30	2013-04-15	19463	\N	1	\N	alive
2413584	P14	112	Rubiaceae	Alseis	blackiana	alsebl	\N	33	\N	0001	82	8.60000	35.60000	8.60000	15.60000	416640	515719	416630	1	\N	\N	278	5	226	1.30	2014-04-09	19822	\N	1	\N	alive
2422222	P14	112	Rubiaceae	Alseis	blackiana	alsebl	\N	33	\N	0001	82	8.60000	35.60000	8.60000	15.60000	416640	515719	416630	1	\N	\N	286	6	230	1.30	2015-06-24	20263	\N	1	\N	alive
6652	P14	112	Boraginaceae	Cordia	bicolor	cordbi	\N	263	\N	0001	82	9.20000	36.90000	9.20000	16.90000	416641	515720	416631	1	\N	main	123	1	239	1.30	1996-12-11	13494	\N	1	\N	alive
2401343	P14	112	Boraginaceae	Cordia	bicolor	cordbi	\N	263	\N	0001	82	9.20000	36.90000	9.20000	16.90000	416641	515720	416631	1	\N	main	204	2	\N	\N	2010-11-16	18582	D;S	1	\N	dead
5917	P14	112	Boraginaceae	Cordia	bicolor	cordbi	\N	263	\N	0001	82	9.20000	36.90000	9.20000	16.90000	416641	515720	416631	1	\N		256	3	\N	0.00	2012-05-01	19114	D;N	1	\N	dead
6790	P14	112	Melastomataceae	Miconia	argentea	micoar	\N	630	\N	0001	82	12.50000	34.60000	12.50000	14.60000	416642	515721	416632	1	\N	main	123	1	199	1.30	1996-12-11	13494	\N	1	\N	alive
2401344	P14	112	Melastomataceae	Miconia	argentea	micoar	\N	630	\N	0001	82	12.50000	34.60000	12.50000	14.60000	416642	515721	416632	1	\N	main	204	2	\N	\N	2010-11-16	18582	D;C	1	\N	dead
6055	P14	112	Melastomataceae	Miconia	argentea	micoar	\N	630	\N	0001	82	12.50000	34.60000	12.50000	14.60000	416642	515721	416632	1	\N		256	3	\N	0.00	2012-05-01	19114	D;N	1	\N	dead
6928	P14	112	Rubiaceae	Alseis	blackiana	alsebl	\N	33	\N	0001	82	1.20000	34.60000	1.20000	14.60000	416643	515722	416633	1	\N	main	123	1	183	1.00	1996-12-11	13494	\N	1	\N	alive
2401345	P14	112	Rubiaceae	Alseis	blackiana	alsebl	\N	33	\N	0001	82	1.20000	34.60000	1.20000	14.60000	416643	515722	416633	1	\N	main	204	2	205	1.00	2010-11-16	18582	\N	1	\N	alive
6193	P14	112	Rubiaceae	Alseis	blackiana	alsebl	\N	33	\N	0001	82	1.20000	34.60000	1.20000	14.60000	416643	515722	416633	1	\N		256	3	205	1.00	2012-05-01	19114	\N	1	\N	alive
4688	P14	112	Rubiaceae	Alseis	blackiana	alsebl	\N	33	\N	0001	82	1.20000	34.60000	1.20000	14.60000	416643	515722	416633	1	\N		268	4	209	1.00	2013-04-15	19463	\N	1	\N	alive
2413582	P14	112	Rubiaceae	Alseis	blackiana	alsebl	\N	33	\N	0001	82	1.20000	34.60000	1.20000	14.60000	416643	515722	416633	1	\N	\N	278	5	210	1.00	2014-04-09	19822	\N	1	\N	alive
2422220	P14	112	Rubiaceae	Alseis	blackiana	alsebl	\N	33	\N	0001	82	1.20000	34.60000	1.20000	14.60000	416643	515722	416633	1	\N	\N	286	6	211	1.30	2015-06-24	20263	\N	1	\N	alive
7066	P14	112	Apocynaceae	Lacmellea	panamensis	lacmpa	\N	549	\N	0001	82	0.40000	27.50000	0.40000	7.50000	416644	515723	416634	1	\N	main	123	1	141	1.30	1996-12-11	13494	Q	1	\N	alive
2401346	P14	112	Apocynaceae	Lacmellea	panamensis	lacmpa	\N	549	\N	0001	82	0.40000	27.50000	0.40000	7.50000	416644	515723	416634	1	\N	main	204	2	235	1.30	2010-11-16	18582	\N	1	\N	alive
6331	P14	112	Apocynaceae	Lacmellea	panamensis	lacmpa	\N	549	\N	0001	82	0.40000	27.50000	0.40000	7.50000	416644	515723	416634	1	\N		256	3	251	1.30	2012-05-01	19114	\N	1	\N	alive
4826	P14	112	Apocynaceae	Lacmellea	panamensis	lacmpa	\N	549	\N	0001	82	0.40000	27.50000	0.40000	7.50000	416644	515723	416634	1	\N		268	4	253	1.30	2013-04-15	19463	\N	1	\N	alive
2413580	P14	112	Apocynaceae	Lacmellea	panamensis	lacmpa	\N	549	\N	0001	82	0.40000	27.50000	0.40000	7.50000	416644	515723	416634	1	\N	\N	278	5	255	1.30	2014-04-09	19822	\N	1	\N	alive
2422218	P14	112	Apocynaceae	Lacmellea	panamensis	lacmpa	\N	549	\N	0001	82	0.40000	27.50000	0.40000	7.50000	416644	515723	416634	1	\N	\N	286	6	266	1.30	2015-06-24	20263	\N	1	\N	alive
7204	P14	112	Bignoniaceae	Jacaranda	copaia	jac1co	\N	540	\N	0001	82	17.40000	38.60000	17.40000	18.60000	416645	515724	416635	1	\N	main	123	1	411	1.30	1996-12-11	13494	\N	1	\N	alive
2401347	P14	112	Bignoniaceae	Jacaranda	copaia	jac1co	\N	540	\N	0001	82	17.40000	38.60000	17.40000	18.60000	416645	515724	416635	1	\N	main	204	2	460	1.30	2010-11-16	18582	\N	1	\N	alive
6469	P14	112	Bignoniaceae	Jacaranda	copaia	jac1co	\N	540	\N	0001	82	17.40000	38.60000	17.40000	18.60000	416645	515724	416635	1	\N		256	3	463	1.30	2012-05-01	19114	\N	1	\N	alive
4964	P14	112	Bignoniaceae	Jacaranda	copaia	jac1co	\N	540	\N	0001	82	17.40000	38.60000	17.40000	18.60000	416645	515724	416635	1	\N		268	4	467	1.30	2013-04-15	19463	\N	1	\N	alive
2413593	P14	112	Bignoniaceae	Jacaranda	copaia	jac1co	\N	540	\N	0001	82	17.40000	38.60000	17.40000	18.60000	416645	515724	416635	1	\N	\N	278	5	472	1.30	2014-04-09	19822	\N	1	\N	alive
2422230	P14	112	Bignoniaceae	Jacaranda	copaia	jac1co	\N	540	\N	0001	82	17.40000	38.60000	17.40000	18.60000	416645	515724	416635	1	\N	\N	286	6	486	1.30	2015-06-24	20263	\N	1	\N	alive
7342	P14	112	Malvaceae	Apeiba	tibourbou	apeiti	\N	61	\N	0001	82	19.00000	38.90000	19.00000	18.90000	416646	515725	416636	1	\N	main	123	1	301	1.30	1996-12-11	13494	\N	1	\N	alive
2410272	P14	112	Malvaceae	Apeiba	tibourbou	apeiti	\N	61	\N	0001	82	19.00000	38.90000	19.00000	18.90000	416646	515725	416636	1	\N	main	204	2	383	1.30	2010-11-18	18584	B	0	\N	alive
2410273	P14	112	Malvaceae	Apeiba	tibourbou	apeiti	\N	61	\N	0001	82	19.00000	38.90000	19.00000	18.90000	416646	515725	416636	1	\N	main	204	2	316	3.00	2010-11-18	18584	B	1	\N	alive
6607	P14	112	Malvaceae	Apeiba	tibourbou	apeiti	\N	61	\N	0001	82	19.00000	38.90000	19.00000	18.90000	416646	515725	416636	1	\N		256	3	318	3.00	2012-05-02	19115	B;cylY	1	\N	alive
5102	P14	112	Malvaceae	Apeiba	tibourbou	apeiti	\N	61	\N	0001	82	19.00000	38.90000	19.00000	18.90000	416646	515725	416636	1	\N		268	4	\N	3.00	2013-04-12	19460	D;C	1	\N	dead
2413594	P14	112	Malvaceae	Apeiba	tibourbou	apeiti	\N	61	\N	0001	82	19.00000	38.90000	19.00000	18.90000	416646	515725	416636	1	\N	\N	278	5	\N	\N	2014-04-09	19822	C;D	1	\N	dead
7480	P14	112	Moraceae	Maquira	guianensis	maquco	\N	1137	\N	0001	82	17.90000	34.80000	17.90000	14.80000	416647	515726	416637	1	\N	main	123	1	141	1.30	1996-12-11	13494	\N	1	\N	alive
2401348	P14	112	Moraceae	Maquira	guianensis	maquco	\N	1137	\N	0001	82	17.90000	34.80000	17.90000	14.80000	416647	515726	416637	1	\N	main	204	2	141	1.30	2010-11-16	18582	\N	1	\N	alive
6745	P14	112	Moraceae	Maquira	guianensis	maquco	\N	1137	\N	0001	82	17.90000	34.80000	17.90000	14.80000	416647	515726	416637	1	\N		256	3	140	1.30	2012-05-01	19114	\N	1	\N	alive
5240	P14	112	Moraceae	Maquira	guianensis	maquco	\N	1137	\N	0001	82	17.90000	34.80000	17.90000	14.80000	416647	515726	416637	1	\N		268	4	142	1.30	2013-04-15	19463	\N	1	\N	alive
2413592	P14	112	Moraceae	Maquira	guianensis	maquco	\N	1137	\N	0001	82	17.90000	34.80000	17.90000	14.80000	416647	515726	416637	1	\N	\N	278	5	141	1.30	2014-04-09	19822	\N	1	\N	alive
2422229	P14	112	Moraceae	Maquira	guianensis	maquco	\N	1137	\N	0001	82	17.90000	34.80000	17.90000	14.80000	416647	515726	416637	1	\N	\N	286	6	142	1.30	2015-06-24	20263	\N	1	\N	alive
7618	P14	112	Vochysiaceae	Vochysia	ferruginea	vochfe	\N	1082	\N	0001	82	15.30000	29.50000	15.30000	9.50000	416648	515727	416638	1	\N	main	123	1	364	1.30	1996-12-11	13494	\N	1	\N	alive
2401349	P14	112	Vochysiaceae	Vochysia	ferruginea	vochfe	\N	1082	\N	0001	82	15.30000	29.50000	15.30000	9.50000	416648	515727	416638	1	\N	main	204	2	\N	\N	2010-11-16	18582	D;N	1	\N	dead
6883	P14	112	Vochysiaceae	Vochysia	ferruginea	vochfe	\N	1082	\N	0001	82	15.30000	29.50000	15.30000	9.50000	416648	515727	416638	1	\N		256	3	\N	0.00	2012-05-01	19114	D;N	1	\N	dead
7756	P14	112	Burseraceae	Tetragastris	panamensis	tet2pa	\N	1007	\N	0001	82	14.80000	25.60000	14.80000	5.60000	416649	515728	416639	1	\N	main	123	1	287	1.30	1996-12-11	13494	\N	1	\N	alive
2401350	P14	112	Burseraceae	Tetragastris	panamensis	tet2pa	\N	1007	\N	0001	82	14.80000	25.60000	14.80000	5.60000	416649	515728	416639	1	\N	main	204	2	318	1.30	2010-11-16	18582	\N	1	\N	alive
7021	P14	112	Burseraceae	Tetragastris	panamensis	tet2pa	\N	1007	\N	0001	82	14.80000	25.60000	14.80000	5.60000	416649	515728	416639	1	\N		256	3	319	1.30	2012-05-01	19114	\N	1	\N	alive
5377	P14	112	Burseraceae	Tetragastris	panamensis	tet2pa	\N	1007	\N	0001	82	14.80000	25.60000	14.80000	5.60000	416649	515728	416639	1	\N		268	4	321	1.30	2013-04-15	19463	\N	1	\N	alive
2413588	P14	112	Burseraceae	Tetragastris	panamensis	tet2pa	\N	1007	\N	0001	82	14.80000	25.60000	14.80000	5.60000	416649	515728	416639	1	\N	\N	278	5	320	1.30	2014-04-09	19822	\N	1	\N	alive
2422226	P14	112	Burseraceae	Tetragastris	panamensis	tet2pa	\N	1007	\N	0001	82	14.80000	25.60000	14.80000	5.60000	416649	515728	416639	1	\N	\N	286	6	322	1.30	2015-06-24	20263	\N	1	\N	alive
7894	P14	112	Arecaceae	Astrocaryum	standleyanum	ast1st	\N	83	\N	0001	82	14.10000	23.80000	14.10000	3.80000	416650	515729	416640	1	\N	main	123	1	110	1.30	1996-12-11	13494	\N	1	\N	alive
2401351	P14	112	Arecaceae	Astrocaryum	standleyanum	ast1st	\N	83	\N	0001	82	14.10000	23.80000	14.10000	3.80000	416650	515729	416640	1	\N	main	204	2	110	1.30	2010-11-16	18582	\N	1	\N	alive
7159	P14	112	Arecaceae	Astrocaryum	standleyanum	ast1st	\N	83	\N	0001	82	14.10000	23.80000	14.10000	3.80000	416650	515729	416640	1	\N		256	3	111	1.30	2012-05-01	19114	\N	1	\N	alive
5515	P14	112	Arecaceae	Astrocaryum	standleyanum	ast1st	\N	83	\N	0001	82	14.10000	23.80000	14.10000	3.80000	416650	515729	416640	1	\N		268	4	111	1.30	2013-04-15	19463	\N	1	\N	alive
2413586	P14	112	Arecaceae	Astrocaryum	standleyanum	ast1st	\N	83	\N	0001	82	14.10000	23.80000	14.10000	3.80000	416650	515729	416640	1	\N	\N	278	5	112	1.30	2014-04-09	19822	\N	1	\N	alive
2422224	P14	112	Arecaceae	Astrocaryum	standleyanum	ast1st	\N	83	\N	0001	82	14.10000	23.80000	14.10000	3.80000	416650	515729	416640	1	\N	\N	286	6	112	1.30	2015-06-24	20263	\N	1	\N	alive
8032	P14	112	Fabaceae-papilionoideae	Dipteryx	oleifera	diptpa	\N	1123	\N	0001	82	13.60000	22.00000	13.60000	2.00000	416651	515730	416641	1	\N	main	123	1	121	1.30	1996-12-11	13494	\N	1	\N	alive
2401352	P14	112	Fabaceae-papilionoideae	Dipteryx	oleifera	diptpa	\N	1123	\N	0001	82	13.60000	22.00000	13.60000	2.00000	416651	515730	416641	1	\N	main	204	2	\N	\N	2010-11-16	18582	D;C	1	\N	dead
7297	P14	112	Fabaceae-papilionoideae	Dipteryx	oleifera	diptpa	\N	1123	\N	0001	82	13.60000	22.00000	13.60000	2.00000	416651	515730	416641	1	\N		256	3	\N	0.00	2012-05-01	19114	D;N	1	\N	dead
8170	P14	112	Achariaceae	Lindackeria	laurina	lindla	\N	576	\N	0002	145	5.10000	40.70000	5.10000	0.70000	416652	515731	416642	1	\N	main	123	1	135	1.30	1996-12-11	13494	\N	1	\N	alive
2401473	P14	112	Achariaceae	Lindackeria	laurina	lindla	\N	576	\N	0002	145	5.10000	40.70000	5.10000	0.70000	416652	515731	416642	1	\N	main	204	2	160	1.30	2010-11-15	18581	\N	1	\N	alive
8401	P14	112	Achariaceae	Lindackeria	laurina	lindla	\N	576	\N	0002	145	5.10000	40.70000	5.10000	0.70000	416652	515731	416642	1	\N		256	3	162	1.30	2012-05-01	19114	\N	1	\N	alive
6619	P14	112	Achariaceae	Lindackeria	laurina	lindla	\N	576	\N	0002	145	5.10000	40.70000	5.10000	0.70000	416652	515731	416642	1	\N		268	4	165	1.30	2013-04-15	19463	\N	1	\N	alive
2413600	P14	112	Achariaceae	Lindackeria	laurina	lindla	\N	576	\N	0002	145	5.10000	40.70000	5.10000	0.70000	416652	515731	416642	1	\N	\N	278	5	165	1.30	2014-04-09	19822	\N	1	\N	alive
2422236	P14	112	Achariaceae	Lindackeria	laurina	lindla	\N	576	\N	0002	145	5.10000	40.70000	5.10000	0.70000	416652	515731	416642	1	\N	\N	286	6	166	1.30	2015-06-24	20263	\N	1	\N	alive
8308	P14	112	Rubiaceae	Coussarea	curvigemmia	cou2cu	\N	280	\N	0002	145	1.60000	45.50000	1.60000	5.50000	416653	515732	416643	1	\N	main	123	1	118	1.30	1996-12-11	13494	\N	1	\N	alive
2401474	P14	112	Rubiaceae	Coussarea	curvigemmia	cou2cu	\N	280	\N	0002	145	1.60000	45.50000	1.60000	5.50000	416653	515732	416643	1	\N	main	204	2	\N	\N	2010-11-15	18581	D;S	1	\N	dead
8539	P14	112	Rubiaceae	Coussarea	curvigemmia	cou2cu	\N	280	\N	0002	145	1.60000	45.50000	1.60000	5.50000	416653	515732	416643	1	\N		256	3	\N	0.00	2012-05-01	19114	D;S	1	\N	dead
8446	P14	112	Burseraceae	Tetragastris	panamensis	tet2pa	\N	1007	\N	0002	145	0.20000	51.70000	0.20000	11.70000	416654	515733	416644	1	\N	main	123	1	352	1.30	1996-12-11	13494	\N	1	\N	alive
2401475	P14	112	Burseraceae	Tetragastris	panamensis	tet2pa	\N	1007	\N	0002	145	0.20000	51.70000	0.20000	11.70000	416654	515733	416644	1	\N	main	204	2	\N	\N	2010-11-15	18581	D;N	1	\N	dead
8677	P14	112	Burseraceae	Tetragastris	panamensis	tet2pa	\N	1007	\N	0002	145	0.20000	51.70000	0.20000	11.70000	416654	515733	416644	1	\N		256	3	\N	0.00	2012-05-01	19114	D;N	1	\N	dead
8584	P14	112	Fabaceae-mimosoideae	Inga	cocleensis	ingaco	\N	529	\N	0002	145	0.10000	55.70000	0.10000	15.70000	416655	515734	416645	1	\N	main	123	1	238	1.30	1996-12-11	13494	\N	1	\N	alive
2401476	P14	112	Fabaceae-mimosoideae	Inga	cocleensis	ingaco	\N	529	\N	0002	145	0.10000	55.70000	0.10000	15.70000	416655	515734	416645	1	\N	main	204	2	\N	\N	2010-11-15	18581	D;N	1	\N	dead
8815	P14	112	Fabaceae-mimosoideae	Inga	cocleensis	ingaco	\N	529	\N	0002	145	0.10000	55.70000	0.10000	15.70000	416655	515734	416645	1	\N		256	3	\N	0.00	2012-05-01	19114	D;N	1	\N	dead
8722	P14	112	Rutaceae	Zanthoxylum	ekmanii	zantbe	\N	1172	\N	0002	145	3.80000	58.80000	3.80000	18.80000	416656	515735	416646	1	\N	main	123	1	482	1.30	1996-12-11	13494	\N	1	\N	alive
2401477	P14	112	Rutaceae	Zanthoxylum	ekmanii	zantbe	\N	1172	\N	0002	145	3.80000	58.80000	3.80000	18.80000	416656	515735	416646	1	\N	main	204	2	\N	\N	2010-11-15	18581	D;S	1	\N	dead
8953	P14	112	Rutaceae	Zanthoxylum	ekmanii	zantbe	\N	1172	\N	0002	145	3.80000	58.80000	3.80000	18.80000	416656	515735	416646	1	\N		256	3	\N	0.00	2012-05-01	19114	D;S	1	\N	dead
8860	P14	112	Fabaceae-mimosoideae	Inga	cocleensis	ingaco	\N	529	\N	0002	145	10.10000	57.00000	10.10000	17.00000	416657	515736	416647	1	\N	main	123	1	175	1.30	1996-12-11	13494	\N	1	\N	alive
2401478	P14	112	Fabaceae-mimosoideae	Inga	cocleensis	ingaco	\N	529	\N	0002	145	10.10000	57.00000	10.10000	17.00000	416657	515736	416647	1	\N	main	204	2	\N	\N	2010-11-15	18581	D;N	1	\N	dead
9091	P14	112	Fabaceae-mimosoideae	Inga	cocleensis	ingaco	\N	529	\N	0002	145	10.10000	57.00000	10.10000	17.00000	416657	515736	416647	1	\N		256	3	\N	0.00	2012-05-01	19114	D;N	1	\N	dead
8998	P14	112	Boraginaceae	Cordia	bicolor	cordbi	\N	263	\N	0002	145	13.20000	59.20000	13.20000	19.20000	416658	515737	416648	1	\N	main	123	1	299	1.30	1996-12-11	13494	\N	1	\N	alive
2401479	P14	112	Boraginaceae	Cordia	bicolor	cordbi	\N	263	\N	0002	145	13.20000	59.20000	13.20000	19.20000	416658	515737	416648	1	\N	main	204	2	362	1.30	2010-11-15	18581	\N	1	\N	alive
9229	P14	112	Boraginaceae	Cordia	bicolor	cordbi	\N	263	\N	0002	145	13.20000	59.20000	13.20000	19.20000	416658	515737	416648	1	\N		256	3	361	1.30	2012-05-01	19114	\N	1	\N	alive
6757	P14	112	Boraginaceae	Cordia	bicolor	cordbi	\N	263	\N	0002	145	13.20000	59.20000	13.20000	19.20000	416658	515737	416648	1	\N		268	4	364	1.30	2013-04-15	19463	\N	1	\N	alive
2413619	P14	112	Boraginaceae	Cordia	bicolor	cordbi	\N	263	\N	0002	145	13.20000	59.20000	13.20000	19.20000	416658	515737	416648	1	\N	\N	278	5	364	1.30	2014-04-09	19822	\N	1	\N	alive
2422248	P14	112	Boraginaceae	Cordia	bicolor	cordbi	\N	263	\N	0002	145	13.20000	59.20000	13.20000	19.20000	416658	515737	416648	1	\N	\N	286	6	367	1.30	2015-06-24	20263	\N	1	\N	alive
9136	P14	112	Arecaceae	Socratea	exorrhiza	socrex	\N	1163	\N	0002	145	15.00000	59.30000	15.00000	19.30000	416659	515738	416649	1	\N	main	123	1	139	1.70	1996-12-11	13494	\N	1	\N	alive
2401480	P14	112	Arecaceae	Socratea	exorrhiza	socrex	\N	1163	\N	0002	145	15.00000	59.30000	15.00000	19.30000	416659	515738	416649	1	\N	main	204	2	\N	\N	2010-11-15	18581	D;C	1	\N	dead
9367	P14	112	Arecaceae	Socratea	exorrhiza	socrex	\N	1163	\N	0002	145	15.00000	59.30000	15.00000	19.30000	416659	515738	416649	1	\N		256	3	\N	0.00	2012-05-01	19114	D;C	1	\N	dead
9274	P14	112	Erythropalaceae	Heisteria	concinna	heisco	\N	469	\N	0002	145	19.30000	59.30000	19.30000	19.30000	416660	515739	416650	1	\N	main	123	1	156	1.30	1996-12-11	13494	\N	1	\N	alive
2401481	P14	112	Erythropalaceae	Heisteria	concinna	heisco	\N	469	\N	0002	145	19.30000	59.30000	19.30000	19.30000	416660	515739	416650	1	\N	main	204	2	200	1.30	2010-11-15	18581	\N	1	\N	alive
9505	P14	112	Erythropalaceae	Heisteria	concinna	heisco	\N	469	\N	0002	145	19.30000	59.30000	19.30000	19.30000	416660	515739	416650	1	\N		256	3	203	1.30	2012-05-01	19114	\N	1	\N	alive
6895	P14	112	Erythropalaceae	Heisteria	concinna	heisco	\N	469	\N	0002	145	19.30000	59.30000	19.30000	19.30000	416660	515739	416650	1	\N		268	4	203	1.30	2013-04-15	19463	\N	1	\N	alive
2413639	P14	112	Erythropalaceae	Heisteria	concinna	heisco	\N	469	\N	0002	145	19.30000	59.30000	19.30000	19.30000	416660	515739	416650	1	\N	\N	278	5	204	1.30	2014-04-09	19822	\N	1	\N	alive
2422252	P14	112	Erythropalaceae	Heisteria	concinna	heisco	\N	469	\N	0002	145	19.30000	59.30000	19.30000	19.30000	416660	515739	416650	1	\N	\N	286	6	207	1.30	2015-06-24	20263	\N	1	\N	alive
9412	P14	112	Burseraceae	Trattinnickia	aspera	tratas	\N	1022	\N	0002	145	18.30000	55.20000	18.30000	15.20000	416661	515740	416651	1	\N	main	123	1	180	1.30	1996-12-11	13494	\N	1	\N	alive
2401482	P14	112	Burseraceae	Trattinnickia	aspera	tratas	\N	1022	\N	0002	145	18.30000	55.20000	18.30000	15.20000	416661	515740	416651	1	\N	main	204	2	180	1.30	2010-11-15	18581	Q	1	\N	alive
9643	P14	112	Burseraceae	Trattinnickia	aspera	tratas	\N	1022	\N	0002	145	18.30000	55.20000	18.30000	15.20000	416661	515740	416651	1	\N		256	3	179	1.30	2012-05-01	19114	\N	1	\N	alive
7033	P14	112	Burseraceae	Trattinnickia	aspera	tratas	\N	1022	\N	0002	145	18.30000	55.20000	18.30000	15.20000	416661	515740	416651	1	\N		268	4	179	1.30	2013-04-15	19463	\N	1	\N	alive
2413640	P14	112	Burseraceae	Trattinnickia	aspera	tratas	\N	1022	\N	0002	145	18.30000	55.20000	18.30000	15.20000	416661	515740	416651	1	\N	\N	278	5	\N	\N	2014-04-09	19822	S;D	1	\N	dead
2422253	P14	112	Burseraceae	Trattinnickia	aspera	tratas	\N	1022	\N	0002	145	18.30000	55.20000	18.30000	15.20000	416661	515740	416651	1	\N	\N	286	6	\N	1.30	2015-06-24	20263	D	1	\N	dead
9550	P14	112	Arecaceae	Oenocarpus	mapora	oenoma	\N	1145	\N	0002	145	11.50000	53.90000	11.50000	13.90000	416662	515741	416652	1	\N	main	123	1	103	1.30	1996-12-11	13494	M	1	\N	alive
10516	P14	112	Ebenaceae	Diospyros	artanthifolia	dio2ar	\N	320	\N	0002	145	9.80000	49.30000	9.80000	9.30000	416663	515742	416653	1	\N	main	123	1	123	1.30	1996-12-11	13494	\N	1	\N	alive
2401488	P14	112	Ebenaceae	Diospyros	artanthifolia	dio2ar	\N	320	\N	0002	145	9.80000	49.30000	9.80000	9.30000	416663	515742	416653	1	\N	main	204	2	164	1.30	2010-11-15	18581	\N	1	\N	alive
11023	P14	112	Ebenaceae	Diospyros	artanthifolia	dio2ar	\N	320	\N	0002	145	9.80000	49.30000	9.80000	9.30000	416663	515742	416653	1	\N		256	3	164	1.30	2012-05-01	19114	\N	1	\N	alive
8413	P14	112	Ebenaceae	Diospyros	artanthifolia	dio2ar	\N	320	\N	0002	145	9.80000	49.30000	9.80000	9.30000	416663	515742	416653	1	\N		268	4	164	1.30	2013-04-15	19463	\N	1	\N	alive
2413602	P14	112	Ebenaceae	Diospyros	artanthifolia	dio2ar	\N	320	\N	0002	145	9.80000	49.30000	9.80000	9.30000	416663	515742	416653	1	\N	\N	278	5	165	1.30	2014-04-09	19822	\N	1	\N	alive
2422238	P14	112	Ebenaceae	Diospyros	artanthifolia	dio2ar	\N	320	\N	0002	145	9.80000	49.30000	9.80000	9.30000	416663	515742	416653	1	\N	\N	286	6	167	1.30	2015-06-24	20263	\N	1	\N	alive
10654	P14	112	Burseraceae	Tetragastris	panamensis	tet2pa	\N	1007	\N	0002	145	15.20000	48.70000	15.20000	8.70000	416664	515743	416654	1	\N	main	123	1	118	1.30	1996-12-11	13494	\N	1	\N	alive
2401489	P14	112	Burseraceae	Tetragastris	panamensis	tet2pa	\N	1007	\N	0002	145	15.20000	48.70000	15.20000	8.70000	416664	515743	416654	1	\N	main	204	2	157	1.30	2010-11-15	18581	\N	1	\N	alive
11161	P14	112	Burseraceae	Tetragastris	panamensis	tet2pa	\N	1007	\N	0002	145	15.20000	48.70000	15.20000	8.70000	416664	515743	416654	1	\N		256	3	165	1.30	2012-05-01	19114	\N	1	\N	alive
8551	P14	112	Burseraceae	Tetragastris	panamensis	tet2pa	\N	1007	\N	0002	145	15.20000	48.70000	15.20000	8.70000	416664	515743	416654	1	\N		268	4	173	1.30	2013-04-15	19463	\N	1	\N	alive
2413621	P14	112	Burseraceae	Tetragastris	panamensis	tet2pa	\N	1007	\N	0002	145	15.20000	48.70000	15.20000	8.70000	416664	515743	416654	1	\N	\N	278	5	179	1.30	2014-04-09	19822	\N	1	\N	alive
2422250	P14	112	Burseraceae	Tetragastris	panamensis	tet2pa	\N	1007	\N	0002	145	15.20000	48.70000	15.20000	8.70000	416664	515743	416654	1	\N	\N	286	6	190	1.30	2015-06-24	20263	\N	1	\N	alive
10792	P14	112	Arecaceae	Oenocarpus	mapora	oenoma	\N	1145	\N	0002	145	17.50000	48.20000	17.50000	8.20000	416665	515744	416655	1	\N	main	123	1	111	1.30	1996-12-11	13494	M	1	\N	alive
12448	P14	112	Moraceae	Maquira	guianensis	maquco	\N	1137	\N	0002	145	17.50000	45.90000	17.50000	5.90000	416666	515745	416656	1	\N	main	123	1	192	1.30	1996-12-11	13494	\N	1	\N	alive
2401500	P14	112	Moraceae	Maquira	guianensis	maquco	\N	1137	\N	0002	145	17.50000	45.90000	17.50000	5.90000	416666	515745	416656	1	\N	main	204	2	193	1.30	2010-11-15	18581	Q	1	\N	alive
13645	P14	112	Moraceae	Maquira	guianensis	maquco	\N	1137	\N	0002	145	17.50000	45.90000	17.50000	5.90000	416666	515745	416656	1	\N		256	3	\N	0.00	2012-05-01	19114	D;S	1	\N	dead
10207	P14	112	Moraceae	Maquira	guianensis	maquco	\N	1137	\N	0002	145	17.50000	45.90000	17.50000	5.90000	416666	515745	416656	1	\N		268	4	\N	0.00	2013-04-15	19463	D	1	\N	dead
12586	P14	112	Myristicaceae	Virola	sebifera	virose	\N	1072	\N	0002	145	16.70000	40.10000	16.70000	0.10000	416667	515746	416657	1	\N	main	123	1	137	1.30	1996-12-11	13494	Q	1	\N	alive
2401501	P14	112	Myristicaceae	Virola	sebifera	virose	\N	1072	\N	0002	145	16.70000	40.10000	16.70000	0.10000	416667	515746	416657	1	\N	main	204	2	\N	\N	2010-11-15	18581	D;N	1	\N	dead
13783	P14	112	Myristicaceae	Virola	sebifera	virose	\N	1072	\N	0002	145	16.70000	40.10000	16.70000	0.10000	416667	515746	416657	1	\N		256	3	\N	0.00	2012-05-01	19114	D;N	1	\N	dead
12724	P14	112	Burseraceae	Protium	tenuifolium	protte		828	15	0003	208	4.00000	68.20000	4.00000	8.20000	416668	515747	416658	1	\N	main	123	1	358	1.30	1996-12-11	13494	\N	1	\N	alive
2401601	P14	112	Burseraceae	Protium	tenuifolium	protte		828	15	0003	208	4.00000	68.20000	4.00000	8.20000	416668	515747	416658	1	\N	main	204	2	398	1.30	2010-11-16	18582	\N	1	\N	alive
15853	P14	112	Burseraceae	Protium	tenuifolium	protte		828	15	0003	208	4.00000	68.20000	4.00000	8.20000	416668	515747	416658	1	\N		256	3	408	1.30	2012-05-01	19114	\N	1	\N	alive
12691	P14	112	Burseraceae	Protium	tenuifolium	protte		828	15	0003	208	4.00000	68.20000	4.00000	8.20000	416668	515747	416658	1	\N		268	4	412	1.30	2013-04-15	19463	\N	1	\N	alive
2413642	P14	112	Burseraceae	Protium	tenuifolium	protte		828	15	0003	208	4.00000	68.20000	4.00000	8.20000	416668	515747	416658	1	\N	\N	278	5	411	1.30	2014-04-09	19822	\N	1	\N	alive
2422255	P14	112	Burseraceae	Protium	tenuifolium	protte		828	15	0003	208	4.00000	68.20000	4.00000	8.20000	416668	515747	416658	1	\N	\N	286	6	416	1.30	2015-06-24	20263	\N	1	\N	alive
12862	P14	112	Arecaceae	Oenocarpus	mapora	oenoma	\N	1145	\N	0003	208	3.80000	72.70000	3.80000	12.70000	416669	515748	416659	1	\N	main	123	1	107	1.30	1996-12-11	13494	M	1	\N	alive
13828	P14	112	Rubiaceae	Alseis	blackiana	alsebl	\N	33	\N	0003	208	5.50000	73.40000	5.50000	13.40000	416670	515749	416660	1	\N	main	123	1	372	1.30	1996-12-11	13494	\N	1	\N	alive
2401603	P14	112	Rubiaceae	Alseis	blackiana	alsebl	\N	33	\N	0003	208	5.50000	73.40000	5.50000	13.40000	416670	515749	416660	1	\N	main	204	2	394	1.30	2010-11-16	18582	\N	1	\N	alive
16129	P14	112	Rubiaceae	Alseis	blackiana	alsebl	\N	33	\N	0003	208	5.50000	73.40000	5.50000	13.40000	416670	515749	416660	1	\N		256	3	396	1.30	2012-05-01	19114	\N	1	\N	alive
12967	P14	112	Rubiaceae	Alseis	blackiana	alsebl	\N	33	\N	0003	208	5.50000	73.40000	5.50000	13.40000	416670	515749	416660	1	\N		268	4	397	1.30	2013-04-15	19463	\N	1	\N	alive
2413644	P14	112	Rubiaceae	Alseis	blackiana	alsebl	\N	33	\N	0003	208	5.50000	73.40000	5.50000	13.40000	416670	515749	416660	1	\N	\N	278	5	397	1.30	2014-04-09	19822	\N	1	\N	alive
2422256	P14	112	Rubiaceae	Alseis	blackiana	alsebl	\N	33	\N	0003	208	5.50000	73.40000	5.50000	13.40000	416670	515749	416660	1	\N	\N	286	6	398	1.30	2015-06-24	20263	\N	1	\N	alive
13966	P14	112	Arecaceae	Socratea	exorrhiza	socrex	\N	1163	\N	0003	208	5.30000	74.60000	5.30000	14.60000	416671	515750	416661	1	\N	main	123	1	103	2.00	1996-12-11	13494	\N	1	\N	alive
2410274	P14	112	Arecaceae	Socratea	exorrhiza	socrex	\N	1163	\N	0003	208	5.30000	74.60000	5.30000	14.60000	416671	515750	416661	1	\N	main	204	2	104	3.00	2010-11-18	18584	B;cylY	1	\N	alive
16267	P14	112	Arecaceae	Socratea	exorrhiza	socrex	\N	1163	\N	0003	208	5.30000	74.60000	5.30000	14.60000	416671	515750	416661	1	\N		256	3	104	3.00	2012-05-02	19115	B;cylY	1	\N	alive
13105	P14	112	Arecaceae	Socratea	exorrhiza	socrex	\N	1163	\N	0003	208	5.30000	74.60000	5.30000	14.60000	416671	515750	416661	1	\N		268	4	104	3.00	2013-04-12	19460	B;cylY	1	\N	alive
2413645	P14	112	Arecaceae	Socratea	exorrhiza	socrex	\N	1163	\N	0003	208	5.30000	74.60000	5.30000	14.60000	416671	515750	416661	1	\N	\N	278	5	104	3.00	2014-04-09	19822	B;cylY	1	\N	alive
2422257	P14	112	Arecaceae	Socratea	exorrhiza	socrex	\N	1163	\N	0003	208	5.30000	74.60000	5.30000	14.60000	416671	515750	416661	1	\N	\N	286	6	104	3.00	2015-06-24	20263	B;cylY	1	\N	alive
14104	P14	112	Moraceae	Maquira	guianensis	maquco	\N	1137	\N	0003	208	2.40000	79.30000	2.40000	19.30000	416672	515751	416662	1	\N	main	123	1	121	1.30	1996-12-11	13494	\N	1	\N	alive
2401604	P14	112	Moraceae	Maquira	guianensis	maquco	\N	1137	\N	0003	208	2.40000	79.30000	2.40000	19.30000	416672	515751	416662	1	\N	main	204	2	\N	\N	2010-11-16	18582	D;S	1	\N	dead
16405	P14	112	Moraceae	Maquira	guianensis	maquco	\N	1137	\N	0003	208	2.40000	79.30000	2.40000	19.30000	416672	515751	416662	1	\N		256	3	\N	0.00	2012-05-01	19114	D;N	1	\N	dead
14242	P14	112	Burseraceae	Protium	tenuifolium	protte		828	15	0003	208	9.70000	79.20000	9.70000	19.20000	416673	515752	416663	1	\N	main	123	1	278	1.30	1996-12-11	13494	M	1	\N	alive
14794	P14	112	Arecaceae	Socratea	exorrhiza	socrex	\N	1163	\N	0003	208	5.60000	75.80000	5.60000	15.80000	416674	515753	416664	1	\N	main	123	1	107	1.30	1996-12-11	13494	\N	1	\N	alive
2410275	P14	112	Arecaceae	Socratea	exorrhiza	socrex	\N	1163	\N	0003	208	5.60000	75.80000	5.60000	15.80000	416674	515753	416664	1	\N	main	204	2	109	1.30	2010-11-18	18584	B	0	\N	alive
2410276	P14	112	Arecaceae	Socratea	exorrhiza	socrex	\N	1163	\N	0003	208	5.60000	75.80000	5.60000	15.80000	416674	515753	416664	1	\N	main	204	2	112	3.00	2010-11-18	18584	B;cylY	1	\N	alive
17095	P14	112	Arecaceae	Socratea	exorrhiza	socrex	\N	1163	\N	0003	208	5.60000	75.80000	5.60000	15.80000	416674	515753	416664	1	\N		256	3	112	3.00	2012-05-02	19115	B;cylY	1	\N	alive
13795	P14	112	Arecaceae	Socratea	exorrhiza	socrex	\N	1163	\N	0003	208	5.60000	75.80000	5.60000	15.80000	416674	515753	416664	1	\N		268	4	112	3.00	2013-04-12	19460	B;cylY	1	\N	alive
2413651	P14	112	Arecaceae	Socratea	exorrhiza	socrex	\N	1163	\N	0003	208	5.60000	75.80000	5.60000	15.80000	416674	515753	416664	1	\N	\N	278	5	112	3.00	2014-04-09	19822	B;cylY	1	\N	alive
2422260	P14	112	Arecaceae	Socratea	exorrhiza	socrex	\N	1163	\N	0003	208	5.60000	75.80000	5.60000	15.80000	416674	515753	416664	1	\N	\N	286	6	112	3.00	2015-06-24	20263	B;cylY	1	\N	alive
14932	P14	112	Apocynaceae	Tabernaemontana	arborea	tab2ar	\N	990	\N	0003	208	13.30000	76.60000	13.30000	16.60000	416675	515754	416665	1	\N	main	123	1	345	1.30	1996-12-11	13494	\N	1	\N	alive
2401609	P14	112	Apocynaceae	Tabernaemontana	arborea	tab2ar	\N	990	\N	0003	208	13.30000	76.60000	13.30000	16.60000	416675	515754	416665	1	\N	main	204	2	400	1.30	2010-11-16	18582	\N	1	\N	alive
17233	P14	112	Apocynaceae	Tabernaemontana	arborea	tab2ar	\N	990	\N	0003	208	13.30000	76.60000	13.30000	16.60000	416675	515754	416665	1	\N		256	3	403	1.30	2012-05-01	19114	\N	1	\N	alive
13933	P14	112	Apocynaceae	Tabernaemontana	arborea	tab2ar	\N	990	\N	0003	208	13.30000	76.60000	13.30000	16.60000	416675	515754	416665	1	\N		268	4	405	1.30	2013-04-15	19463	\N	1	\N	alive
2413673	P14	112	Apocynaceae	Tabernaemontana	arborea	tab2ar	\N	990	\N	0003	208	13.30000	76.60000	13.30000	16.60000	416675	515754	416665	1	\N	\N	278	5	405	1.30	2014-04-09	19822	\N	1	\N	alive
2422265	P14	112	Apocynaceae	Tabernaemontana	arborea	tab2ar	\N	990	\N	0003	208	13.30000	76.60000	13.30000	16.60000	416675	515754	416665	1	\N	\N	286	6	410	1.30	2015-06-24	20263	\N	1	\N	alive
15070	P14	112	Malvaceae	Apeiba	membranacea	apeime	\N	1111	\N	0003	208	19.80000	75.20000	19.80000	15.20000	416676	515755	416666	1	\N	main	123	1	425	1.30	1996-12-11	13494	\N	1	\N	alive
2401610	P14	112	Malvaceae	Apeiba	membranacea	apeime	\N	1111	\N	0003	208	19.80000	75.20000	19.80000	15.20000	416676	515755	416666	1	\N	main	204	2	554	1.30	2010-11-16	18582	\N	1	\N	alive
17371	P14	112	Malvaceae	Apeiba	membranacea	apeime	\N	1111	\N	0003	208	19.80000	75.20000	19.80000	15.20000	416676	515755	416666	1	\N		256	3	554	1.30	2012-05-01	19114	\N	1	\N	alive
14071	P14	112	Malvaceae	Apeiba	membranacea	apeime	\N	1111	\N	0003	208	19.80000	75.20000	19.80000	15.20000	416676	515755	416666	1	\N		268	4	554	1.30	2013-04-15	19463	\N	1	\N	alive
2413681	P14	112	Malvaceae	Apeiba	membranacea	apeime	\N	1111	\N	0003	208	19.80000	75.20000	19.80000	15.20000	416676	515755	416666	1	\N	\N	278	5	553	1.30	2014-04-09	19822	Q	1	\N	alive
2422269	P14	112	Malvaceae	Apeiba	membranacea	apeime	\N	1111	\N	0003	208	19.80000	75.20000	19.80000	15.20000	416676	515755	416666	1	\N	\N	286	6	557	1.30	2015-06-24	20263	\N	1	\N	alive
15208	P14	112	Rubiaceae	Alseis	blackiana	alsebl	\N	33	\N	0003	208	12.00000	70.80000	12.00000	10.80000	416677	515756	416667	1	\N	main	123	1	193	1.30	1996-12-11	13494	\N	1	\N	alive
2401611	P14	112	Rubiaceae	Alseis	blackiana	alsebl	\N	33	\N	0003	208	12.00000	70.80000	12.00000	10.80000	416677	515756	416667	1	\N	main	204	2	224	1.30	2010-11-16	18582	\N	1	\N	alive
17509	P14	112	Rubiaceae	Alseis	blackiana	alsebl	\N	33	\N	0003	208	12.00000	70.80000	12.00000	10.80000	416677	515756	416667	1	\N		256	3	224	1.30	2012-05-01	19114	\N	1	\N	alive
14209	P14	112	Rubiaceae	Alseis	blackiana	alsebl	\N	33	\N	0003	208	12.00000	70.80000	12.00000	10.80000	416677	515756	416667	1	\N		268	4	227	1.30	2013-04-15	19463	\N	1	\N	alive
2413672	P14	112	Rubiaceae	Alseis	blackiana	alsebl	\N	33	\N	0003	208	12.00000	70.80000	12.00000	10.80000	416677	515756	416667	1	\N	\N	278	5	231	1.30	2014-04-09	19822	\N	1	\N	alive
2422264	P14	112	Rubiaceae	Alseis	blackiana	alsebl	\N	33	\N	0003	208	12.00000	70.80000	12.00000	10.80000	416677	515756	416667	1	\N	\N	286	6	235	1.30	2015-06-24	20263	\N	1	\N	alive
15346	P14	112	Rubiaceae	Alseis	blackiana	alsebl	\N	33	\N	0003	208	14.70000	67.90000	14.70000	7.90000	416678	515757	416668	1	\N	main	123	1	172	1.30	1996-12-11	13494	\N	1	\N	alive
2401612	P14	112	Rubiaceae	Alseis	blackiana	alsebl	\N	33	\N	0003	208	14.70000	67.90000	14.70000	7.90000	416678	515757	416668	1	\N	main	204	2	206	1.30	2010-11-16	18582	\N	1	\N	alive
17647	P14	112	Rubiaceae	Alseis	blackiana	alsebl	\N	33	\N	0003	208	14.70000	67.90000	14.70000	7.90000	416678	515757	416668	1	\N		256	3	212	1.30	2012-05-01	19114	\N	1	\N	alive
14347	P14	112	Rubiaceae	Alseis	blackiana	alsebl	\N	33	\N	0003	208	14.70000	67.90000	14.70000	7.90000	416678	515757	416668	1	\N		268	4	218	1.30	2013-04-15	19463	\N	1	\N	alive
2413654	P14	112	Rubiaceae	Alseis	blackiana	alsebl	\N	33	\N	0003	208	14.70000	67.90000	14.70000	7.90000	416678	515757	416668	1	\N	\N	278	5	219	1.30	2014-04-09	19822	\N	1	\N	alive
2422263	P14	112	Rubiaceae	Alseis	blackiana	alsebl	\N	33	\N	0003	208	14.70000	67.90000	14.70000	7.90000	416678	515757	416668	1	\N	\N	286	6	222	1.30	2015-06-24	20263	\N	1	\N	alive
15484	P14	112	Burseraceae	Trattinnickia	aspera	tratas	\N	1022	\N	0003	208	10.10000	64.80000	10.10000	4.80000	416679	515758	416669	1	\N	main	123	1	297	1.30	1996-12-11	13494	\N	1	\N	alive
2401613	P14	112	Burseraceae	Trattinnickia	aspera	tratas	\N	1022	\N	0003	208	10.10000	64.80000	10.10000	4.80000	416679	515758	416669	1	\N	main	204	2	364	1.30	2010-11-16	18582	\N	1	\N	alive
17785	P14	112	Burseraceae	Trattinnickia	aspera	tratas	\N	1022	\N	0003	208	10.10000	64.80000	10.10000	4.80000	416679	515758	416669	1	\N		256	3	363	1.30	2012-05-01	19114	\N	1	\N	alive
14485	P14	112	Burseraceae	Trattinnickia	aspera	tratas	\N	1022	\N	0003	208	10.10000	64.80000	10.10000	4.80000	416679	515758	416669	1	\N		268	4	364	1.30	2013-04-15	19463	\N	1	\N	alive
2413652	P14	112	Burseraceae	Trattinnickia	aspera	tratas	\N	1022	\N	0003	208	10.10000	64.80000	10.10000	4.80000	416679	515758	416669	1	\N	\N	278	5	363	1.30	2014-04-09	19822	\N	1	\N	alive
2422261	P14	112	Burseraceae	Trattinnickia	aspera	tratas	\N	1022	\N	0003	208	10.10000	64.80000	10.10000	4.80000	416679	515758	416669	1	\N	\N	286	6	364	1.30	2015-06-24	20263	\N	1	\N	alive
15622	P14	112	Lauraceae	Ocotea	oblonga	ocotob	\N	708	\N	0003	208	12.10000	63.60000	12.10000	3.60000	416680	515759	416670	1	\N	main	123	1	196	1.30	1996-12-11	13494	\N	1	\N	alive
2410277	P14	112	Lauraceae	Ocotea	oblonga	ocotob	\N	708	\N	0003	208	12.10000	63.60000	12.10000	3.60000	416680	515759	416670	1	\N	main	204	2	395	1.30	2010-11-18	18584	B	0	\N	alive
2410278	P14	112	Lauraceae	Ocotea	oblonga	ocotob	\N	708	\N	0003	208	12.10000	63.60000	12.10000	3.60000	416680	515759	416670	1	\N	main	204	2	363	3.00	2010-11-18	18584	B;cylY	1	\N	alive
17923	P14	112	Lauraceae	Ocotea	oblonga	ocotob	\N	708	\N	0003	208	12.10000	63.60000	12.10000	3.60000	416680	515759	416670	1	\N		256	3	383	3.00	2012-05-02	19115	B;cylY	1	\N	alive
14623	P14	112	Lauraceae	Ocotea	oblonga	ocotob	\N	708	\N	0003	208	12.10000	63.60000	12.10000	3.60000	416680	515759	416670	1	\N		268	4	395	3.00	2013-04-12	19460	B;cylY	1	\N	alive
2413653	P14	112	Lauraceae	Ocotea	oblonga	ocotob	\N	708	\N	0003	208	12.10000	63.60000	12.10000	3.60000	416680	515759	416670	1	\N	\N	278	5	411	3.00	2014-04-09	19822	B;cylY	1	\N	alive
2422262	P14	112	Lauraceae	Ocotea	oblonga	ocotob	\N	708	\N	0003	208	12.10000	63.60000	12.10000	3.60000	416680	515759	416670	1	\N	\N	286	6	423	3.00	2015-06-24	20263	B;cylY	1	\N	alive
15760	P14	112	Melastomataceae	Miconia	argentea	micoar	\N	630	\N	0003	208	13.40000	62.90000	13.40000	2.90000	416681	515760	416671	1	\N	main	123	1	207	1.30	1996-12-11	13494	\N	1	\N	alive
2401614	P14	112	Melastomataceae	Miconia	argentea	micoar	\N	630	\N	0003	208	13.40000	62.90000	13.40000	2.90000	416681	515760	416671	1	\N	main	204	2	\N	\N	2010-11-16	18582	D;N	1	\N	dead
18061	P14	112	Melastomataceae	Miconia	argentea	micoar	\N	630	\N	0003	208	13.40000	62.90000	13.40000	2.90000	416681	515760	416671	1	\N		256	3	\N	0.00	2012-05-01	19114	D;N	1	\N	dead
15898	P14	112	Clusiaceae	Symphonia	globulifera	sympgl	\N	982	\N	0003	208	19.80000	69.10000	19.80000	9.10000	416682	515761	416672	1	\N	main	123	1	120	1.30	1996-12-11	13494	\N	1	\N	alive
2401615	P14	112	Clusiaceae	Symphonia	globulifera	sympgl	\N	982	\N	0003	208	19.80000	69.10000	19.80000	9.10000	416682	515761	416672	1	\N	main	204	2	\N	\N	2010-11-16	18582	D;N	1	\N	dead
18199	P14	112	Clusiaceae	Symphonia	globulifera	sympgl	\N	982	\N	0003	208	19.80000	69.10000	19.80000	9.10000	416682	515761	416672	1	\N		256	3	\N	0.00	2012-05-01	19114	D;N	1	\N	dead
16036	P14	112	Arecaceae	Oenocarpus	mapora	oenoma	\N	1145	\N	0003	208	18.70000	66.40000	18.70000	6.40000	416683	515762	416673	1	\N	main	123	1	112	1.30	1996-12-11	13494	M	1	\N	alive
17140	P14	112	Arecaceae	Oenocarpus	mapora	oenoma	\N	1145	\N	0004	271	2.40000	82.50000	2.40000	2.50000	416684	515763	416674	1	\N	main	123	1	139	1.30	1996-12-13	13496	\N	1	\N	alive
17554	P14	112	Arecaceae	Oenocarpus	mapora	oenoma	\N	1145	\N	0004	271	5.30000	90.60000	5.30000	10.60000	416685	515764	416675	1	\N	main	123	1	114	1.30	1996-12-13	13496	M	1	\N	alive
18658	P14	112	Cannabaceae	Celtis	schippii	celtsc	\N	184	\N	0004	271	9.30000	90.90000	9.30000	10.90000	416686	515765	416676	1	\N	main	123	1	139	1.30	1996-12-13	13496	Q	1	\N	alive
2401753	P14	112	Cannabaceae	Celtis	schippii	celtsc	\N	184	\N	0004	271	9.30000	90.90000	9.30000	10.90000	416686	515765	416676	1	\N	main	204	2	144	1.30	2010-11-16	18582	Q	1	\N	alive
24107	P14	112	Cannabaceae	Celtis	schippii	celtsc	\N	184	\N	0004	271	9.30000	90.90000	9.30000	10.90000	416686	515765	416676	1	\N		256	3	143	1.30	2012-05-01	19114	\N	1	\N	alive
18625	P14	112	Cannabaceae	Celtis	schippii	celtsc	\N	184	\N	0004	271	9.30000	90.90000	9.30000	10.90000	416686	515765	416676	1	\N		268	4	142	1.30	2013-04-15	19463	\N	1	\N	alive
2413701	P14	112	Cannabaceae	Celtis	schippii	celtsc	\N	184	\N	0004	271	9.30000	90.90000	9.30000	10.90000	416686	515765	416676	1	\N	\N	278	5	142	1.30	2014-04-09	19822	\N	1	\N	alive
2422273	P14	112	Cannabaceae	Celtis	schippii	celtsc	\N	184	\N	0004	271	9.30000	90.90000	9.30000	10.90000	416686	515765	416676	1	\N	\N	286	6	143	1.30	2015-06-24	20263	\N	1	\N	alive
18796	P14	112	Arecaceae	Oenocarpus	mapora	oenoma	\N	1145	\N	0004	271	10.50000	93.60000	10.50000	13.60000	416687	515766	416677	1	\N	main	123	1	102	1.30	1996-12-13	13496	\N	1	\N	alive
18934	P14	112	Erythropalaceae	Heisteria	concinna	heisco	\N	469	\N	0004	271	9.30000	98.50000	9.30000	18.50000	416688	515767	416678	1	\N	main	123	1	246	1.30	1996-12-13	13496	\N	1	\N	alive
2401755	P14	112	Erythropalaceae	Heisteria	concinna	heisco	\N	469	\N	0004	271	9.30000	98.50000	9.30000	18.50000	416688	515767	416678	1	\N	main	204	2	\N	\N	2010-11-16	18582	D;C	1	\N	dead
25065	P14	112	Erythropalaceae	Heisteria	concinna	heisco	\N	469	\N	0004	271	9.30000	98.50000	9.30000	18.50000	416688	515767	416678	1	\N		256	3	\N	0.00	2012-05-01	19114	D;N	1	\N	dead
19072	P14	112	Meliaceae	Trichilia	tuberculata	tri2tu	\N	1169	\N	0004	271	8.50000	98.80000	8.50000	18.80000	416689	515768	416679	1	\N	main	123	1	341	1.30	1996-12-13	13496	\N	1	\N	alive
2401756	P14	112	Meliaceae	Trichilia	tuberculata	tri2tu	\N	1169	\N	0004	271	8.50000	98.80000	8.50000	18.80000	416689	515768	416679	1	\N	main	204	2	\N	\N	2010-11-16	18582	D;N	1	\N	dead
25202	P14	112	Meliaceae	Trichilia	tuberculata	tri2tu	\N	1169	\N	0004	271	8.50000	98.80000	8.50000	18.80000	416689	515768	416679	1	\N		256	3	\N	0.00	2012-05-01	19114	D;N	1	\N	dead
19210	P14	112	Rubiaceae	Alseis	blackiana	alsebl	\N	33	\N	0004	271	19.80000	96.70000	19.80000	16.70000	416690	515769	416680	1	\N	main	123	1	435	2.95	1996-12-13	13496	B	1	\N	alive
19348	P14	112	Rubiaceae	Alseis	blackiana	alsebl	\N	33	\N	0004	271	19.80000	96.70000	19.80000	16.70000	416690	515769	416680	1	\N	main	123	1	491	1.30	1997-01-02	13516	\N	0	\N	alive
19486	P14	112	Erythropalaceae	Heisteria	concinna	heisco	\N	469	\N	0004	271	19.30000	92.40000	19.30000	12.40000	416691	515770	416681	1	\N	main	123	1	160	1.30	1996-12-13	13496	\N	1	\N	alive
2401757	P14	112	Erythropalaceae	Heisteria	concinna	heisco	\N	469	\N	0004	271	19.30000	92.40000	19.30000	12.40000	416691	515770	416681	1	\N	main	204	2	\N	\N	2010-11-16	18582	D;N	1	\N	dead
26023	P14	112	Erythropalaceae	Heisteria	concinna	heisco	\N	469	\N	0004	271	19.30000	92.40000	19.30000	12.40000	416691	515770	416681	1	\N		256	3	\N	0.00	2012-05-01	19114	D;N	1	\N	dead
19624	P14	112	Celastraceae	Maytenus	schippii	maytsc	\N	623	\N	0004	271	12.80000	87.70000	12.80000	7.70000	416692	515771	416682	1	\N	main	123	1	145	1.30	1996-12-13	13496	\N	1	\N	alive
2401758	P14	112	Celastraceae	Maytenus	schippii	maytsc	\N	623	\N	0004	271	12.80000	87.70000	12.80000	7.70000	416692	515771	416682	1	\N	main	204	2	\N	\N	2010-11-16	18582	D;S	1	\N	dead
26160	P14	112	Celastraceae	Maytenus	schippii	maytsc	\N	623	\N	0004	271	12.80000	87.70000	12.80000	7.70000	416692	515771	416682	1	\N		256	3	\N	0.00	2012-05-01	19114	D;S	1	\N	dead
19762	P14	112	Burseraceae	Protium	tenuifolium	protte		828	15	0004	271	14.80000	82.10000	14.80000	2.10000	416693	515772	416683	1	\N	main	123	1	233	1.30	1996-12-13	13496	M	1	\N	alive
20038	P14	112	Burseraceae	Protium	tenuifolium	protte		828	15	0004	271	17.90000	80.90000	17.90000	0.90000	416694	515773	416684	1	\N	main	123	1	239	1.30	1996-12-13	13496	\N	1	\N	alive
2401760	P14	112	Burseraceae	Protium	tenuifolium	protte		828	15	0004	271	17.90000	80.90000	17.90000	0.90000	416694	515773	416684	1	\N	main	204	2	268	1.30	2010-11-16	18582	\N	1	\N	alive
26434	P14	112	Burseraceae	Protium	tenuifolium	protte		828	15	0004	271	17.90000	80.90000	17.90000	0.90000	416694	515773	416684	1	\N		256	3	271	1.30	2012-05-01	19114	\N	1	\N	alive
20419	P14	112	Burseraceae	Protium	tenuifolium	protte		828	15	0004	271	17.90000	80.90000	17.90000	0.90000	416694	515773	416684	1	\N		268	4	271	1.30	2013-04-15	19463	\N	1	\N	alive
2413710	P14	112	Burseraceae	Protium	tenuifolium	protte		828	15	0004	271	17.90000	80.90000	17.90000	0.90000	416694	515773	416684	1	\N	\N	278	5	271	1.30	2014-04-09	19822	\N	1	\N	alive
2422278	P14	112	Burseraceae	Protium	tenuifolium	protte		828	15	0004	271	17.90000	80.90000	17.90000	0.90000	416694	515773	416684	1	\N	\N	286	6	272	1.30	2015-06-24	20263	\N	1	\N	alive
20176	P14	112	Meliaceae	Guarea	bullata	guarsp	\N	1127	\N	0100	334	26.80000	0.40000	6.80000	0.40000	416695	515774	416685	1	\N	main	123	1	131	1.30	1996-11-13	13466	\N	1	\N	alive
2401882	P14	112	Meliaceae	Guarea	bullata	guarsp	\N	1127	\N	0100	334	26.80000	0.40000	6.80000	0.40000	416695	515774	416685	1	\N	main	204	2	145	1.30	2010-11-15	18581	\N	1	\N	alive
28484	P14	112	Meliaceae	Guarea	bullata	guarsp	\N	1127	\N	0100	334	26.80000	0.40000	6.80000	0.40000	416695	515774	416685	1	\N		256	3	145	1.30	2012-05-01	19114	\N	1	\N	alive
22612	P14	112	Meliaceae	Guarea	bullata	guarsp	\N	1127	\N	0100	334	26.80000	0.40000	6.80000	0.40000	416695	515774	416685	1	\N		268	4	144	1.30	2013-04-15	19463	\N	1	\N	alive
2413732	P14	112	Meliaceae	Guarea	bullata	guarsp	\N	1127	\N	0100	334	26.80000	0.40000	6.80000	0.40000	416695	515774	416685	1	\N	\N	278	5	148	1.30	2014-04-08	19821	\N	1	\N	alive
2422283	P14	112	Meliaceae	Guarea	bullata	guarsp	\N	1127	\N	0100	334	26.80000	0.40000	6.80000	0.40000	416695	515774	416685	1	\N	\N	286	6	149	1.30	2015-06-24	20263	\N	1	\N	alive
20314	P14	112	Arecaceae	Socratea	exorrhiza	socrex	\N	1163	\N	0100	334	21.00000	9.00000	1.00000	9.00000	416696	515775	416686	1	\N	main	123	1	125	1.30	1996-11-13	13466	\N	1	\N	alive
2401883	P14	112	Arecaceae	Socratea	exorrhiza	socrex	\N	1163	\N	0100	334	21.00000	9.00000	1.00000	9.00000	416696	515775	416686	1	\N	main	204	2	\N	\N	2010-11-15	18581	D;S	1	\N	dead
28619	P14	112	Arecaceae	Socratea	exorrhiza	socrex	\N	1163	\N	0100	334	21.00000	9.00000	1.00000	9.00000	416696	515775	416686	1	\N		256	3	\N	0.00	2012-05-01	19114	D;N	1	\N	dead
20452	P14	112	Burseraceae	Protium	tenuifolium	protte		828	15	0100	334	24.80000	8.10000	4.80000	8.10000	416697	515776	416687	1	\N	main	123	1	162	1.30	1996-11-13	13466	\N	1	\N	alive
2401884	P14	112	Burseraceae	Protium	tenuifolium	protte		828	15	0100	334	24.80000	8.10000	4.80000	8.10000	416697	515776	416687	1	\N	main	204	2	166	1.30	2010-11-15	18581	\N	1	\N	alive
28754	P14	112	Burseraceae	Protium	tenuifolium	protte		828	15	0100	334	24.80000	8.10000	4.80000	8.10000	416697	515776	416687	1	\N		256	3	166	1.30	2012-05-01	19114	\N	1	\N	alive
22749	P14	112	Burseraceae	Protium	tenuifolium	protte		828	15	0100	334	24.80000	8.10000	4.80000	8.10000	416697	515776	416687	1	\N		268	4	166	1.30	2013-04-15	19463	\N	1	\N	alive
2413717	P14	112	Burseraceae	Protium	tenuifolium	protte		828	15	0100	334	24.80000	8.10000	4.80000	8.10000	416697	515776	416687	1	\N	\N	278	5	166	1.30	2014-04-08	19821	\N	1	\N	alive
2422281	P14	112	Burseraceae	Protium	tenuifolium	protte		828	15	0100	334	24.80000	8.10000	4.80000	8.10000	416697	515776	416687	1	\N	\N	286	6	167	1.30	2015-06-24	20263	\N	1	\N	alive
20590	P14	112	Sapotaceae	Pouteria	stipitata	poutst	\N	817	\N	0100	334	27.30000	7.70000	7.30000	7.70000	416698	515777	416688	1	\N	main	123	1	141	1.30	1996-11-13	13466	\N	1	\N	alive
2401885	P14	112	Sapotaceae	Pouteria	stipitata	poutst	\N	817	\N	0100	334	27.30000	7.70000	7.30000	7.70000	416698	515777	416688	1	\N	main	204	2	150	1.30	2010-11-15	18581	\N	1	\N	alive
28889	P14	112	Sapotaceae	Pouteria	stipitata	poutst	\N	817	\N	0100	334	27.30000	7.70000	7.30000	7.70000	416698	515777	416688	1	\N		256	3	153	1.30	2012-05-01	19114	\N	1	\N	alive
22886	P14	112	Sapotaceae	Pouteria	stipitata	poutst	\N	817	\N	0100	334	27.30000	7.70000	7.30000	7.70000	416698	515777	416688	1	\N		268	4	153	1.30	2013-04-15	19463	\N	1	\N	alive
2413733	P14	112	Sapotaceae	Pouteria	stipitata	poutst	\N	817	\N	0100	334	27.30000	7.70000	7.30000	7.70000	416698	515777	416688	1	\N	\N	278	5	155	1.30	2014-04-08	19821	\N	1	\N	alive
2422284	P14	112	Sapotaceae	Pouteria	stipitata	poutst	\N	817	\N	0100	334	27.30000	7.70000	7.30000	7.70000	416698	515777	416688	1	\N	\N	286	6	155	1.30	2015-06-24	20263	\N	1	\N	alive
20728	P14	112	Myristicaceae	Virola	sebifera	virose	\N	1072	\N	0100	334	29.10000	7.30000	9.10000	7.30000	416699	515778	416689	1	\N	main	123	1	178	1.30	1996-11-13	13466	\N	1	\N	alive
2401886	P14	112	Myristicaceae	Virola	sebifera	virose	\N	1072	\N	0100	334	29.10000	7.30000	9.10000	7.30000	416699	515778	416689	1	\N	main	204	2	217	1.30	2010-11-15	18581	\N	1	\N	alive
29024	P14	112	Myristicaceae	Virola	sebifera	virose	\N	1072	\N	0100	334	29.10000	7.30000	9.10000	7.30000	416699	515778	416689	1	\N		256	3	221	1.30	2012-05-01	19114	\N	1	\N	alive
23023	P14	112	Myristicaceae	Virola	sebifera	virose	\N	1072	\N	0100	334	29.10000	7.30000	9.10000	7.30000	416699	515778	416689	1	\N		268	4	227	1.30	2013-04-15	19463	\N	1	\N	alive
2413734	P14	112	Myristicaceae	Virola	sebifera	virose	\N	1072	\N	0100	334	29.10000	7.30000	9.10000	7.30000	416699	515778	416689	1	\N	\N	278	5	229	1.30	2014-04-08	19821	\N	1	\N	alive
2422285	P14	112	Myristicaceae	Virola	sebifera	virose	\N	1072	\N	0100	334	29.10000	7.30000	9.10000	7.30000	416699	515778	416689	1	\N	\N	286	6	239	1.30	2015-06-24	20263	\N	1	\N	alive
20865	P14	112	Burseraceae	Tetragastris	panamensis	tet2pa	\N	1007	\N	0100	334	27.90000	18.80000	7.90000	18.80000	416700	515779	416690	1	\N	main	123	1	331	1.30	1996-11-13	13466	\N	1	\N	alive
2401887	P14	112	Burseraceae	Tetragastris	panamensis	tet2pa	\N	1007	\N	0100	334	27.90000	18.80000	7.90000	18.80000	416700	515779	416690	1	\N	main	204	2	391	1.30	2010-11-15	18581	\N	1	\N	alive
29159	P14	112	Burseraceae	Tetragastris	panamensis	tet2pa	\N	1007	\N	0100	334	27.90000	18.80000	7.90000	18.80000	416700	515779	416690	1	\N		256	3	395	1.30	2012-05-01	19114	\N	1	\N	alive
23160	P14	112	Burseraceae	Tetragastris	panamensis	tet2pa	\N	1007	\N	0100	334	27.90000	18.80000	7.90000	18.80000	416700	515779	416690	1	\N		268	4	400	1.30	2013-04-15	19463	\N	1	\N	alive
2413735	P14	112	Burseraceae	Tetragastris	panamensis	tet2pa	\N	1007	\N	0100	334	27.90000	18.80000	7.90000	18.80000	416700	515779	416690	1	\N	\N	278	5	400	1.30	2014-04-08	19821	\N	1	\N	alive
2422286	P14	112	Burseraceae	Tetragastris	panamensis	tet2pa	\N	1007	\N	0100	334	27.90000	18.80000	7.90000	18.80000	416700	515779	416690	1	\N	\N	286	6	413	1.30	2015-06-24	20263	\N	1	\N	alive
21002	P14	112	Burseraceae	Tetragastris	panamensis	tet2pa	\N	1007	\N	0100	334	34.50000	13.40000	14.50000	13.40000	416701	515780	416691	1	\N	main	123	1	254	1.30	1996-11-13	13466	\N	1	\N	alive
2401888	P14	112	Burseraceae	Tetragastris	panamensis	tet2pa	\N	1007	\N	0100	334	34.50000	13.40000	14.50000	13.40000	416701	515780	416691	1	\N	main	204	2	278	1.30	2010-11-15	18581	\N	1	\N	alive
29294	P14	112	Burseraceae	Tetragastris	panamensis	tet2pa	\N	1007	\N	0100	334	34.50000	13.40000	14.50000	13.40000	416701	515780	416691	1	\N		256	3	280	1.30	2012-05-01	19114	\N	1	\N	alive
23297	P14	112	Burseraceae	Tetragastris	panamensis	tet2pa	\N	1007	\N	0100	334	34.50000	13.40000	14.50000	13.40000	416701	515780	416691	1	\N		268	4	284	1.30	2013-04-15	19463	\N	1	\N	alive
2413751	P14	112	Burseraceae	Tetragastris	panamensis	tet2pa	\N	1007	\N	0100	334	34.50000	13.40000	14.50000	13.40000	416701	515780	416691	1	\N	\N	278	5	286	1.30	2014-04-08	19821	\N	1	\N	alive
2422290	P14	112	Burseraceae	Tetragastris	panamensis	tet2pa	\N	1007	\N	0100	334	34.50000	13.40000	14.50000	13.40000	416701	515780	416691	1	\N	\N	286	6	293	1.30	2015-06-24	20263	\N	1	\N	alive
21139	P14	112	Moraceae	Maquira	guianensis	maquco	\N	1137	\N	0100	334	39.20000	18.80000	19.20000	18.80000	416702	515781	416692	1	\N	main	123	1	127	1.30	1996-11-13	13466	\N	1	\N	alive
2401889	P14	112	Moraceae	Maquira	guianensis	maquco	\N	1137	\N	0100	334	39.20000	18.80000	19.20000	18.80000	416702	515781	416692	1	\N	main	204	2	127	1.30	2010-11-15	18581	\N	1	\N	alive
29429	P14	112	Moraceae	Maquira	guianensis	maquco	\N	1137	\N	0100	334	39.20000	18.80000	19.20000	18.80000	416702	515781	416692	1	\N		256	3	127	1.30	2012-05-01	19114	Q	1	\N	alive
23434	P14	112	Moraceae	Maquira	guianensis	maquco	\N	1137	\N	0100	334	39.20000	18.80000	19.20000	18.80000	416702	515781	416692	1	\N		268	4	\N	0.00	2013-04-15	19463	D;S	1	\N	dead
2413756	P14	112	Moraceae	Maquira	guianensis	maquco	\N	1137	\N	0100	334	39.20000	18.80000	19.20000	18.80000	416702	515781	416692	1	\N	\N	278	5	\N	1.30	2014-04-08	19821	N;D	1	\N	dead
21276	P14	112	Chrysobalanaceae	Hirtella	americana	hirtam	\N	483	\N	0100	334	37.30000	9.50000	17.30000	9.50000	416703	515782	416693	1	\N	main	123	1	203	1.30	1996-11-13	13466	\N	1	\N	alive
2401890	P14	112	Chrysobalanaceae	Hirtella	americana	hirtam	\N	483	\N	0100	334	37.30000	9.50000	17.30000	9.50000	416703	515782	416693	1	\N	main	204	2	\N	\N	2010-11-15	18581	D;N	1	\N	dead
29564	P14	112	Chrysobalanaceae	Hirtella	americana	hirtam	\N	483	\N	0100	334	37.30000	9.50000	17.30000	9.50000	416703	515782	416693	1	\N		256	3	\N	0.00	2012-05-01	19114	D;N	1	\N	dead
21413	P14	112	Chrysobalanaceae	Hirtella	americana	hirtam	\N	483	\N	0100	334	36.90000	9.40000	16.90000	9.40000	416704	515783	416694	1	\N	main	123	1	195	1.30	1996-11-13	13466	\N	1	\N	alive
2401891	P14	112	Chrysobalanaceae	Hirtella	americana	hirtam	\N	483	\N	0100	334	36.90000	9.40000	16.90000	9.40000	416704	515783	416694	1	\N	main	204	2	192	1.30	2010-11-15	18581	\N	1	\N	alive
29699	P14	112	Chrysobalanaceae	Hirtella	americana	hirtam	\N	483	\N	0100	334	36.90000	9.40000	16.90000	9.40000	416704	515783	416694	1	\N		256	3	194	1.30	2012-05-01	19114	\N	1	\N	alive
23571	P14	112	Chrysobalanaceae	Hirtella	americana	hirtam	\N	483	\N	0100	334	36.90000	9.40000	16.90000	9.40000	416704	515783	416694	1	\N		268	4	193	1.30	2013-04-15	19463	\N	1	\N	alive
2413752	P14	112	Chrysobalanaceae	Hirtella	americana	hirtam	\N	483	\N	0100	334	36.90000	9.40000	16.90000	9.40000	416704	515783	416694	1	\N	\N	278	5	194	1.30	2014-04-08	19821	\N	1	\N	alive
2422291	P14	112	Chrysobalanaceae	Hirtella	americana	hirtam	\N	483	\N	0100	334	36.90000	9.40000	16.90000	9.40000	416704	515783	416694	1	\N	\N	286	6	194	1.30	2015-06-24	20263	\N	1	\N	alive
21550	P14	112	Erythropalaceae	Heisteria	concinna	heisco	\N	469	\N	0100	334	35.90000	8.90000	15.90000	8.90000	416705	515784	416695	1	\N	main	123	1	115	1.30	1996-11-13	13466	\N	1	\N	alive
2401892	P14	112	Erythropalaceae	Heisteria	concinna	heisco	\N	469	\N	0100	334	35.90000	8.90000	15.90000	8.90000	416705	515784	416695	1	\N	main	204	2	135	1.30	2010-11-15	18581	\N	1	\N	alive
29834	P14	112	Erythropalaceae	Heisteria	concinna	heisco	\N	469	\N	0100	334	35.90000	8.90000	15.90000	8.90000	416705	515784	416695	1	\N		256	3	137	1.30	2012-05-01	19114	\N	1	\N	alive
23708	P14	112	Erythropalaceae	Heisteria	concinna	heisco	\N	469	\N	0100	334	35.90000	8.90000	15.90000	8.90000	416705	515784	416695	1	\N		268	4	142	1.30	2013-04-15	19463	\N	1	\N	alive
2413753	P14	112	Erythropalaceae	Heisteria	concinna	heisco	\N	469	\N	0100	334	35.90000	8.90000	15.90000	8.90000	416705	515784	416695	1	\N	\N	278	5	144	1.30	2014-04-08	19821	\N	1	\N	alive
2422292	P14	112	Erythropalaceae	Heisteria	concinna	heisco	\N	469	\N	0100	334	35.90000	8.90000	15.90000	8.90000	416705	515784	416695	1	\N	\N	286	6	151	1.30	2015-06-24	20263	\N	1	\N	alive
21686	P14	112	Boraginaceae	Cordia	bicolor	cordbi	\N	263	\N	0100	334	38.80000	6.90000	18.80000	6.90000	416706	515785	416696	1	\N	main	123	1	313	1.30	1996-11-13	13466	\N	1	\N	alive
2401893	P14	112	Boraginaceae	Cordia	bicolor	cordbi	\N	263	\N	0100	334	38.80000	6.90000	18.80000	6.90000	416706	515785	416696	1	\N	main	204	2	\N	\N	2010-11-15	18581	D;S	1	\N	dead
29969	P14	112	Boraginaceae	Cordia	bicolor	cordbi	\N	263	\N	0100	334	38.80000	6.90000	18.80000	6.90000	416706	515785	416696	1	\N		256	3	\N	0.00	2012-05-01	19114	D;N	1	\N	dead
21823	P14	112	Fabaceae-caesalpinioideae	Tachigali	versicolor	tachve	\N	995	\N	0100	334	38.80000	6.50000	18.80000	6.50000	416707	515786	416697	1	\N	main	123	1	536	3.45	1996-11-13	13466	B	1	\N	alive
21960	P14	112	Fabaceae-caesalpinioideae	Tachigali	versicolor	tachve	\N	995	\N	0100	334	38.80000	6.50000	18.80000	6.50000	416707	515786	416697	1	\N	main	123	1	647	1.30	1997-01-02	13516	\N	0	\N	alive
2410284	P14	112	Fabaceae-caesalpinioideae	Tachigali	versicolor	tachve	\N	995	\N	0100	334	38.80000	6.50000	18.80000	6.50000	416707	515786	416697	1	\N	main	204	2	\N	3.45	2010-11-18	18584	B	1	\N	alive
30104	P14	112	Fabaceae-caesalpinioideae	Tachigali	versicolor	tachve	\N	995	\N	0100	334	38.80000	6.50000	18.80000	6.50000	416707	515786	416697	1	\N		256	3	943	3.45	2012-05-02	19115	B;cylN	1	\N	alive
105627	P14	112	Fabaceae-caesalpinioideae	Tachigali	versicolor	tachve	\N	995	\N	0100	334	38.80000	6.50000	18.80000	6.50000	416707	515786	416697	1	\N	main	256	3	1228	1.30	2012-05-02	19115	B;cylN	0	\N	alive
23845	P14	112	Fabaceae-caesalpinioideae	Tachigali	versicolor	tachve	\N	995	\N	0100	334	38.80000	6.50000	18.80000	6.50000	416707	515786	416697	1	\N		268	4	946	3.45	2013-04-12	19460	B;cylY	1	\N	alive
2413754	P14	112	Fabaceae-caesalpinioideae	Tachigali	versicolor	tachve	\N	995	\N	0100	334	38.80000	6.50000	18.80000	6.50000	416707	515786	416697	1	\N	\N	278	5	949	3.45	2014-04-08	19821	B;cylY	1	\N	alive
2422293	P14	112	Fabaceae-caesalpinioideae	Tachigali	versicolor	tachve	\N	995	\N	0100	334	38.80000	6.50000	18.80000	6.50000	416707	515786	416697	1	\N	\N	286	6	963	3.45	2015-06-24	20263	B;cylY	1	\N	alive
22097	P14	112	Burseraceae	Tetragastris	panamensis	tet2pa	\N	1007	\N	0100	334	38.80000	5.10000	18.80000	5.10000	416708	515787	416698	1	\N	main	123	1	164	1.30	1996-11-13	13466	\N	1	\N	alive
2401894	P14	112	Burseraceae	Tetragastris	panamensis	tet2pa	\N	1007	\N	0100	334	38.80000	5.10000	18.80000	5.10000	416708	515787	416698	1	\N	main	204	2	172	1.30	2010-11-15	18581	\N	1	\N	alive
30239	P14	112	Burseraceae	Tetragastris	panamensis	tet2pa	\N	1007	\N	0100	334	38.80000	5.10000	18.80000	5.10000	416708	515787	416698	1	\N		256	3	173	1.30	2012-05-01	19114	\N	1	\N	alive
23982	P14	112	Burseraceae	Tetragastris	panamensis	tet2pa	\N	1007	\N	0100	334	38.80000	5.10000	18.80000	5.10000	416708	515787	416698	1	\N		268	4	175	1.30	2013-04-15	19463	\N	1	\N	alive
2413755	P14	112	Burseraceae	Tetragastris	panamensis	tet2pa	\N	1007	\N	0100	334	38.80000	5.10000	18.80000	5.10000	416708	515787	416698	1	\N	\N	278	5	175	1.30	2014-04-08	19821	\N	1	\N	alive
2422294	P14	112	Burseraceae	Tetragastris	panamensis	tet2pa	\N	1007	\N	0100	334	38.80000	5.10000	18.80000	5.10000	416708	515787	416698	1	\N	\N	286	6	176	1.30	2015-06-24	20263	\N	1	\N	alive
22234	P14	112	Bignoniaceae	Jacaranda	copaia	jac1co	\N	540	\N	0100	334	34.80000	4.70000	14.80000	4.70000	416709	515788	416699	1	\N	main	123	1	650	1.30	1996-11-13	13466	\N	1	\N	alive
2410285	P14	112	Bignoniaceae	Jacaranda	copaia	jac1co	\N	540	\N	0100	334	34.80000	4.70000	14.80000	4.70000	416709	515788	416699	1	\N	main	204	2	810	3.00	2010-11-18	18584	B	1	\N	alive
30374	P14	112	Bignoniaceae	Jacaranda	copaia	jac1co	\N	540	\N	0100	334	34.80000	4.70000	14.80000	4.70000	416709	515788	416699	1	\N		256	3	829	3.00	2012-05-02	19115	B;cylN	1	\N	alive
24119	P14	112	Bignoniaceae	Jacaranda	copaia	jac1co	\N	540	\N	0100	334	34.80000	4.70000	14.80000	4.70000	416709	515788	416699	1	\N		268	4	840	3.00	2013-04-12	19460	B;cylN	1	\N	alive
2413737	P14	112	Bignoniaceae	Jacaranda	copaia	jac1co	\N	540	\N	0100	334	34.80000	4.70000	14.80000	4.70000	416709	515788	416699	1	\N	\N	278	5	852	3.00	2014-04-08	19821	B;cylN	1	\N	alive
2422288	P14	112	Bignoniaceae	Jacaranda	copaia	jac1co	\N	540	\N	0100	334	34.80000	4.70000	14.80000	4.70000	416709	515788	416699	1	\N	\N	286	6	866	3.00	2015-06-24	20263	B;cylN	1	\N	alive
22371	P14	112	Arecaceae	Oenocarpus	mapora	oenoma	\N	1145	\N	0100	334	34.90000	0.20000	14.90000	0.20000	416710	515789	416700	1	\N	main	123	1	108	1.30	1996-11-13	13466	M	1	\N	alive
24426	P14	112	Chrysobalanaceae	Hirtella	triandra	hirttr	\N	487	\N	0103	523	21.60000	64.30000	1.60000	4.30000	416711	515790	416701	1	\N	main	123	1	209	1.30	1996-11-13	13466	\N	1	\N	alive
2404525	P14	112	Chrysobalanaceae	Hirtella	triandra	hirttr	\N	487	\N	0103	523	21.60000	64.30000	1.60000	4.30000	416711	515790	416701	1	\N	main	204	2	227	1.30	2010-11-16	18582	\N	1	\N	alive
42906	P14	112	Chrysobalanaceae	Hirtella	triandra	hirttr	\N	487	\N	0103	523	21.60000	64.30000	1.60000	4.30000	416711	515790	416701	1	\N		256	3	234	1.30	2012-05-01	19114	\N	1	\N	alive
37593	P14	112	Chrysobalanaceae	Hirtella	triandra	hirttr	\N	487	\N	0103	523	21.60000	64.30000	1.60000	4.30000	416711	515790	416701	1	\N		268	4	238	1.30	2013-04-15	19463	\N	1	\N	alive
2413827	P14	112	Chrysobalanaceae	Hirtella	triandra	hirttr	\N	487	\N	0103	523	21.60000	64.30000	1.60000	4.30000	416711	515790	416701	1	\N	\N	278	5	238	1.30	2014-04-08	19821	\N	1	\N	alive
2422329	P14	112	Chrysobalanaceae	Hirtella	triandra	hirttr	\N	487	\N	0103	523	21.60000	64.30000	1.60000	4.30000	416711	515790	416701	1	\N	\N	286	6	241	1.30	2015-06-24	20263	\N	1	\N	alive
24563	P14	112	Burseraceae	Protium	panamense	protpa	\N	827	\N	0103	523	20.80000	64.70000	0.80000	4.70000	416712	515791	416702	1	\N	main	123	1	113	1.30	1996-11-13	13466	\N	1	\N	alive
2404526	P14	112	Burseraceae	Protium	panamense	protpa	\N	827	\N	0103	523	20.80000	64.70000	0.80000	4.70000	416712	515791	416702	1	\N	main	204	2	\N	\N	2010-11-16	18582	D;N	1	\N	dead
43034	P14	112	Burseraceae	Protium	panamense	protpa	\N	827	\N	0103	523	20.80000	64.70000	0.80000	4.70000	416712	515791	416702	1	\N		256	3	\N	0.00	2012-05-01	19114	D;N	1	\N	dead
24700	P14	112	Arecaceae	Socratea	exorrhiza	socrex	\N	1163	\N	0103	523	23.40000	65.90000	3.40000	5.90000	416713	515792	416703	1	\N	main	123	1	140	1.30	1996-11-13	13466	\N	1	\N	alive
2404527	P14	112	Arecaceae	Socratea	exorrhiza	socrex	\N	1163	\N	0103	523	23.40000	65.90000	3.40000	5.90000	416713	515792	416703	1	\N	main	204	2	\N	\N	2010-11-16	18582	D;C	1	\N	dead
43162	P14	112	Arecaceae	Socratea	exorrhiza	socrex	\N	1163	\N	0103	523	23.40000	65.90000	3.40000	5.90000	416713	515792	416703	1	\N		256	3	\N	0.00	2012-05-01	19114	D;C	1	\N	dead
24837	P14	112	Lauraceae	Cinnamomum	triplinerve	phoeci	\N	208	\N	0103	523	23.40000	68.10000	3.40000	8.10000	416714	515793	416704	1	\N	main	123	1	255	1.30	1996-11-13	13466	Q;M	1	\N	alive
25110	P14	112	Sapotaceae	Pouteria	reticulata	poutre	\N	1155	\N	0003	208	19.30000	75.80000	19.30000	15.80000	416715	515794	416705	1	\N	main	123	1	238	1.30	1996-11-13	13466	\N	1	\N	alive
2404529	P14	112	Sapotaceae	Pouteria	reticulata	poutre	\N	1155	\N	0003	208	19.30000	75.80000	19.30000	15.80000	416715	515794	416705	1	\N	main	204	2	347	1.30	2010-11-16	18582	\N	1	\N	alive
43418	P14	112	Sapotaceae	Pouteria	reticulata	poutre	\N	1155	\N	0003	208	19.30000	75.80000	19.30000	15.80000	416715	515794	416705	1	\N		256	3	\N	0.00	2012-05-01	19114	D;N	1	\N	dead
37724	P14	112	Sapotaceae	Pouteria	reticulata	poutre	\N	1155	\N	0003	208	19.30000	75.80000	19.30000	15.80000	416715	515794	416705	1	\N		268	4	350	1.30	2013-04-15	19463	\N	1	\N	alive
2414239	P14	112	Sapotaceae	Pouteria	reticulata	poutre	\N	1155	\N	0003	208	19.30000	75.80000	19.30000	15.80000	416715	515794	416705	1	\N	\N	278	5	352	1.30	2014-04-08	19821	\N	1	\N	alive
2422330	P14	112	Sapotaceae	Pouteria	reticulata	poutre	\N	1155	\N	0003	208	19.30000	75.80000	19.30000	15.80000	416715	515794	416705	1	\N	\N	286	6	352	1.30	2015-06-24	20263	\N	1	\N	alive
25246	P14	112	Myristicaceae	Virola	sebifera	virose	\N	1072	\N	0103	523	32.70000	63.50000	12.70000	3.50000	416716	515795	416706	1	\N	main	123	1	192	1.30	1996-11-13	13466	\N	1	\N	alive
2404530	P14	112	Myristicaceae	Virola	sebifera	virose	\N	1072	\N	0103	523	32.70000	63.50000	12.70000	3.50000	416716	515795	416706	1	\N	main	204	2	353	1.30	2010-11-16	18582	\N	1	\N	alive
43546	P14	112	Myristicaceae	Virola	sebifera	virose	\N	1072	\N	0103	523	32.70000	63.50000	12.70000	3.50000	416716	515795	416706	1	\N		256	3	353	1.30	2012-05-01	19114	\N	1	\N	alive
37855	P14	112	Myristicaceae	Virola	sebifera	virose	\N	1072	\N	0103	523	32.70000	63.50000	12.70000	3.50000	416716	515795	416706	1	\N		268	4	358	1.30	2013-04-15	19463	\N	1	\N	alive
2413842	P14	112	Myristicaceae	Virola	sebifera	virose	\N	1072	\N	0103	523	32.70000	63.50000	12.70000	3.50000	416716	515795	416706	1	\N	\N	278	5	358	1.30	2014-04-08	19821	\N	1	\N	alive
2422337	P14	112	Myristicaceae	Virola	sebifera	virose	\N	1072	\N	0103	523	32.70000	63.50000	12.70000	3.50000	416716	515795	416706	1	\N	\N	286	6	391	1.30	2015-06-24	20263	\N	1	\N	alive
25383	P14	112	Annonaceae	Annona	spraguei	annosp	\N	58	\N	0103	523	34.90000	61.10000	14.90000	1.10000	416717	515796	416707	1	\N	main	123	1	151	1.30	1996-11-13	13466	\N	1	\N	alive
2404531	P14	112	Annonaceae	Annona	spraguei	annosp	\N	58	\N	0103	523	34.90000	61.10000	14.90000	1.10000	416717	515796	416707	1	\N	main	204	2	209	1.30	2010-11-16	18582	\N	1	\N	alive
43674	P14	112	Annonaceae	Annona	spraguei	annosp	\N	58	\N	0103	523	34.90000	61.10000	14.90000	1.10000	416717	515796	416707	1	\N		256	3	209	1.30	2012-05-01	19114	\N	1	\N	alive
37986	P14	112	Annonaceae	Annona	spraguei	annosp	\N	58	\N	0103	523	34.90000	61.10000	14.90000	1.10000	416717	515796	416707	1	\N		268	4	\N	0.00	2013-04-15	19463	D;S	1	\N	dead
2413843	P14	112	Annonaceae	Annona	spraguei	annosp	\N	58	\N	0103	523	34.90000	61.10000	14.90000	1.10000	416717	515796	416707	1	\N	\N	278	5	\N	1.30	2014-04-08	19821	S;D	1	\N	dead
25520	P14	112	Bignoniaceae	Jacaranda	copaia	jac1co	\N	540	\N	0103	523	35.80000	63.10000	15.80000	3.10000	416718	515797	416708	1	\N	main	123	1	323	1.30	1996-11-13	13466	\N	1	\N	alive
2404532	P14	112	Bignoniaceae	Jacaranda	copaia	jac1co	\N	540	\N	0103	523	35.80000	63.10000	15.80000	3.10000	416718	515797	416708	1	\N	main	204	2	374	1.30	2010-11-16	18582	\N	1	\N	alive
43802	P14	112	Bignoniaceae	Jacaranda	copaia	jac1co	\N	540	\N	0103	523	35.80000	63.10000	15.80000	3.10000	416718	515797	416708	1	\N		256	3	375	1.30	2012-05-01	19114	\N	1	\N	alive
38117	P14	112	Bignoniaceae	Jacaranda	copaia	jac1co	\N	540	\N	0103	523	35.80000	63.10000	15.80000	3.10000	416718	515797	416708	1	\N		268	4	375	1.30	2013-04-15	19463	\N	1	\N	alive
2413849	P14	112	Bignoniaceae	Jacaranda	copaia	jac1co	\N	540	\N	0103	523	35.80000	63.10000	15.80000	3.10000	416718	515797	416708	1	\N	\N	278	5	380	1.30	2014-04-08	19821	\N	1	\N	alive
2422342	P14	112	Bignoniaceae	Jacaranda	copaia	jac1co	\N	540	\N	0103	523	35.80000	63.10000	15.80000	3.10000	416718	515797	416708	1	\N	\N	286	6	380	1.30	2015-06-24	20263	\N	1	\N	alive
25657	P14	112	Arecaceae	Oenocarpus	mapora	oenoma	\N	1145	\N	0103	523	38.90000	61.10000	18.90000	1.10000	416719	515798	416709	1	\N	main	123	1	121	1.30	1996-11-13	13466	M	1	\N	alive
26205	P14	112	Moraceae	Maquira	guianensis	maquco	\N	1137	\N	0103	523	36.70000	65.70000	16.70000	5.70000	416720	515799	416710	1	\N	main	123	1	156	1.30	1996-11-13	13466	Q;M	1	\N	alive
26479	P14	112	Moraceae	Poulsenia	armata	poular	\N	802	\N	0103	523	32.00000	67.70000	12.00000	7.70000	416721	515800	416711	1	\N	main	123	1	110	1.30	1996-11-13	13466	\N	1	\N	alive
2404538	P14	112	Moraceae	Poulsenia	armata	poular	\N	802	\N	0103	523	32.00000	67.70000	12.00000	7.70000	416721	515800	416711	1	\N	main	204	2	\N	\N	2010-11-16	18582	D;N	1	\N	dead
44570	P14	112	Moraceae	Poulsenia	armata	poular	\N	802	\N	0103	523	32.00000	67.70000	12.00000	7.70000	416721	515800	416711	1	\N		256	3	\N	0.00	2012-05-01	19114	D;N	1	\N	dead
26616	P14	112	Sapotaceae	Chrysophyllum	argenteum	chr2ar	\N	1118	\N	0103	523	32.70000	70.80000	12.70000	10.80000	416722	515801	416712	1	\N	main	123	1	113	1.30	1996-11-13	13466	\N	1	\N	alive
2404539	P14	112	Sapotaceae	Chrysophyllum	argenteum	chr2ar	\N	1118	\N	0103	523	32.70000	70.80000	12.70000	10.80000	416722	515801	416712	1	\N	main	204	2	137	1.30	2010-11-16	18582	\N	1	\N	alive
44698	P14	112	Sapotaceae	Chrysophyllum	argenteum	chr2ar	\N	1118	\N	0103	523	32.70000	70.80000	12.70000	10.80000	416722	515801	416712	1	\N		256	3	140	1.30	2012-05-01	19114	\N	1	\N	alive
38772	P14	112	Sapotaceae	Chrysophyllum	argenteum	chr2ar	\N	1118	\N	0103	523	32.70000	70.80000	12.70000	10.80000	416722	515801	416712	1	\N		268	4	140	1.30	2013-04-15	19463	\N	1	\N	alive
2413845	P14	112	Sapotaceae	Chrysophyllum	argenteum	chr2ar	\N	1118	\N	0103	523	32.70000	70.80000	12.70000	10.80000	416722	515801	416712	1	\N	\N	278	5	140	1.30	2014-04-08	19821	\N	1	\N	alive
2422339	P14	112	Sapotaceae	Chrysophyllum	argenteum	chr2ar	\N	1118	\N	0103	523	32.70000	70.80000	12.70000	10.80000	416722	515801	416712	1	\N	\N	286	6	141	1.30	2015-06-24	20263	\N	1	\N	alive
26753	P14	112	Erythropalaceae	Heisteria	concinna	heisco	\N	469	\N	0103	523	32.40000	70.90000	12.40000	10.90000	416723	515802	416713	1	\N	main	123	1	106	1.30	1996-11-13	13466	\N	1	\N	alive
2404540	P14	112	Erythropalaceae	Heisteria	concinna	heisco	\N	469	\N	0103	523	32.40000	70.90000	12.40000	10.90000	416723	515802	416713	1	\N	main	204	2	179	1.30	2010-11-16	18582	\N	1	\N	alive
44826	P14	112	Erythropalaceae	Heisteria	concinna	heisco	\N	469	\N	0103	523	32.40000	70.90000	12.40000	10.90000	416723	515802	416713	1	\N		256	3	180	1.30	2012-05-01	19114	\N	1	\N	alive
38903	P14	112	Erythropalaceae	Heisteria	concinna	heisco	\N	469	\N	0103	523	32.40000	70.90000	12.40000	10.90000	416723	515802	416713	1	\N		268	4	180	1.30	2013-04-15	19463	\N	1	\N	alive
2413846	P14	112	Erythropalaceae	Heisteria	concinna	heisco	\N	469	\N	0103	523	32.40000	70.90000	12.40000	10.90000	416723	515802	416713	1	\N	\N	278	5	180	1.30	2014-04-08	19821	\N	1	\N	alive
2422340	P14	112	Erythropalaceae	Heisteria	concinna	heisco	\N	469	\N	0103	523	32.40000	70.90000	12.40000	10.90000	416723	515802	416713	1	\N	\N	286	6	181	1.30	2015-06-24	20263	\N	1	\N	alive
26890	P14	112	Arecaceae	Oenocarpus	mapora	oenoma	\N	1145	\N	0103	523	39.00000	71.50000	19.00000	11.50000	416724	515803	416714	1	\N	main	123	1	123	1.30	1996-11-13	13466	M	1	\N	alive
27985	P14	112	Myristicaceae	Virola	surinamensis	virosu	\N	1075	\N	0103	523	36.80000	73.20000	16.80000	13.20000	416725	515804	416715	1	\N	main	123	1	413	3.80	1996-11-13	13466	Q;B	1	\N	alive
28121	P14	112	Myristicaceae	Virola	surinamensis	virosu	\N	1075	\N	0103	523	36.80000	73.20000	16.80000	13.20000	416725	515804	416715	1	\N	main	123	1	707	1.30	1997-01-02	13516	\N	0	\N	alive
2404548	P14	112	Myristicaceae	Virola	surinamensis	virosu	\N	1075	\N	0103	523	36.80000	73.20000	16.80000	13.20000	416725	515804	416715	1	\N	main	204	2	\N	\N	2010-11-16	18582	D;N	1	\N	dead
46612	P14	112	Myristicaceae	Virola	surinamensis	virosu	\N	1075	\N	0103	523	36.80000	73.20000	16.80000	13.20000	416725	515804	416715	1	\N		256	3	\N	0.00	2012-05-01	19114	D;N	1	\N	dead
28257	P14	112	Burseraceae	Protium	tenuifolium	protte		828	15	0103	523	30.75000	79.89000	10.75000	19.89000	416726	515805	416716	1	\N	main	123	1	198	1.30	1996-11-13	13466	M	1	\N	alive
28528	P14	112	Burseraceae	Protium	tenuifolium	protte		828	15	0104	577	27.30000	81.80000	7.30000	1.80000	416727	515806	416717	1	\N	main	123	1	179	1.30	1996-11-14	13467	M	1	\N	alive
28798	P14	112	Boraginaceae	Cordia	bicolor	cordbi	\N	263	\N	0104	577	30.10000	82.50000	10.10000	2.50000	416728	515807	416718	1	\N	main	123	1	126	1.30	1996-11-14	13467	\N	1	\N	alive
2404693	P14	112	Boraginaceae	Cordia	bicolor	cordbi	\N	263	\N	0104	577	30.10000	82.50000	10.10000	2.50000	416728	515807	416718	1	\N	main	204	2	244	1.30	2010-11-16	18582	\N	1	\N	alive
49152	P14	112	Boraginaceae	Cordia	bicolor	cordbi	\N	263	\N	0104	577	30.10000	82.50000	10.10000	2.50000	416728	515807	416718	1	\N		256	3	245	1.30	2012-05-01	19114	\N	1	\N	alive
43430	P14	112	Boraginaceae	Cordia	bicolor	cordbi	\N	263	\N	0104	577	30.10000	82.50000	10.10000	2.50000	416728	515807	416718	1	\N		268	4	246	1.30	2013-04-15	19463	\N	1	\N	alive
2413874	P14	112	Boraginaceae	Cordia	bicolor	cordbi	\N	263	\N	0104	577	30.10000	82.50000	10.10000	2.50000	416728	515807	416718	1	\N	\N	278	5	246	1.30	2014-04-08	19821	\N	1	\N	alive
2422359	P14	112	Boraginaceae	Cordia	bicolor	cordbi	\N	263	\N	0104	577	30.10000	82.50000	10.10000	2.50000	416728	515807	416718	1	\N	\N	286	6	250	1.30	2015-06-24	20263	\N	1	\N	alive
28933	P14	112	Meliaceae	Guarea	grandifolia	guargr	\N	434	\N	0104	577	23.80000	85.70000	3.80000	5.70000	416729	515808	416719	1	\N	main	123	1	331	1.30	1996-11-14	13467	\N	1	\N	alive
2404694	P14	112	Meliaceae	Guarea	grandifolia	guargr	\N	434	\N	0104	577	23.80000	85.70000	3.80000	5.70000	416729	515808	416719	1	\N	main	204	2	442	1.30	2010-11-16	18582	\N	1	\N	alive
49279	P14	112	Meliaceae	Guarea	grandifolia	guargr	\N	434	\N	0104	577	23.80000	85.70000	3.80000	5.70000	416729	515808	416719	1	\N		256	3	456	1.30	2012-05-02	19115	B;cylN	0	\N	alive
105722	P14	112	Meliaceae	Guarea	grandifolia	guargr	\N	434	\N	0104	577	23.80000	85.70000	3.80000	5.70000	416729	515808	416719	1	\N	main	256	3	409	3.00	2012-05-02	19115	B;cylY	1	\N	alive
43558	P14	112	Meliaceae	Guarea	grandifolia	guargr	\N	434	\N	0104	577	23.80000	85.70000	3.80000	5.70000	416729	515808	416719	1	\N		268	4	412	3.00	2013-04-12	19460	B;cylY	1	\N	alive
2413870	P14	112	Meliaceae	Guarea	grandifolia	guargr	\N	434	\N	0104	577	23.80000	85.70000	3.80000	5.70000	416729	515808	416719	1	\N	\N	278	5	418	3.00	2014-04-08	19821	B;cylY	1	\N	alive
2422355	P14	112	Meliaceae	Guarea	grandifolia	guargr	\N	434	\N	0104	577	23.80000	85.70000	3.80000	5.70000	416729	515808	416719	1	\N	\N	286	6	424	3.00	2015-06-24	20263	B;cylY	1	\N	alive
29068	P14	112	Burseraceae	Tetragastris	panamensis	tet2pa	\N	1007	\N	0104	577	25.80000	86.20000	5.80000	6.20000	416730	515809	416720	1	\N	main	123	1	173	1.30	1996-11-14	13467	\N	1	\N	alive
2404695	P14	112	Burseraceae	Tetragastris	panamensis	tet2pa	\N	1007	\N	0104	577	25.80000	86.20000	5.80000	6.20000	416730	515809	416720	1	\N	main	204	2	238	1.30	2010-11-16	18582	\N	1	\N	alive
49406	P14	112	Burseraceae	Tetragastris	panamensis	tet2pa	\N	1007	\N	0104	577	25.80000	86.20000	5.80000	6.20000	416730	515809	416720	1	\N		256	3	240	1.30	2012-05-01	19114	\N	1	\N	alive
43686	P14	112	Burseraceae	Tetragastris	panamensis	tet2pa	\N	1007	\N	0104	577	25.80000	86.20000	5.80000	6.20000	416730	515809	416720	1	\N		268	4	240	1.30	2013-04-15	19463	\N	1	\N	alive
2413872	P14	112	Burseraceae	Tetragastris	panamensis	tet2pa	\N	1007	\N	0104	577	25.80000	86.20000	5.80000	6.20000	416730	515809	416720	1	\N	\N	278	5	242	1.30	2014-04-08	19821	\N	1	\N	alive
2422357	P14	112	Burseraceae	Tetragastris	panamensis	tet2pa	\N	1007	\N	0104	577	25.80000	86.20000	5.80000	6.20000	416730	515809	416720	1	\N	\N	286	6	244	1.30	2015-06-24	20263	\N	1	\N	alive
29203	P14	112	Moraceae	Maquira	guianensis	maquco	\N	1137	\N	0104	577	25.30000	84.30000	5.30000	4.30000	416731	515810	416721	1	\N	main	123	1	102	1.30	1996-11-14	13467	\N	1	\N	alive
2404696	P14	112	Moraceae	Maquira	guianensis	maquco	\N	1137	\N	0104	577	25.30000	84.30000	5.30000	4.30000	416731	515810	416721	1	\N	main	204	2	\N	\N	2010-11-16	18582	D;N	1	\N	dead
49533	P14	112	Moraceae	Maquira	guianensis	maquco	\N	1137	\N	0104	577	25.30000	84.30000	5.30000	4.30000	416731	515810	416721	1	\N		256	3	\N	0.00	2012-05-01	19114	D;N	1	\N	dead
29338	P14	112	Urticaceae	Cecropia	insignis	cecrin	\N	177	\N	0104	577	31.30000	85.20000	11.30000	5.20000	416732	515811	416722	1	\N	main	123	1	113	1.30	1996-11-14	13467	\N	1	\N	alive
2404697	P14	112	Urticaceae	Cecropia	insignis	cecrin	\N	177	\N	0104	577	31.30000	85.20000	11.30000	5.20000	416732	515811	416722	1	\N	main	204	2	\N	\N	2010-11-16	18582	D;S	1	\N	dead
49659	P14	112	Urticaceae	Cecropia	insignis	cecrin	\N	177	\N	0104	577	31.30000	85.20000	11.30000	5.20000	416732	515811	416722	1	\N		256	3	\N	0.00	2012-05-01	19114	D;N	1	\N	dead
29473	P14	112	Boraginaceae	Cordia	bicolor	cordbi	\N	263	\N	0104	577	26.70000	94.00000	6.70000	14.00000	416733	515812	416723	1	\N	main	123	1	159	1.30	1996-11-14	13467	\N	1	\N	alive
2404698	P14	112	Boraginaceae	Cordia	bicolor	cordbi	\N	263	\N	0104	577	26.70000	94.00000	6.70000	14.00000	416733	515812	416723	1	\N	main	204	2	243	1.30	2010-11-16	18582	\N	1	\N	alive
49785	P14	112	Boraginaceae	Cordia	bicolor	cordbi	\N	263	\N	0104	577	26.70000	94.00000	6.70000	14.00000	416733	515812	416723	1	\N		256	3	246	1.30	2012-05-01	19114	\N	1	\N	alive
43814	P14	112	Boraginaceae	Cordia	bicolor	cordbi	\N	263	\N	0104	577	26.70000	94.00000	6.70000	14.00000	416733	515812	416723	1	\N		268	4	250	1.30	2013-04-15	19463	\N	1	\N	alive
2413873	P14	112	Boraginaceae	Cordia	bicolor	cordbi	\N	263	\N	0104	577	26.70000	94.00000	6.70000	14.00000	416733	515812	416723	1	\N	\N	278	5	251	1.30	2014-04-08	19821	\N	1	\N	alive
2422358	P14	112	Boraginaceae	Cordia	bicolor	cordbi	\N	263	\N	0104	577	26.70000	94.00000	6.70000	14.00000	416733	515812	416723	1	\N	\N	286	6	253	1.30	2015-06-24	20263	\N	1	\N	alive
29608	P14	112	Malvaceae	Pseudobombax	septenatum	pse1se	\N	831	\N	0104	577	30.10000	95.20000	10.10000	15.20000	416734	515814	416724	1	\N	main	123	1	111	1.30	1996-11-14	13467	\N	1	\N	alive
2404699	P14	112	Malvaceae	Pseudobombax	septenatum	pse1se	\N	831	\N	0104	577	30.10000	95.20000	10.10000	15.20000	416734	515814	416724	1	\N	main	204	2	340	1.30	2010-11-16	18582	\N	1	\N	alive
49911	P14	112	Malvaceae	Pseudobombax	septenatum	pse1se	\N	831	\N	0104	577	30.10000	95.20000	10.10000	15.20000	416734	515814	416724	1	\N		256	3	353	1.30	2012-05-01	19114	\N	1	\N	alive
43942	P14	112	Malvaceae	Pseudobombax	septenatum	pse1se	\N	831	\N	0104	577	30.10000	95.20000	10.10000	15.20000	416734	515814	416724	1	\N		268	4	365	1.30	2013-04-15	19463	\N	1	\N	alive
2413877	P14	112	Malvaceae	Pseudobombax	septenatum	pse1se	\N	831	\N	0104	577	30.10000	95.20000	10.10000	15.20000	416734	515814	416724	1	\N	\N	278	5	379	1.30	2014-04-08	19821	\N	1	\N	alive
2422362	P14	112	Malvaceae	Pseudobombax	septenatum	pse1se	\N	831	\N	0104	577	30.10000	95.20000	10.10000	15.20000	416734	515814	416724	1	\N	\N	286	6	385	1.30	2015-06-24	20263	\N	1	\N	alive
29743	P14	112	Boraginaceae	Cordia	bicolor	cordbi	\N	263	\N	0104	577	36.90000	97.80000	16.90000	17.80000	416735	515815	416725	1	\N	main	123	1	160	1.30	1996-11-14	13467	\N	1	\N	alive
2404700	P14	112	Boraginaceae	Cordia	bicolor	cordbi	\N	263	\N	0104	577	36.90000	97.80000	16.90000	17.80000	416735	515815	416725	1	\N	main	204	2	223	1.30	2010-11-16	18582	\N	1	\N	alive
50038	P14	112	Boraginaceae	Cordia	bicolor	cordbi	\N	263	\N	0104	577	36.90000	97.80000	16.90000	17.80000	416735	515815	416725	1	\N		256	3	224	1.30	2012-05-01	19114	\N	1	\N	alive
44070	P14	112	Boraginaceae	Cordia	bicolor	cordbi	\N	263	\N	0104	577	36.90000	97.80000	16.90000	17.80000	416735	515815	416725	1	\N		268	4	225	1.30	2013-04-15	19463	\N	1	\N	alive
2413883	P14	112	Boraginaceae	Cordia	bicolor	cordbi	\N	263	\N	0104	577	36.90000	97.80000	16.90000	17.80000	416735	515815	416725	1	\N	\N	278	5	225	1.30	2014-04-08	19821	\N	1	\N	alive
2422367	P14	112	Boraginaceae	Cordia	bicolor	cordbi	\N	263	\N	0104	577	36.90000	97.80000	16.90000	17.80000	416735	515815	416725	1	\N	\N	286	6	226	1.30	2015-06-24	20263	\N	1	\N	alive
29878	P14	112	Burseraceae	Protium	tenuifolium	protte		828	15	0104	577	39.60000	96.40000	19.60000	16.40000	416736	515816	416726	1	\N	main	123	1	114	1.30	1996-11-14	13467	\N	1	\N	alive
2404701	P14	112	Burseraceae	Protium	tenuifolium	protte		828	15	0104	577	39.60000	96.40000	19.60000	16.40000	416736	515816	416726	1	\N	main	204	2	159	1.30	2010-11-16	18582	\N	1	\N	alive
50165	P14	112	Burseraceae	Protium	tenuifolium	protte		828	15	0104	577	39.60000	96.40000	19.60000	16.40000	416736	515816	416726	1	\N		256	3	159	1.30	2012-05-01	19114	\N	1	\N	alive
44198	P14	112	Burseraceae	Protium	tenuifolium	protte		828	15	0104	577	39.60000	96.40000	19.60000	16.40000	416736	515816	416726	1	\N		268	4	160	1.30	2013-04-15	19463	\N	1	\N	alive
2413884	P14	112	Burseraceae	Protium	tenuifolium	protte		828	15	0104	577	39.60000	96.40000	19.60000	16.40000	416736	515816	416726	1	\N	\N	278	5	160	1.30	2014-04-08	19821	\N	1	\N	alive
2422368	P14	112	Burseraceae	Protium	tenuifolium	protte		828	15	0104	577	39.60000	96.40000	19.60000	16.40000	416736	515816	416726	1	\N	\N	286	6	160	1.30	2015-06-24	20263	\N	1	\N	alive
30013	P14	112	Erythropalaceae	Heisteria	concinna	heisco	\N	469	\N	0104	577	39.60000	80.60000	19.60000	0.60000	416737	515817	416727	1	\N	main	123	1	295	1.30	1996-11-14	13467	\N	1	\N	alive
2404702	P14	112	Erythropalaceae	Heisteria	concinna	heisco	\N	469	\N	0104	577	39.60000	80.60000	19.60000	0.60000	416737	515817	416727	1	\N	main	204	2	\N	\N	2010-11-16	18582	D;N	1	\N	dead
50292	P14	112	Erythropalaceae	Heisteria	concinna	heisco	\N	469	\N	0104	577	39.60000	80.60000	19.60000	0.60000	416737	515817	416727	1	\N		256	3	\N	0.00	2012-05-01	19114	D;N	1	\N	dead
30148	P14	112	Meliaceae	Guarea	grandifolia	guargr	\N	434	\N	0104	577	34.00000	82.60000	14.00000	2.60000	416738	515818	416728	1	\N	main	123	1	106	1.30	1996-11-14	13467	\N	1	\N	alive
2404703	P14	112	Meliaceae	Guarea	grandifolia	guargr	\N	434	\N	0104	577	34.00000	82.60000	14.00000	2.60000	416738	515818	416728	1	\N	main	204	2	151	1.30	2010-11-16	18582	\N	1	\N	alive
50419	P14	112	Meliaceae	Guarea	grandifolia	guargr	\N	434	\N	0104	577	34.00000	82.60000	14.00000	2.60000	416738	515818	416728	1	\N		256	3	151	1.30	2012-05-01	19114	\N	1	\N	alive
44326	P14	112	Meliaceae	Guarea	grandifolia	guargr	\N	434	\N	0104	577	34.00000	82.60000	14.00000	2.60000	416738	515818	416728	1	\N		268	4	153	1.30	2013-04-15	19463	\N	1	\N	alive
2413875	P14	112	Meliaceae	Guarea	grandifolia	guargr	\N	434	\N	0104	577	34.00000	82.60000	14.00000	2.60000	416738	515818	416728	1	\N	\N	278	5	153	1.30	2014-04-08	19821	\N	1	\N	alive
2422360	P14	112	Meliaceae	Guarea	grandifolia	guargr	\N	434	\N	0104	577	34.00000	82.60000	14.00000	2.60000	416738	515818	416728	1	\N	\N	286	6	153	1.30	2015-06-24	20263	\N	1	\N	alive
30283	P14	112	Arecaceae	Oenocarpus	mapora	oenoma	\N	1145	\N	0200	631	40.90000	0.60000	0.90000	0.60000	416739	515819	416729	1	\N	main	123	1	103	1.30	1996-11-13	13466	M	1	\N	alive
31767	P14	112	Arecaceae	Socratea	exorrhiza	socrex	\N	1163	\N	0200	631	44.10000	1.00000	4.10000	1.00000	416740	515820	416730	1	\N	main	123	1	110	1.90	1996-11-13	13466	\N	1	\N	alive
2410286	P14	112	Arecaceae	Socratea	exorrhiza	socrex	\N	1163	\N	0200	631	44.10000	1.00000	4.10000	1.00000	416740	515820	416730	1	\N	main	204	2	115	3.00	2010-11-18	18584	B;cylY	1	\N	alive
52694	P14	112	Arecaceae	Socratea	exorrhiza	socrex	\N	1163	\N	0200	631	44.10000	1.00000	4.10000	1.00000	416740	515820	416730	1	\N		256	3	115	3.00	2012-05-02	19115	B;cylY	1	\N	alive
46624	P14	112	Arecaceae	Socratea	exorrhiza	socrex	\N	1163	\N	0200	631	44.10000	1.00000	4.10000	1.00000	416740	515820	416730	1	\N		268	4	115	3.00	2013-04-12	19460	B;cylY	1	\N	alive
2413897	P14	112	Arecaceae	Socratea	exorrhiza	socrex	\N	1163	\N	0200	631	44.10000	1.00000	4.10000	1.00000	416740	515820	416730	1	\N	\N	278	5	115	3.00	2014-04-09	19822	B;cylY	1	\N	alive
2422371	P14	112	Arecaceae	Socratea	exorrhiza	socrex	\N	1163	\N	0200	631	44.10000	1.00000	4.10000	1.00000	416740	515820	416730	1	\N	\N	286	6	114	3.00	2015-06-25	20264	B;cylY	1	\N	alive
31902	P14	112	Rubiaceae	Amaioua	corymbosa	amaico	\N	34	\N	0200	631	43.50000	3.20000	3.50000	3.20000	416741	515821	416731	1	\N	main	123	1	119	1.30	1996-11-13	13466	\N	1	\N	alive
2404845	P14	112	Rubiaceae	Amaioua	corymbosa	amaico	\N	34	\N	0200	631	43.50000	3.20000	3.50000	3.20000	416741	515821	416731	1	\N	main	204	2	\N	\N	2010-11-15	18581	D;N	1	\N	dead
52820	P14	112	Rubiaceae	Amaioua	corymbosa	amaico	\N	34	\N	0200	631	43.50000	3.20000	3.50000	3.20000	416741	515821	416731	1	\N		256	3	\N	0.00	2012-05-01	19114	D;N	1	\N	dead
32037	P14	112	Fabaceae-papilionoideae	Lonchocarpus	heptaphyllus	loncla	\N	1134	\N	0200	631	47.40000	2.60000	7.40000	2.60000	416742	515822	416732	1	\N	main	123	1	416	1.70	1996-11-13	13466	\N	1	\N	alive
2404846	P14	112	Fabaceae-papilionoideae	Lonchocarpus	heptaphyllus	loncla	\N	1134	\N	0200	631	47.40000	2.60000	7.40000	2.60000	416742	515822	416732	1	\N	main	204	2	421	1.70	2010-11-15	18581	\N	1	\N	alive
52946	P14	112	Fabaceae-papilionoideae	Lonchocarpus	heptaphyllus	loncla	\N	1134	\N	0200	631	47.40000	2.60000	7.40000	2.60000	416742	515822	416732	1	\N		256	3	\N	0.00	2012-05-01	19114	D;S	1	\N	dead
46751	P14	112	Fabaceae-papilionoideae	Lonchocarpus	heptaphyllus	loncla	\N	1134	\N	0200	631	47.40000	2.60000	7.40000	2.60000	416742	515822	416732	1	\N		268	4	\N	0.00	2013-04-15	19463	D	1	\N	dead
32172	P14	112	Vochysiaceae	Vochysia	ferruginea	vochfe	\N	1082	\N	0200	631	42.00000	12.50000	2.00000	12.50000	416743	515823	416733	1	\N	main	123	1	307	1.30	1996-11-13	13466	\N	1	\N	alive
2404847	P14	112	Vochysiaceae	Vochysia	ferruginea	vochfe	\N	1082	\N	0200	631	42.00000	12.50000	2.00000	12.50000	416743	515823	416733	1	\N	main	204	2	\N	\N	2010-11-15	18581	D;N	1	\N	dead
53072	P14	112	Vochysiaceae	Vochysia	ferruginea	vochfe	\N	1082	\N	0200	631	42.00000	12.50000	2.00000	12.50000	416743	515823	416733	1	\N		256	3	\N	0.00	2012-05-01	19114	D;N	1	\N	dead
32307	P14	112	Arecaceae	Oenocarpus	mapora	oenoma	\N	1145	\N	0200	631	44.60000	17.10000	4.60000	17.10000	416744	515824	416734	1	\N	main	123	1	116	1.30	1996-11-13	13466	M	1	\N	alive
33252	P14	112	Lauraceae	Nectandra	cissiflora	nectci	\N	686	\N	0200	631	50.90000	14.50000	10.90000	14.50000	416745	515825	416735	1	\N	main	123	1	185	1.10	1996-11-13	13466	\N	1	\N	alive
33386	P14	112	Rutaceae	Zanthoxylum	ekmanii	zantbe	\N	1172	\N	0200	631	53.50000	15.20000	13.50000	15.20000	416746	515826	416736	1	\N	main	123	1	268	1.30	1996-11-13	13466	\N	1	\N	alive
2404855	P14	112	Rutaceae	Zanthoxylum	ekmanii	zantbe	\N	1172	\N	0200	631	53.50000	15.20000	13.50000	15.20000	416746	515826	416736	1	\N	main	204	2	\N	\N	2010-11-15	18581	D;S	1	\N	dead
54080	P14	112	Rutaceae	Zanthoxylum	ekmanii	zantbe	\N	1172	\N	0200	631	53.50000	15.20000	13.50000	15.20000	416746	515826	416736	1	\N		256	3	\N	0.00	2012-05-01	19114	D;N	1	\N	dead
33520	P14	112	Salicaceae	Casearia	sylvestris	casesy	\N	167	\N	0200	631	56.30000	19.40000	16.30000	19.40000	416747	515827	416737	1	1	main	123	1	177	1.30	1996-11-13	13466	\N	1	\N	alive
2404856	P14	112	Salicaceae	Casearia	sylvestris	casesy	\N	167	\N	0200	631	56.30000	19.40000	16.30000	19.40000	416747	515827	416737	1	1	main	204	2	200	1.30	2010-11-15	18581	\N	1	\N	alive
54206	P14	112	Salicaceae	Casearia	sylvestris	casesy	\N	167	\N	0200	631	56.30000	19.40000	16.30000	19.40000	416747	515827	416737	1	1		256	3	200	1.30	2012-05-01	19114	\N	1	\N	alive
47894	P14	112	Salicaceae	Casearia	sylvestris	casesy	\N	167	\N	0200	631	56.30000	19.40000	16.30000	19.40000	416747	515827	416737	1	1		268	4	201	1.30	2013-04-15	19463	\N	1	\N	alive
2413914	P14	112	Salicaceae	Casearia	sylvestris	casesy	\N	167	\N	0200	631	56.30000	19.40000	16.30000	19.40000	416747	515827	416737	1	1	\N	278	5	201	1.30	2014-04-09	19822	M	1	\N	alive
2422376	P14	112	Salicaceae	Casearia	sylvestris	casesy	\N	167	\N	0200	631	56.30000	19.40000	16.30000	19.40000	416747	515827	416737	1	1	\N	286	6	201	1.30	2015-06-25	20264	\N	1	\N	alive
33654	P14	112	Rutaceae	Zanthoxylum	ekmanii	zantbe	\N	1172	\N	0200	631	58.90000	15.20000	18.90000	15.20000	416748	515828	416738	1	\N	main	123	1	403	1.30	1996-11-13	13466	\N	1	\N	alive
2404857	P14	112	Rutaceae	Zanthoxylum	ekmanii	zantbe	\N	1172	\N	0200	631	58.90000	15.20000	18.90000	15.20000	416748	515828	416738	1	\N	main	204	2	530	1.30	2010-11-15	18581	\N	1	\N	alive
54332	P14	112	Rutaceae	Zanthoxylum	ekmanii	zantbe	\N	1172	\N	0200	631	58.90000	15.20000	18.90000	15.20000	416748	515828	416738	1	\N		256	3	535	1.30	2012-05-01	19114	\N	1	\N	alive
48021	P14	112	Rutaceae	Zanthoxylum	ekmanii	zantbe	\N	1172	\N	0200	631	58.90000	15.20000	18.90000	15.20000	416748	515828	416738	1	\N		268	4	535	1.30	2013-04-15	19463	\N	1	\N	alive
2413915	P14	112	Rutaceae	Zanthoxylum	ekmanii	zantbe	\N	1172	\N	0200	631	58.90000	15.20000	18.90000	15.20000	416748	515828	416738	1	\N	\N	278	5	533	1.30	2014-04-09	19822	\N	1	\N	alive
2422377	P14	112	Rutaceae	Zanthoxylum	ekmanii	zantbe	\N	1172	\N	0200	631	58.90000	15.20000	18.90000	15.20000	416748	515828	416738	1	\N	\N	286	6	536	1.30	2015-06-25	20264	\N	1	\N	alive
33788	P14	112	Boraginaceae	Cordia	bicolor	cordbi	\N	263	\N	0200	631	59.80000	14.30000	19.80000	14.30000	416749	515829	416739	1	\N	main	123	1	173	1.30	1996-11-13	13466	\N	1	\N	alive
2404858	P14	112	Boraginaceae	Cordia	bicolor	cordbi	\N	263	\N	0200	631	59.80000	14.30000	19.80000	14.30000	416749	515829	416739	1	\N	main	204	2	\N	\N	2010-11-15	18581	D;S	1	\N	dead
54458	P14	112	Boraginaceae	Cordia	bicolor	cordbi	\N	263	\N	0200	631	59.80000	14.30000	19.80000	14.30000	416749	515829	416739	1	\N		256	3	\N	0.00	2012-05-01	19114	D;N	1	\N	dead
33922	P14	112	Rutaceae	Zanthoxylum	ekmanii	zantbe	\N	1172	\N	0200	631	58.20000	11.80000	18.20000	11.80000	416750	515830	416740	1	\N	main	123	1	346	1.30	1996-11-13	13466	\N	1	\N	alive
2404859	P14	112	Rutaceae	Zanthoxylum	ekmanii	zantbe	\N	1172	\N	0200	631	58.20000	11.80000	18.20000	11.80000	416750	515830	416740	1	\N	main	204	2	\N	\N	2010-11-15	18581	D;S	1	\N	dead
54584	P14	112	Rutaceae	Zanthoxylum	ekmanii	zantbe	\N	1172	\N	0200	631	58.20000	11.80000	18.20000	11.80000	416750	515830	416740	1	\N		256	3	\N	0.00	2012-05-01	19114	D;N	1	\N	dead
34056	P14	112	Simaroubaceae	Simarouba	amara	simaam	\N	935	\N	0200	631	59.10000	10.80000	19.10000	10.80000	416751	515831	416741	1	\N	main	123	1	210	1.30	1996-11-13	13466	\N	1	\N	alive
2404860	P14	112	Simaroubaceae	Simarouba	amara	simaam	\N	935	\N	0200	631	59.10000	10.80000	19.10000	10.80000	416751	515831	416741	1	\N	main	204	2	\N	\N	2010-11-15	18581	D;S	1	\N	dead
54710	P14	112	Simaroubaceae	Simarouba	amara	simaam	\N	935	\N	0200	631	59.10000	10.80000	19.10000	10.80000	416751	515831	416741	1	\N		256	3	\N	0.00	2012-05-01	19114	D;N	1	\N	dead
34190	P14	112	Urticaceae	Cecropia	insignis	cecrin	\N	177	\N	0200	631	54.80000	10.10000	14.80000	10.10000	416752	515832	416742	1	\N	main	123	1	233	1.30	1996-11-13	13466	\N	1	\N	alive
2404861	P14	112	Urticaceae	Cecropia	insignis	cecrin	\N	177	\N	0200	631	54.80000	10.10000	14.80000	10.10000	416752	515832	416742	1	\N	main	204	2	\N	\N	2010-11-15	18581	D;N	1	\N	dead
54836	P14	112	Urticaceae	Cecropia	insignis	cecrin	\N	177	\N	0200	631	54.80000	10.10000	14.80000	10.10000	416752	515832	416742	1	\N		256	3	\N	0.00	2012-05-01	19114	D;N	1	\N	dead
34324	P14	112	Fabaceae-mimosoideae	Inga	cocleensis	ingaco	\N	529	\N	0200	631	51.30000	5.10000	11.30000	5.10000	416753	515833	416743	1	\N	main	123	1	136	1.30	1996-11-13	13466	\N	1	\N	alive
2404862	P14	112	Fabaceae-mimosoideae	Inga	cocleensis	ingaco	\N	529	\N	0200	631	51.30000	5.10000	11.30000	5.10000	416753	515833	416743	1	\N	main	204	2	\N	\N	2010-11-15	18581	D;N	1	\N	dead
54962	P14	112	Fabaceae-mimosoideae	Inga	cocleensis	ingaco	\N	529	\N	0200	631	51.30000	5.10000	11.30000	5.10000	416753	515833	416743	1	\N		256	3	\N	0.00	2012-05-01	19114	D;N	1	\N	dead
34458	P14	112	Boraginaceae	Cordia	alliodora	cordal	\N	262	\N	0200	631	52.10000	4.70000	12.10000	4.70000	416754	515834	416744	1	\N	main	123	1	136	1.30	1996-11-13	13466	\N	1	\N	alive
2404863	P14	112	Boraginaceae	Cordia	alliodora	cordal	\N	262	\N	0200	631	52.10000	4.70000	12.10000	4.70000	416754	515834	416744	1	\N	main	204	2	\N	\N	2010-11-15	18581	D;N	1	\N	dead
55088	P14	112	Boraginaceae	Cordia	alliodora	cordal	\N	262	\N	0200	631	52.10000	4.70000	12.10000	4.70000	416754	515834	416744	1	\N		256	3	\N	0.00	2012-05-01	19114	D;N	1	\N	dead
34592	P14	112	Myristicaceae	Virola	sebifera	virose	\N	1072	\N	0200	631	52.00000	1.00000	12.00000	1.00000	416755	515835	416745	1	\N	main	123	1	194	1.30	1996-11-13	13466	\N	1	\N	alive
2404864	P14	112	Myristicaceae	Virola	sebifera	virose	\N	1072	\N	0200	631	52.00000	1.00000	12.00000	1.00000	416755	515835	416745	1	\N	main	204	2	205	1.30	2010-11-15	18581	\N	1	\N	alive
55214	P14	112	Myristicaceae	Virola	sebifera	virose	\N	1072	\N	0200	631	52.00000	1.00000	12.00000	1.00000	416755	515835	416745	1	\N		256	3	207	1.30	2012-05-01	19114	\N	1	\N	alive
48148	P14	112	Myristicaceae	Virola	sebifera	virose	\N	1072	\N	0200	631	52.00000	1.00000	12.00000	1.00000	416755	515835	416745	1	\N		268	4	211	1.30	2013-04-15	19463	\N	1	\N	alive
2413907	P14	112	Myristicaceae	Virola	sebifera	virose	\N	1072	\N	0200	631	52.00000	1.00000	12.00000	1.00000	416755	515835	416745	1	\N	\N	278	5	211	1.30	2014-04-09	19822	\N	1	\N	alive
2422374	P14	112	Myristicaceae	Virola	sebifera	virose	\N	1072	\N	0200	631	52.00000	1.00000	12.00000	1.00000	416755	515835	416745	1	\N	\N	286	6	215	1.30	2015-06-25	20264	\N	1	\N	alive
34725	P14	112	Arecaceae	Oenocarpus	mapora	oenoma	\N	1145	\N	0200	631	55.80000	2.40000	15.80000	2.40000	416756	515836	416746	1	\N	main	123	1	118	1.30	1996-11-13	13466	M	1	\N	alive
35124	P14	112	Myrtaceae	Eugenia	galalonensis	eugega	\N	360	\N	0101	397	21.00000	21.00000	1.00000	1.00000	416757	515851	416747	1	\N	main	123	1	26	1.30	1996-11-13	13466	\N	1	\N	alive
2402737	P14	112	Myrtaceae	Eugenia	galalonensis	eugega	\N	360	\N	0101	397	21.00000	21.00000	1.00000	1.00000	416757	515851	416747	1	\N	main	204	2	32	1.30	2010-11-11	18577	\N	1	\N	alive
35256	P14	112	Violaceae	Hybanthus	prunifolius	hybapr	\N	494	\N	0101	397	21.50000	22.50000	1.50000	2.50000	416758	515852	416748	1	\N	main	123	1	20	1.30	1996-11-13	13466	\N	1	\N	alive
2402738	P14	112	Violaceae	Hybanthus	prunifolius	hybapr	\N	494	\N	0101	397	21.50000	22.50000	1.50000	2.50000	416758	515852	416748	1	\N	main	204	2	\N	\N	2010-11-11	18577	D;T	1	\N	dead
35388	P14	112	Melastomataceae	Mouriri	myrtilloides	mourmy	\N	671	\N	0101	397	23.00000	20.60000	3.00000	0.60000	416759	515853	416749	1	\N	main	123	1	11	1.30	1996-11-13	13466	\N	1	\N	alive
2402739	P14	112	Melastomataceae	Mouriri	myrtilloides	mourmy	\N	671	\N	0101	397	23.00000	20.60000	3.00000	0.60000	416759	515853	416749	1	\N	main	204	2	18	1.30	2010-11-11	18577	\N	1	\N	alive
35520	P14	112	Burseraceae	Protium	tenuifolium	protte		828	15	0101	397	23.10000	21.10000	3.10000	1.10000	416760	515854	416750	1	\N	main	123	1	16	1.30	1996-11-13	13466	\N	1	\N	alive
2402740	P14	112	Burseraceae	Protium	tenuifolium	protte		828	15	0101	397	23.10000	21.10000	3.10000	1.10000	416760	515854	416750	1	\N	main	204	2	21	1.30	2010-11-11	18577	\N	1	\N	alive
35652	P14	112	Violaceae	Hybanthus	prunifolius	hybapr	\N	494	\N	0101	397	23.50000	22.90000	3.50000	2.90000	416761	515855	416751	1	\N	main	123	1	21	1.30	1996-11-13	13466	\N	1	\N	alive
2402741	P14	112	Violaceae	Hybanthus	prunifolius	hybapr	\N	494	\N	0101	397	23.50000	22.90000	3.50000	2.90000	416761	515855	416751	1	\N	main	204	2	\N	\N	2010-11-11	18577	D;C	1	\N	dead
35784	P14	112	Myrtaceae	Eugenia	galalonensis	eugega	\N	360	\N	0101	397	23.10000	22.80000	3.10000	2.80000	416762	515856	416752	1	\N	main	123	1	11	1.30	1996-11-13	13466	\N	1	\N	alive
2402742	P14	112	Myrtaceae	Eugenia	galalonensis	eugega	\N	360	\N	0101	397	23.10000	22.80000	3.10000	2.80000	416762	515856	416752	1	\N	main	204	2	15	1.30	2010-11-11	18577	\N	1	\N	alive
35916	P14	112	Chrysobalanaceae	Hirtella	triandra	hirttr	\N	487	\N	0101	397	24.10000	22.50000	4.10000	2.50000	416763	515857	416753	1	\N	main	123	1	38	1.30	1996-11-13	13466	\N	1	\N	alive
2402743	P14	112	Chrysobalanaceae	Hirtella	triandra	hirttr	\N	487	\N	0101	397	24.10000	22.50000	4.10000	2.50000	416763	515857	416753	1	\N	main	204	2	40	1.30	2010-11-11	18577	\N	1	\N	alive
36048	P14	112	Salicaceae	Hasseltia	floribunda	hassfl	\N	465	\N	0101	397	23.90000	22.60000	3.90000	2.60000	416764	515858	416754	1	\N	main	123	1	111	1.30	1996-11-13	13466	L	1	\N	alive
2402744	P14	112	Salicaceae	Hasseltia	floribunda	hassfl	\N	465	\N	0101	397	23.90000	22.60000	3.90000	2.60000	416764	515858	416754	1	\N	main	204	2	\N	\N	2010-11-11	18577	D;T	1	\N	dead
36180	P14	112	Myrtaceae	Eugenia	galalonensis	eugega	\N	360	\N	0101	397	24.10000	22.80000	4.10000	2.80000	416765	515859	416755	1	\N	main	123	1	57	1.30	1996-11-13	13466	\N	1	\N	alive
2402745	P14	112	Myrtaceae	Eugenia	galalonensis	eugega	\N	360	\N	0101	397	24.10000	22.80000	4.10000	2.80000	416765	515859	416755	1	\N	main	204	2	65	1.30	2010-11-11	18577	\N	1	\N	alive
36312	P14	112	Burseraceae	Protium	panamense	protpa	\N	827	\N	0101	397	23.70000	23.80000	3.70000	3.80000	416766	515860	416756	1	\N	main	123	1	10	1.30	1996-11-13	13466	\N	1	\N	alive
2402746	P14	112	Burseraceae	Protium	panamense	protpa	\N	827	\N	0101	397	23.70000	23.80000	3.70000	3.80000	416766	515860	416756	1	\N	main	204	2	12	1.30	2010-11-11	18577	\N	1	\N	alive
36444	P14	112	Rubiaceae	Guettarda	foliacea	guetfo	\N	452	\N	0101	397	24.50000	23.90000	4.50000	3.90000	416767	515861	416757	1	\N	main	123	1	25	1.30	1996-11-13	13466	\N	1	\N	alive
2402747	P14	112	Rubiaceae	Guettarda	foliacea	guetfo	\N	452	\N	0101	397	24.50000	23.90000	4.50000	3.90000	416767	515861	416757	1	\N	main	204	2	29	1.30	2010-11-11	18577	\N	1	\N	alive
36576	P14	112	Meliaceae	Trichilia	tuberculata	tri2tu	\N	1169	\N	0101	397	24.70000	24.20000	4.70000	4.20000	416768	515862	416758	1	\N	main	123	1	28	1.30	1996-11-13	13466	\N	1	\N	alive
2402748	P14	112	Meliaceae	Trichilia	tuberculata	tri2tu	\N	1169	\N	0101	397	24.70000	24.20000	4.70000	4.20000	416768	515862	416758	1	\N	main	204	2	37	1.30	2010-11-11	18577	\N	1	\N	alive
36708	P14	112	Clusiaceae	Garcinia	intermedia	gar2in	\N	1125	\N	0101	397	20.50000	27.20000	0.50000	7.20000	416769	515864	416759	1	\N	main	123	1	11	1.30	1996-11-13	13466	\N	1	\N	alive
2402749	P14	112	Clusiaceae	Garcinia	intermedia	gar2in	\N	1125	\N	0101	397	20.50000	27.20000	0.50000	7.20000	416769	515864	416759	1	\N	main	204	2	26	1.30	2010-11-11	18577	\N	1	\N	alive
36840	P14	112	Rubiaceae	Alseis	blackiana	alsebl	\N	33	\N	0101	397	24.30000	29.30000	4.30000	9.30000	416770	515866	416760	1	\N	main	123	1	56	1.30	1996-11-13	13466	\N	1	\N	alive
2402750	P14	112	Rubiaceae	Alseis	blackiana	alsebl	\N	33	\N	0101	397	24.30000	29.30000	4.30000	9.30000	416770	515866	416760	1	\N	main	204	2	122	1.30	2010-11-11	18577	\N	1	\N	alive
33744	P14	112	Rubiaceae	Alseis	blackiana	alsebl	\N	33	\N	0101	397	24.30000	29.30000	4.30000	9.30000	416770	515866	416760	1	\N		256	3	133	1.30	2012-05-01	19114	\N	1	\N	alive
27953	P14	112	Rubiaceae	Alseis	blackiana	alsebl	\N	33	\N	0101	397	24.30000	29.30000	4.30000	9.30000	416770	515866	416760	1	\N		268	4	142	1.30	2013-04-15	19463	\N	1	\N	alive
2413757	P14	112	Rubiaceae	Alseis	blackiana	alsebl	\N	33	\N	0101	397	24.30000	29.30000	4.30000	9.30000	416770	515866	416760	1	\N	\N	278	5	162	1.30	2014-04-08	19821	\N	1	\N	alive
2422295	P14	112	Rubiaceae	Alseis	blackiana	alsebl	\N	33	\N	0101	397	24.30000	29.30000	4.30000	9.30000	416770	515866	416760	1	\N	\N	286	6	176	1.30	2015-06-24	20263	\N	1	\N	alive
36971	P14	112	Arecaceae	Oenocarpus	mapora	oenoma	\N	1145	\N	0101	397	21.90000	29.20000	1.90000	9.20000	416771	515867	416761	1	\N	main	123	1	83	1.30	1996-11-13	13466	\N	1	\N	alive
2402751	P14	112	Arecaceae	Oenocarpus	mapora	oenoma	\N	1145	\N	0101	397	21.90000	29.20000	1.90000	9.20000	416771	515867	416761	1	\N	main	204	2	108	1.30	2010-11-11	18577	\N	1	\N	alive
33878	P14	112	Arecaceae	Oenocarpus	mapora	oenoma	\N	1145	\N	0101	397	21.90000	29.20000	1.90000	9.20000	416771	515867	416761	1	\N		256	3	109	1.30	2012-05-01	19114	\N	1	\N	alive
28089	P14	112	Arecaceae	Oenocarpus	mapora	oenoma	\N	1145	\N	0101	397	21.90000	29.20000	1.90000	9.20000	416771	515867	416761	1	\N		268	4	109	1.30	2013-04-15	19463	\N	1	\N	alive
2413758	P14	112	Arecaceae	Oenocarpus	mapora	oenoma	\N	1145	\N	0101	397	21.90000	29.20000	1.90000	9.20000	416771	515867	416761	1	\N	\N	278	5	109	1.30	2014-04-08	19821	\N	1	\N	alive
2422296	P14	112	Arecaceae	Oenocarpus	mapora	oenoma	\N	1145	\N	0101	397	21.90000	29.20000	1.90000	9.20000	416771	515867	416761	1	\N	\N	286	6	109	1.30	2015-06-24	20263	\N	1	\N	alive
37102	P14	112	Rubiaceae	Coussarea	curvigemmia	cou2cu	\N	280	\N	0101	397	24.80000	28.80000	4.80000	8.80000	416772	515868	416762	1	\N	main	123	1	27	1.30	1996-11-13	13466	\N	1	\N	alive
2402752	P14	112	Rubiaceae	Coussarea	curvigemmia	cou2cu	\N	280	\N	0101	397	24.80000	28.80000	4.80000	8.80000	416772	515868	416762	1	\N	main	204	2	45	1.30	2010-11-11	18577	\N	1	\N	alive
37233	P14	112	Fabaceae-papilionoideae	Pterocarpus	rohrii	pterro	\N	869	\N	0101	397	24.80000	28.00000	4.80000	8.00000	416773	515869	416763	1	\N	main	123	1	39	1.30	1996-11-13	13466	\N	1	\N	alive
2402753	P14	112	Fabaceae-papilionoideae	Pterocarpus	rohrii	pterro	\N	869	\N	0101	397	24.80000	28.00000	4.80000	8.00000	416773	515869	416763	1	\N	main	204	2	45	1.30	2010-11-11	18577	\N	1	\N	alive
37364	P14	112	Annonaceae	Desmopsis	panamensis	des2pa	\N	316	\N	0101	397	23.50000	28.60000	3.50000	8.60000	416774	515870	416764	1	\N	main	123	1	19	1.30	1996-11-13	13466	\N	1	\N	alive
2402754	P14	112	Annonaceae	Desmopsis	panamensis	des2pa	\N	316	\N	0101	397	23.50000	28.60000	3.50000	8.60000	416774	515870	416764	1	\N	main	204	2	19	1.30	2010-11-11	18577	\N	1	\N	alive
37495	P14	112	Sapindaceae	Cupania	rufescens	cuparu	\N	299	\N	0101	397	24.40000	28.20000	4.40000	8.20000	416775	515871	416765	1	\N	main	123	1	55	1.30	1996-11-13	13466	\N	1	\N	alive
2402755	P14	112	Sapindaceae	Cupania	rufescens	cuparu	\N	299	\N	0101	397	24.40000	28.20000	4.40000	8.20000	416775	515871	416765	1	\N	main	204	2	\N	\N	2010-11-11	18577	D;S	1	\N	dead
37625	P14	112	Myrtaceae	Eugenia	galalonensis	eugega	\N	360	\N	0101	397	23.40000	27.70000	3.40000	7.70000	416776	515872	416766	1	\N	main	123	1	16	1.30	1996-11-13	13466	\N	1	\N	alive
37756	P14	112	Burseraceae	Tetragastris	panamensis	tet2pa	\N	1007	\N	0101	397	22.90000	25.10000	2.90000	5.10000	416777	515873	416767	1	\N	main	123	1	30	1.30	1996-11-13	13466	\N	1	\N	alive
2402757	P14	112	Burseraceae	Tetragastris	panamensis	tet2pa	\N	1007	\N	0101	397	22.90000	25.10000	2.90000	5.10000	416777	515873	416767	1	\N	main	204	2	33	1.30	2010-11-11	18577	\N	1	\N	alive
37887	P14	112	Rubiaceae	Coussarea	curvigemmia	cou2cu	\N	280	\N	0101	397	22.80000	25.50000	2.80000	5.50000	416778	515874	416768	1	\N	main	123	1	24	1.30	1996-11-13	13466	M	1	\N	alive
2402758	P14	112	Rubiaceae	Coussarea	curvigemmia	cou2cu	\N	280	\N	0101	397	22.80000	25.50000	2.80000	5.50000	416778	515874	416768	1	\N	main	204	2	\N	\N	2010-11-11	18577	D;N	1	\N	dead
38280	P14	112	Rubiaceae	Coussarea	curvigemmia	cou2cu	\N	280	\N	0101	397	22.80000	25.70000	2.80000	5.70000	416779	515875	416769	1	\N	main	123	1	36	1.30	1996-11-13	13466	\N	1	\N	alive
2402759	P14	112	Rubiaceae	Coussarea	curvigemmia	cou2cu	\N	280	\N	0101	397	22.80000	25.70000	2.80000	5.70000	416779	515875	416769	1	\N	main	204	2	60	1.30	2010-11-11	18577	\N	1	\N	alive
38411	P14	112	Fabaceae-papilionoideae	Swartzia	simplex	swars2	var.ochnacea	980	8	0101	397	22.60000	25.60000	2.60000	5.60000	416780	515876	416770	1	\N	main	123	1	14	1.30	1996-11-13	13466	\N	1	\N	alive
2402760	P14	112	Fabaceae-papilionoideae	Swartzia	simplex	swars2	var.ochnacea	980	8	0101	397	22.60000	25.60000	2.60000	5.60000	416780	515876	416770	1	\N	main	204	2	17	1.30	2010-11-11	18577	\N	1	\N	alive
38542	P14	112	Clusiaceae	Garcinia	intermedia	gar2in	\N	1125	\N	0101	397	20.30000	32.80000	0.30000	12.80000	416781	515877	416771	1	\N	main	123	1	16	1.30	1996-11-13	13466	\N	1	\N	alive
2402761	P14	112	Clusiaceae	Garcinia	intermedia	gar2in	\N	1125	\N	0101	397	20.30000	32.80000	0.30000	12.80000	416781	515877	416771	1	\N	main	204	2	18	1.30	2010-11-11	18577	\N	1	\N	alive
38673	P14	112	Moraceae	Sorocea	affinis	soroaf	\N	958	\N	0101	397	20.50000	32.80000	0.50000	12.80000	416782	515878	416772	1	\N	main	123	1	31	1.30	1996-11-13	13466	M	1	\N	alive
38935	P14	112	Annonaceae	Annona	acuminata	annoac	\N	49	\N	0101	397	21.40000	33.00000	1.40000	13.00000	416783	515879	416773	1	\N	main	123	1	20	1.30	1996-11-13	13466	\N	1	\N	alive
2402764	P14	112	Annonaceae	Annona	acuminata	annoac	\N	49	\N	0101	397	21.40000	33.00000	1.40000	13.00000	416783	515879	416773	1	\N	main	204	2	36	1.30	2010-11-11	18577	\N	1	\N	alive
39066	P14	112	Burseraceae	Tetragastris	panamensis	tet2pa	\N	1007	\N	0101	397	21.40000	33.70000	1.40000	13.70000	416784	515880	416774	1	\N	main	123	1	25	1.30	1996-11-13	13466	\N	1	\N	alive
39197	P14	112	Rubiaceae	Coussarea	curvigemmia	cou2cu	\N	280	\N	0101	397	20.50000	34.00000	0.50000	14.00000	416785	515881	416775	1	\N	main	123	1	24	1.30	1996-11-13	13466	M	1	\N	alive
39587	P14	112	Boraginaceae	Cordia	lasiocalyx	cordla	\N	269	\N	0101	397	21.90000	35.00000	1.90000	15.00000	416786	515882	416776	1	\N	main	123	1	26	1.30	1996-11-13	13466	\N	1	\N	alive
2402769	P14	112	Boraginaceae	Cordia	lasiocalyx	cordla	\N	269	\N	0101	397	21.90000	35.00000	1.90000	15.00000	416786	515882	416776	1	\N	main	204	2	\N	\N	2010-11-11	18577	D;N	1	\N	dead
39717	P14	112	Solanaceae	Cestrum	megalophyllum	cestme	\N	188	\N	0101	397	24.70000	33.70000	4.70000	13.70000	416787	515883	416777	1	\N	main	123	1	21	1.30	1996-11-13	13466	\N	1	\N	alive
2402770	P14	112	Solanaceae	Cestrum	megalophyllum	cestme	\N	188	\N	0101	397	24.70000	33.70000	4.70000	13.70000	416787	515883	416777	1	\N	main	204	2	\N	\N	2010-11-11	18577	D;N	1	\N	dead
39847	P14	112	Melastomataceae	Miconia	affinis	micoaf	\N	629	\N	0101	397	23.60000	32.80000	3.60000	12.80000	416788	515884	416778	1	\N	main	123	1	13	1.30	1996-11-13	13466	\N	1	\N	alive
2402771	P14	112	Melastomataceae	Miconia	affinis	micoaf	\N	629	\N	0101	397	23.60000	32.80000	3.60000	12.80000	416788	515884	416778	1	\N	main	204	2	64	1.30	2010-11-11	18577	\N	1	\N	alive
39977	P14	112	Burseraceae	Tetragastris	panamensis	tet2pa	\N	1007	\N	0101	397	21.30000	36.20000	1.30000	16.20000	416789	515885	416779	1	\N	main	123	1	184	1.30	1996-11-13	13466	\N	1	\N	alive
2402772	P14	112	Burseraceae	Tetragastris	panamensis	tet2pa	\N	1007	\N	0101	397	21.30000	36.20000	1.30000	16.20000	416789	515885	416779	1	\N	main	204	2	233	1.30	2010-11-11	18577	\N	1	\N	alive
34012	P14	112	Burseraceae	Tetragastris	panamensis	tet2pa	\N	1007	\N	0101	397	21.30000	36.20000	1.30000	16.20000	416789	515885	416779	1	\N		256	3	239	1.30	2012-05-01	19114	\N	1	\N	alive
28225	P14	112	Burseraceae	Tetragastris	panamensis	tet2pa	\N	1007	\N	0101	397	21.30000	36.20000	1.30000	16.20000	416789	515885	416779	1	\N		268	4	241	1.30	2013-04-15	19463	\N	1	\N	alive
2413759	P14	112	Burseraceae	Tetragastris	panamensis	tet2pa	\N	1007	\N	0101	397	21.30000	36.20000	1.30000	16.20000	416789	515885	416779	1	\N	\N	278	5	242	1.30	2014-04-08	19821	\N	1	\N	alive
2422297	P14	112	Burseraceae	Tetragastris	panamensis	tet2pa	\N	1007	\N	0101	397	21.30000	36.20000	1.30000	16.20000	416789	515885	416779	1	\N	\N	286	6	247	1.30	2015-06-24	20263	\N	1	\N	alive
40107	P14	112	Clusiaceae	Garcinia	intermedia	gar2in	\N	1125	\N	0101	397	20.70000	35.70000	0.70000	15.70000	416790	515886	416780	1	\N	main	123	1	48	1.30	1996-11-13	13466	\N	1	\N	alive
2402773	P14	112	Clusiaceae	Garcinia	intermedia	gar2in	\N	1125	\N	0101	397	20.70000	35.70000	0.70000	15.70000	416790	515886	416780	1	\N	main	204	2	65	1.30	2010-11-11	18577	\N	1	\N	alive
40237	P14	112	Elaeocarpaceae	Sloanea	terniflora	sloate	\N	1162	\N	0101	397	21.80000	36.80000	1.80000	16.80000	416791	515887	416781	1	\N	main	123	1	30	1.30	1996-11-13	13466	\N	1	\N	alive
2402774	P14	112	Elaeocarpaceae	Sloanea	terniflora	sloate	\N	1162	\N	0101	397	21.80000	36.80000	1.80000	16.80000	416791	515887	416781	1	\N	main	204	2	32	1.30	2010-11-11	18577	\N	1	\N	alive
40367	P14	112	Putranjivaceae	Drypetes	standleyi	drypst	\N	326	\N	0101	397	21.50000	37.10000	1.50000	17.10000	416792	515888	416782	1	\N	main	123	1	92	1.30	1996-11-13	13466	\N	1	\N	alive
2402775	P14	112	Putranjivaceae	Drypetes	standleyi	drypst	\N	326	\N	0101	397	21.50000	37.10000	1.50000	17.10000	416792	515888	416782	1	\N	main	204	2	103	1.30	2010-11-11	18577	\N	1	\N	alive
34146	P14	112	Putranjivaceae	Drypetes	standleyi	drypst	\N	326	\N	0101	397	21.50000	37.10000	1.50000	17.10000	416792	515888	416782	1	\N		256	3	104	1.30	2012-05-01	19114	\N	1	\N	alive
28361	P14	112	Putranjivaceae	Drypetes	standleyi	drypst	\N	326	\N	0101	397	21.50000	37.10000	1.50000	17.10000	416792	515888	416782	1	\N		268	4	105	1.30	2013-04-15	19463	L	1	\N	alive
2413760	P14	112	Putranjivaceae	Drypetes	standleyi	drypst	\N	326	\N	0101	397	21.50000	37.10000	1.50000	17.10000	416792	515888	416782	1	\N	\N	278	5	105	1.30	2014-04-08	19821	L	1	\N	alive
2422298	P14	112	Putranjivaceae	Drypetes	standleyi	drypst	\N	326	\N	0101	397	21.50000	37.10000	1.50000	17.10000	416792	515888	416782	1	\N	\N	286	6	\N	1.30	2015-06-24	20263	R	1	\N	broken below
40497	P14	112	Annonaceae	Desmopsis	panamensis	des2pa	\N	316	\N	0101	397	20.20000	38.90000	0.20000	18.90000	416793	515889	416783	1	\N	main	123	1	24	1.30	1996-11-13	13466	\N	1	\N	alive
2402776	P14	112	Annonaceae	Desmopsis	panamensis	des2pa	\N	316	\N	0101	397	20.20000	38.90000	0.20000	18.90000	416793	515889	416783	1	\N	main	204	2	27	1.30	2010-11-11	18577	\N	1	\N	alive
40627	P14	112	Clusiaceae	Garcinia	intermedia	gar2in	\N	1125	\N	0101	397	20.90000	39.20000	0.90000	19.20000	416794	515890	416784	1	\N	main	123	1	16	1.30	1996-11-13	13466	\N	1	\N	alive
2402777	P14	112	Clusiaceae	Garcinia	intermedia	gar2in	\N	1125	\N	0101	397	20.90000	39.20000	0.90000	19.20000	416794	515890	416784	1	\N	main	204	2	23	1.30	2010-11-11	18577	\N	1	\N	alive
40757	P14	112	Violaceae	Hybanthus	prunifolius	hybapr	\N	494	\N	0101	397	21.30000	39.60000	1.30000	19.60000	416795	515891	416785	1	\N	main	123	1	10	1.30	1996-11-13	13466	\N	1	\N	alive
2402778	P14	112	Violaceae	Hybanthus	prunifolius	hybapr	\N	494	\N	0101	397	21.30000	39.60000	1.30000	19.60000	416795	515891	416785	1	\N	main	204	2	\N	\N	2010-11-11	18577	D;N	1	\N	dead
40887	P14	112	Fabaceae-papilionoideae	Swartzia	simplex	swars2	var.ochnacea	980	8	0101	397	22.00000	39.30000	2.00000	19.30000	416796	515892	416786	1	\N	main	123	1	42	1.30	1996-11-13	13466	\N	1	\N	alive
2402779	P14	112	Fabaceae-papilionoideae	Swartzia	simplex	swars2	var.ochnacea	980	8	0101	397	22.00000	39.30000	2.00000	19.30000	416796	515892	416786	1	\N	main	204	2	44	1.30	2010-11-11	18577	\N	1	\N	alive
41017	P14	112	Burseraceae	Protium	panamense	protpa	\N	827	\N	0101	397	22.70000	39.50000	2.70000	19.50000	416797	515893	416787	1	\N	main	123	1	63	1.30	1996-11-13	13466	\N	1	\N	alive
2402780	P14	112	Burseraceae	Protium	panamense	protpa	\N	827	\N	0101	397	22.70000	39.50000	2.70000	19.50000	416797	515893	416787	1	\N	main	204	2	85	1.30	2010-11-11	18577	\N	1	\N	alive
41147	P14	112	Clusiaceae	Garcinia	intermedia	gar2in	\N	1125	\N	0101	397	25.36000	37.71000	5.36000	17.71000	416798	515894	416788	1	\N	main	123	1	49	1.30	1996-11-13	13466	M	1	\N	alive
41407	P14	112	Melastomataceae	Miconia	affinis	micoaf	\N	629	\N	0101	397	24.10000	36.70000	4.10000	16.70000	416799	515895	416789	1	\N	main	123	1	30	1.30	1996-11-13	13466	\N	1	\N	alive
2402782	P14	112	Melastomataceae	Miconia	affinis	micoaf	\N	629	\N	0101	397	24.10000	36.70000	4.10000	16.70000	416799	515895	416789	1	\N	main	204	2	45	1.30	2010-11-11	18577	\N	1	\N	alive
41536	P14	112	Meliaceae	Trichilia	tuberculata	tri2tu	\N	1169	\N	0101	397	23.40000	35.40000	3.40000	15.40000	416800	515896	416790	1	\N	main	123	1	17	1.30	1996-11-13	13466	\N	1	\N	alive
2402783	P14	112	Meliaceae	Trichilia	tuberculata	tri2tu	\N	1169	\N	0101	397	23.40000	35.40000	3.40000	15.40000	416800	515896	416790	1	\N	main	204	2	24	1.30	2010-11-11	18577	\N	1	\N	alive
41666	P14	112	Salicaceae	Laetia	thamnia	laetth	\N	553	\N	0101	397	22.80000	35.20000	2.80000	15.20000	416801	515897	416791	1	\N	main	123	1	55	1.30	1996-11-13	13466	\N	1	\N	alive
2402784	P14	112	Salicaceae	Laetia	thamnia	laetth	\N	553	\N	0101	397	22.80000	35.20000	2.80000	15.20000	416801	515897	416791	1	\N	main	204	2	\N	\N	2010-11-11	18577	D;S	1	\N	dead
41795	P14	112	Burseraceae	Tetragastris	panamensis	tet2pa	\N	1007	\N	0101	397	23.60000	36.60000	3.60000	16.60000	416802	515898	416792	1	\N	main	123	1	19	1.30	1996-11-13	13466	L	1	\N	alive
2402785	P14	112	Burseraceae	Tetragastris	panamensis	tet2pa	\N	1007	\N	0101	397	23.60000	36.60000	3.60000	16.60000	416802	515898	416792	1	\N	main	204	2	\N	\N	2010-11-11	18577	D;N	1	\N	dead
41924	P14	112	Rubiaceae	Faramea	occidentalis	faraoc	\N	379	\N	0101	397	22.80000	37.00000	2.80000	17.00000	416803	515899	416793	1	\N	main	123	1	16	1.30	1996-11-13	13466	\N	1	\N	alive
42053	P14	112	Rubiaceae	Faramea	occidentalis	faraoc	\N	379	\N	0101	397	25.10000	36.40000	5.10000	16.40000	416804	515900	416794	1	\N	main	123	1	14	1.30	1996-11-13	13466	\N	1	\N	alive
2402787	P14	112	Rubiaceae	Faramea	occidentalis	faraoc	\N	379	\N	0101	397	25.10000	36.40000	5.10000	16.40000	416804	515900	416794	1	\N	main	204	2	18	1.30	2010-11-11	18577	\N	1	\N	alive
42182	P14	112	Burseraceae	Protium	tenuifolium	protte		828	15	0101	397	25.30000	36.70000	5.30000	16.70000	416805	515901	416795	1	\N	main	123	1	21	1.30	1996-11-13	13466	\N	1	\N	alive
2402788	P14	112	Burseraceae	Protium	tenuifolium	protte		828	15	0101	397	25.30000	36.70000	5.30000	16.70000	416805	515901	416795	1	\N	main	204	2	34	1.30	2010-11-11	18577	\N	1	\N	alive
42310	P14	112	Annonaceae	Desmopsis	panamensis	des2pa	\N	316	\N	0101	397	26.10000	36.60000	6.10000	16.60000	416806	515902	416796	1	\N	main	123	1	23	1.30	1996-11-13	13466	M	1	\N	alive
2402789	P14	112	Annonaceae	Desmopsis	panamensis	des2pa	\N	316	\N	0101	397	26.10000	36.60000	6.10000	16.60000	416806	515902	416796	1	\N	main	204	2	\N	\N	2010-11-11	18577	D;C	1	\N	dead
42566	P14	112	Rhizophoraceae	Cassipourea	elliptica	cassel	\N	172	\N	0101	397	26.30000	36.90000	6.30000	16.90000	416807	515903	416797	1	\N	main	123	1	18	1.30	1996-11-13	13466	\N	1	\N	alive
2402790	P14	112	Rhizophoraceae	Cassipourea	elliptica	cassel	\N	172	\N	0101	397	26.30000	36.90000	6.30000	16.90000	416807	515903	416797	1	\N	main	204	2	20	1.30	2010-11-11	18577	\N	1	\N	alive
42694	P14	112	Fabaceae-papilionoideae	Swartzia	simplex	swars2	var.ochnacea	980	8	0101	397	26.80000	36.40000	6.80000	16.40000	416808	515904	416798	1	\N	main	123	1	53	1.30	1996-11-13	13466	\N	1	\N	alive
2402791	P14	112	Fabaceae-papilionoideae	Swartzia	simplex	swars2	var.ochnacea	980	8	0101	397	26.80000	36.40000	6.80000	16.40000	416808	515904	416798	1	\N	main	204	2	53	1.30	2010-11-11	18577	\N	1	\N	alive
42822	P14	112	Burseraceae	Tetragastris	panamensis	tet2pa	\N	1007	\N	0101	397	26.60000	37.50000	6.60000	17.50000	416809	515905	416799	1	\N	main	123	1	20	1.30	1996-11-13	13466	R1	1	\N	alive
2402792	P14	112	Burseraceae	Tetragastris	panamensis	tet2pa	\N	1007	\N	0101	397	26.60000	37.50000	6.60000	17.50000	416809	515905	416799	1	\N	main	204	2	\N	\N	2010-11-11	18577	D;S	1	\N	dead
42950	P14	112	Melastomataceae	Miconia	argentea	micoar	\N	630	\N	0101	397	27.30000	37.60000	7.30000	17.60000	416810	515906	416800	1	\N	main	123	1	14	1.30	1996-11-13	13466	\N	1	\N	alive
2402793	P14	112	Melastomataceae	Miconia	argentea	micoar	\N	630	\N	0101	397	27.30000	37.60000	7.30000	17.60000	416810	515906	416800	1	\N	main	204	2	\N	\N	2010-11-11	18577	D;T	1	\N	dead
43078	P14	112	Melastomataceae	Miconia	argentea	micoar	\N	630	\N	0101	397	28.20000	36.90000	8.20000	16.90000	416811	515907	416801	1	\N	main	123	1	32	1.30	1996-11-13	13466	\N	1	\N	alive
2402794	P14	112	Melastomataceae	Miconia	argentea	micoar	\N	630	\N	0101	397	28.20000	36.90000	8.20000	16.90000	416811	515907	416801	1	\N	main	204	2	\N	\N	2010-11-11	18577	D;T	1	\N	dead
43206	P14	112	Clusiaceae	Garcinia	intermedia	gar2in	\N	1125	\N	0101	397	29.00000	35.90000	9.00000	15.90000	416812	515909	416802	1	\N	main	123	1	16	1.30	1996-11-13	13466	\N	1	\N	alive
2402795	P14	112	Clusiaceae	Garcinia	intermedia	gar2in	\N	1125	\N	0101	397	29.00000	35.90000	9.00000	15.90000	416812	515909	416802	1	\N	main	204	2	18	1.30	2010-11-11	18577	\N	1	\N	alive
43334	P14	112	Fabaceae-mimosoideae	Inga	thibaudiana	ingath	\N	1133	\N	0101	397	29.90000	36.50000	9.90000	16.50000	416813	515910	416803	1	\N	main	123	1	15	1.30	1996-11-13	13466	\N	1	\N	alive
2402796	P14	112	Fabaceae-mimosoideae	Inga	thibaudiana	ingath	\N	1133	\N	0101	397	29.90000	36.50000	9.90000	16.50000	416813	515910	416803	1	\N	main	204	2	41	1.30	2010-11-11	18577	\N	1	\N	alive
43462	P14	112	Apocynaceae	Tabernaemontana	arborea	tab2ar	\N	990	\N	0101	397	27.90000	39.10000	7.90000	19.10000	416814	515911	416804	1	\N	main	123	1	27	1.30	1996-11-13	13466	\N	1	\N	alive
2402797	P14	112	Apocynaceae	Tabernaemontana	arborea	tab2ar	\N	990	\N	0101	397	27.90000	39.10000	7.90000	19.10000	416814	515911	416804	1	\N	main	204	2	38	1.30	2010-11-11	18577	\N	1	\N	alive
43590	P14	112	Rubiaceae	Coussarea	curvigemmia	cou2cu	\N	280	\N	0101	397	27.20000	33.30000	7.20000	13.30000	416815	515913	416805	1	\N	main	123	1	29	1.30	1996-11-13	13466	M	1	\N	alive
2402798	P14	112	Rubiaceae	Coussarea	curvigemmia	cou2cu	\N	280	\N	0101	397	27.20000	33.30000	7.20000	13.30000	416815	515913	416805	1	\N	main	204	2	\N	\N	2010-11-11	18577	D;N	1	\N	dead
43846	P14	112	Arecaceae	Oenocarpus	mapora	oenoma	\N	1145	\N	0101	397	27.30000	34.30000	7.30000	14.30000	416816	515914	416806	1	\N	main	123	1	106	1.30	1996-11-13	13466	M	1	\N	alive
44230	P14	112	Violaceae	Hybanthus	prunifolius	hybapr	\N	494	\N	0101	397	25.00000	25.10000	5.00000	5.10000	416817	515915	416807	1	\N	main	123	1	12	1.30	1996-11-13	13466	\N	1	\N	alive
2402801	P14	112	Violaceae	Hybanthus	prunifolius	hybapr	\N	494	\N	0101	397	25.00000	25.10000	5.00000	5.10000	416817	515915	416807	1	\N	main	204	2	22	1.30	2010-11-11	18577	\N	1	\N	alive
44358	P14	112	Annonaceae	Desmopsis	panamensis	des2pa	\N	316	\N	0101	397	25.30000	25.30000	5.30000	5.30000	416818	515916	416808	1	\N	main	123	1	10	1.30	1996-11-13	13466	\N	1	\N	alive
2402802	P14	112	Annonaceae	Desmopsis	panamensis	des2pa	\N	316	\N	0101	397	25.30000	25.30000	5.30000	5.30000	416818	515916	416808	1	\N	main	204	2	14	1.30	2010-11-11	18577	\N	1	\N	alive
44486	P14	112	Rubiaceae	Faramea	occidentalis	faraoc	\N	379	\N	0101	397	25.20000	26.10000	5.20000	6.10000	416819	515917	416809	1	\N	main	123	1	38	1.30	1996-11-13	13466	\N	1	\N	alive
2402803	P14	112	Rubiaceae	Faramea	occidentalis	faraoc	\N	379	\N	0101	397	25.20000	26.10000	5.20000	6.10000	416819	515917	416809	1	\N	main	204	2	\N	\N	2010-11-11	18577	D;N	1	\N	dead
44614	P14	112	Salicaceae	Casearia	arborea	casear	\N	1114	\N	0101	397	26.30000	26.30000	6.30000	6.30000	416820	515918	416810	1	\N	main	123	1	426	1.30	1996-11-13	13466	\N	1	\N	alive
2402804	P14	112	Salicaceae	Casearia	arborea	casear	\N	1114	\N	0101	397	26.30000	26.30000	6.30000	6.30000	416820	515918	416810	1	\N	main	204	2	\N	\N	2010-11-11	18577	D;N	1	\N	dead
44742	P14	112	Melastomataceae	Mouriri	myrtilloides	mourmy	\N	671	\N	0101	397	29.50000	29.80000	9.50000	9.80000	416821	516421	416811	1	\N	main	123	1	12	1.30	1996-11-13	13466	L	1	\N	alive
2402805	P14	112	Melastomataceae	Mouriri	myrtilloides	mourmy	\N	671	\N	0101	397	29.50000	29.80000	9.50000	9.80000	416821	516421	416811	1	\N	main	204	2	\N	\N	2010-11-11	18577	D;T	1	\N	dead
44870	P14	112	Sapindaceae	Cupania	seemannii	cupasy	\N	1120	\N	0101	397	29.70000	28.40000	9.70000	8.40000	416822	516422	416812	1	\N	main	123	1	83	1.30	1996-11-13	13466	M	1	\N	alive
46021	P14	112	Rubiaceae	Alseis	blackiana	alsebl	\N	33	\N	0101	397	28.80000	25.90000	8.80000	5.90000	416823	516423	416813	1	\N	main	123	1	340	1.30	1996-11-13	13466	\N	1	\N	alive
2410287	P14	112	Rubiaceae	Alseis	blackiana	alsebl	\N	33	\N	0101	397	28.80000	25.90000	8.80000	5.90000	416823	516423	416813	1	\N	main	204	2	430	1.30	2010-11-18	18584	B	0	\N	alive
2410288	P14	112	Rubiaceae	Alseis	blackiana	alsebl	\N	33	\N	0101	397	28.80000	25.90000	8.80000	5.90000	416823	516423	416813	1	\N	main	204	2	416	3.00	2010-11-18	18584	B;cylN	1	\N	alive
34548	P14	112	Rubiaceae	Alseis	blackiana	alsebl	\N	33	\N	0101	397	28.80000	25.90000	8.80000	5.90000	416823	516423	416813	1	\N		256	3	416	3.00	2012-05-02	19115	B;cylN	1	\N	alive
28901	P14	112	Rubiaceae	Alseis	blackiana	alsebl	\N	33	\N	0101	397	28.80000	25.90000	8.80000	5.90000	416823	516423	416813	1	\N		268	4	416	3.00	2013-04-12	19460	Q;B	1	\N	alive
2413763	P14	112	Rubiaceae	Alseis	blackiana	alsebl	\N	33	\N	0101	397	28.80000	25.90000	8.80000	5.90000	416823	516423	416813	1	\N	\N	278	5	416	3.00	2014-04-08	19821	B;cylN	1	\N	alive
2422300	P14	112	Rubiaceae	Alseis	blackiana	alsebl	\N	33	\N	0101	397	28.80000	25.90000	8.80000	5.90000	416823	516423	416813	1	\N	\N	286	6	420	3.00	2015-06-24	20263	B;cylN	1	\N	alive
46148	P14	112	Fabaceae-papilionoideae	Swartzia	simplex	swars2	var.ochnacea	980	8	0101	397	28.60000	25.00000	8.60000	5.00000	416824	516424	416814	1	\N	main	123	1	21	1.30	1996-11-13	13466	\N	1	\N	alive
2402812	P14	112	Fabaceae-papilionoideae	Swartzia	simplex	swars2	var.ochnacea	980	8	0101	397	28.60000	25.00000	8.60000	5.00000	416824	516424	416814	1	\N	main	204	2	22	1.30	2010-11-11	18577	\N	1	\N	alive
46275	P14	112	Chrysobalanaceae	Hirtella	triandra	hirttr	\N	487	\N	0101	397	25.20000	23.10000	5.20000	3.10000	416825	516426	416815	1	\N	main	123	1	20	1.30	1996-11-13	13466	\N	1	\N	alive
2402813	P14	112	Chrysobalanaceae	Hirtella	triandra	hirttr	\N	487	\N	0101	397	25.20000	23.10000	5.20000	3.10000	416825	516426	416815	1	\N	main	204	2	21	1.30	2010-11-11	18577	\N	1	\N	alive
46402	P14	112	Rubiaceae	Alseis	blackiana	alsebl	\N	33	\N	0101	397	26.50000	23.30000	6.50000	3.30000	416826	516427	416816	1	\N	main	123	1	21	1.30	1996-11-13	13466	\N	1	\N	alive
2402814	P14	112	Rubiaceae	Alseis	blackiana	alsebl	\N	33	\N	0101	397	26.50000	23.30000	6.50000	3.30000	416826	516427	416816	1	\N	main	204	2	25	1.30	2010-11-11	18577	\N	1	\N	alive
46529	P14	112	Apocynaceae	Lacmellea	panamensis	lacmpa	\N	549	\N	0101	397	25.40000	24.80000	5.40000	4.80000	416827	516428	416817	1	\N	main	123	1	178	1.30	1996-11-13	13466	M	1	\N	alive
46783	P14	112	Meliaceae	Trichilia	tuberculata	tri2tu	\N	1169	\N	0101	397	27.30000	24.00000	7.30000	4.00000	416828	516429	416818	1	\N	main	123	1	23	1.30	1996-11-13	13466	\N	1	\N	alive
2402817	P14	112	Meliaceae	Trichilia	tuberculata	tri2tu	\N	1169	\N	0101	397	27.30000	24.00000	7.30000	4.00000	416828	516429	416818	1	\N	main	204	2	28	1.30	2010-11-11	18577	\N	1	\N	alive
46910	P14	112	Annonaceae	Desmopsis	panamensis	des2pa	\N	316	\N	0101	397	28.20000	24.80000	8.20000	4.80000	416829	516430	416819	1	\N	main	123	1	26	1.30	1996-11-13	13466	\N	1	\N	alive
2402818	P14	112	Annonaceae	Desmopsis	panamensis	des2pa	\N	316	\N	0101	397	28.20000	24.80000	8.20000	4.80000	416829	516430	416819	1	\N	main	204	2	43	1.30	2010-11-11	18577	\N	1	\N	alive
47037	P14	112	Rubiaceae	Faramea	occidentalis	faraoc	\N	379	\N	0101	397	29.10000	23.10000	9.10000	3.10000	416830	516431	416820	1	\N	main	123	1	64	1.30	1996-11-13	13466	M	1	\N	alive
47291	P14	112	Moraceae	Maquira	guianensis	maquco	\N	1137	\N	0101	397	29.80000	22.50000	9.80000	2.50000	416831	516432	416821	1	\N	main	123	1	68	1.30	1996-11-13	13466	\N	1	\N	alive
2402821	P14	112	Moraceae	Maquira	guianensis	maquco	\N	1137	\N	0101	397	29.80000	22.50000	9.80000	2.50000	416831	516432	416821	1	\N	main	204	2	70	1.30	2010-11-11	18577	\N	1	\N	alive
47418	P14	112	Arecaceae	Oenocarpus	mapora	oenoma	\N	1145	\N	0101	397	29.80000	20.50000	9.80000	0.50000	416832	516433	416822	1	\N	main	123	1	108	1.30	1996-11-13	13466	M	1	\N	alive
48180	P14	112	Fabaceae-papilionoideae	Swartzia	simplex	swars2	var.ochnacea	980	8	0101	397	31.90000	21.50000	11.90000	1.50000	416833	516434	416823	1	\N	main	123	1	84	1.30	1996-11-13	13466	\N	1	\N	alive
2402824	P14	112	Fabaceae-papilionoideae	Swartzia	simplex	swars2	var.ochnacea	980	8	0101	397	31.90000	21.50000	11.90000	1.50000	416833	516434	416823	1	\N	main	204	2	87	1.30	2010-11-11	18577	\N	1	\N	alive
48307	P14	112	Myristicaceae	Virola	surinamensis	virosu	\N	1075	\N	0101	397	33.80000	23.70000	13.80000	3.70000	416834	516435	416824	1	\N	main	123	1	609	3.50	1996-11-13	13466	B	1	\N	alive
48434	P14	112	Myristicaceae	Virola	surinamensis	virosu	\N	1075	\N	0101	397	33.80000	23.70000	13.80000	3.70000	416834	516435	416824	1	\N	main	123	1	997	1.30	1997-01-02	13516	\N	0	\N	alive
2410289	P14	112	Myristicaceae	Virola	surinamensis	virosu	\N	1075	\N	0101	397	33.80000	23.70000	13.80000	3.70000	416834	516435	416824	1	\N	main	204	2	689	3.50	2010-11-18	18584	B	1	\N	alive
34947	P14	112	Myristicaceae	Virola	surinamensis	virosu	\N	1075	\N	0101	397	33.80000	23.70000	13.80000	3.70000	416834	516435	416824	1	\N		256	3	687	3.50	2012-05-02	19115	B;cylN	1	\N	alive
29306	P14	112	Myristicaceae	Virola	surinamensis	virosu	\N	1075	\N	0101	397	33.80000	23.70000	13.80000	3.70000	416834	516435	416824	1	\N		268	4	\N	3.50	2013-04-12	19460	D;S	1	\N	dead
2413767	P14	112	Myristicaceae	Virola	surinamensis	virosu	\N	1075	\N	0101	397	33.80000	23.70000	13.80000	3.70000	416834	516435	416824	1	\N	\N	278	5	\N	1.30	2014-04-08	19821	N;D	1	\N	dead
48561	P14	112	Clusiaceae	Garcinia	intermedia	gar2in	\N	1125	\N	0101	397	31.40000	23.60000	11.40000	3.60000	416835	516436	416825	1	\N	main	123	1	26	1.30	1996-11-13	13466	\N	1	\N	alive
2402825	P14	112	Clusiaceae	Garcinia	intermedia	gar2in	\N	1125	\N	0101	397	31.40000	23.60000	11.40000	3.60000	416835	516436	416825	1	\N	main	204	2	35	1.30	2010-11-11	18577	\N	1	\N	alive
48688	P14	112	Burseraceae	Protium	panamense	protpa	\N	827	\N	0101	397	33.40000	24.00000	13.40000	4.00000	416836	516437	416826	1	\N	main	123	1	15	1.30	1996-11-13	13466	\N	1	\N	alive
2402826	P14	112	Burseraceae	Protium	panamense	protpa	\N	827	\N	0101	397	33.40000	24.00000	13.40000	4.00000	416836	516437	416826	1	\N	main	204	2	\N	\N	2010-11-11	18577	D;N	1	\N	dead
48815	P14	112	Chrysobalanaceae	Hirtella	triandra	hirttr	\N	487	\N	0101	397	33.40000	24.90000	13.40000	4.90000	416837	516438	416827	1	\N	main	123	1	15	1.30	1996-11-13	13466	\N	1	\N	alive
2402827	P14	112	Chrysobalanaceae	Hirtella	triandra	hirttr	\N	487	\N	0101	397	33.40000	24.90000	13.40000	4.90000	416837	516438	416827	1	\N	main	204	2	\N	\N	2010-11-11	18577	D;N	1	\N	dead
48942	P14	112	Arecaceae	Oenocarpus	mapora	oenoma	\N	1145	\N	0101	397	34.40000	20.50000	14.40000	0.50000	416838	516439	416828	1	\N	main	123	1	98	1.30	1996-11-13	13466	M	1	\N	alive
49956	P14	112	Melastomataceae	Mouriri	myrtilloides	mourmy	\N	671	\N	0101	397	30.30000	27.50000	10.30000	7.50000	416839	516440	416829	1	\N	main	123	1	39	1.30	1996-11-13	13466	\N	1	\N	alive
2402833	P14	112	Melastomataceae	Mouriri	myrtilloides	mourmy	\N	671	\N	0101	397	30.30000	27.50000	10.30000	7.50000	416839	516440	416829	1	\N	main	204	2	46	1.30	2010-11-11	18577	\N	1	\N	alive
50083	P14	112	Rubiaceae	Coussarea	curvigemmia	cou2cu	\N	280	\N	0101	397	30.80000	29.40000	10.80000	9.40000	416840	516441	416830	1	\N	main	123	1	21	1.30	1996-11-13	13466	\N	1	\N	alive
2402834	P14	112	Rubiaceae	Coussarea	curvigemmia	cou2cu	\N	280	\N	0101	397	30.80000	29.40000	10.80000	9.40000	416840	516441	416830	1	\N	main	204	2	31	1.30	2010-11-11	18577	\N	1	\N	alive
50210	P14	112	Vochysiaceae	Vochysia	ferruginea	vochfe	\N	1082	\N	0101	397	32.20000	29.90000	12.20000	9.90000	416841	516442	416831	1	\N	main	123	1	160	1.30	1996-11-13	13466	\N	1	\N	alive
2402835	P14	112	Vochysiaceae	Vochysia	ferruginea	vochfe	\N	1082	\N	0101	397	32.20000	29.90000	12.20000	9.90000	416841	516442	416831	1	\N	main	204	2	293	1.30	2010-11-11	18577	\N	1	\N	alive
35080	P14	112	Vochysiaceae	Vochysia	ferruginea	vochfe	\N	1082	\N	0101	397	32.20000	29.90000	12.20000	9.90000	416841	516442	416831	1	\N		256	3	\N	0.00	2012-05-01	19114	D;C	1	\N	dead
29441	P14	112	Vochysiaceae	Vochysia	ferruginea	vochfe	\N	1082	\N	0101	397	32.20000	29.90000	12.20000	9.90000	416841	516442	416831	1	\N		268	4	\N	0.00	2013-04-15	19463	D;N	1	\N	dead
50337	P14	112	Clusiaceae	Garcinia	intermedia	gar2in	\N	1125	\N	0101	397	33.70000	28.20000	13.70000	8.20000	416842	516443	416832	1	\N	main	123	1	31	1.30	1996-11-13	13466	\N	1	\N	alive
2402836	P14	112	Clusiaceae	Garcinia	intermedia	gar2in	\N	1125	\N	0101	397	33.70000	28.20000	13.70000	8.20000	416842	516443	416832	1	\N	main	204	2	57	1.30	2010-11-11	18577	\N	1	\N	alive
50464	P14	112	Picramniaceae	Picramnia	latifolia	picrla	\N	762	\N	0101	397	33.70000	27.90000	13.70000	7.90000	416843	516444	416833	1	\N	main	123	1	31	1.30	1996-11-13	13466	\N	1	\N	alive
2402837	P14	112	Picramniaceae	Picramnia	latifolia	picrla	\N	762	\N	0101	397	33.70000	27.90000	13.70000	7.90000	416843	516444	416833	1	\N	main	204	2	\N	\N	2010-11-11	18577	D;N	1	\N	dead
50591	P14	112	Moraceae	Maquira	guianensis	maquco	\N	1137	\N	0101	397	33.90000	27.90000	13.90000	7.90000	416844	516445	416834	1	\N	main	123	1	104	1.30	1996-11-13	13466	\N	1	\N	alive
2402838	P14	112	Moraceae	Maquira	guianensis	maquco	\N	1137	\N	0101	397	33.90000	27.90000	13.90000	7.90000	416844	516445	416834	1	\N	main	204	2	117	1.30	2010-11-11	18577	\N	1	\N	alive
35212	P14	112	Moraceae	Maquira	guianensis	maquco	\N	1137	\N	0101	397	33.90000	27.90000	13.90000	7.90000	416844	516445	416834	1	\N		256	3	124	1.30	2012-05-01	19114	\N	1	\N	alive
29576	P14	112	Moraceae	Maquira	guianensis	maquco	\N	1137	\N	0101	397	33.90000	27.90000	13.90000	7.90000	416844	516445	416834	1	\N		268	4	130	1.30	2013-04-15	19463	\N	1	\N	alive
2413768	P14	112	Moraceae	Maquira	guianensis	maquco	\N	1137	\N	0101	397	33.90000	27.90000	13.90000	7.90000	416844	516445	416834	1	\N	\N	278	5	136	1.30	2014-04-08	19821	\N	1	\N	alive
2422303	P14	112	Moraceae	Maquira	guianensis	maquco	\N	1137	\N	0101	397	33.90000	27.90000	13.90000	7.90000	416844	516445	416834	1	\N	\N	286	6	139	1.30	2015-06-24	20263	\N	1	\N	alive
50718	P14	112	Burseraceae	Protium	panamense	protpa	\N	827	\N	0101	397	34.90000	26.10000	14.90000	6.10000	416845	516446	416835	1	\N	main	123	1	47	1.30	1996-11-13	13466	\N	1	\N	alive
2402839	P14	112	Burseraceae	Protium	panamense	protpa	\N	827	\N	0101	397	34.90000	26.10000	14.90000	6.10000	416845	516446	416835	1	\N	main	204	2	51	1.30	2010-11-11	18577	\N	1	\N	alive
50845	P14	112	Melastomataceae	Mouriri	myrtilloides	mourmy	\N	671	\N	0101	397	31.80000	30.90000	11.80000	10.90000	416846	516447	416836	1	\N	main	123	1	19	1.30	1996-11-13	13466	M	1	\N	alive
2402840	P14	112	Melastomataceae	Mouriri	myrtilloides	mourmy	\N	671	\N	0101	397	31.80000	30.90000	11.80000	10.90000	416846	516447	416836	1	\N	main	204	2	\N	\N	2010-11-11	18577	D;S	1	\N	dead
51099	P14	112	Sapotaceae	Chrysophyllum	argenteum	chr2ar	\N	1118	\N	0101	397	31.90000	31.40000	11.90000	11.40000	416847	516448	416837	1	\N	main	123	1	12	1.30	1996-11-13	13466	\N	1	\N	alive
2402841	P14	112	Sapotaceae	Chrysophyllum	argenteum	chr2ar	\N	1118	\N	0101	397	31.90000	31.40000	11.90000	11.40000	416847	516448	416837	1	\N	main	204	2	\N	\N	2010-11-11	18577	D;C	1	\N	dead
51226	P14	112	Rubiaceae	Alseis	blackiana	alsebl	\N	33	\N	0101	397	30.90000	34.10000	10.90000	14.10000	416848	516449	416838	1	\N	main	123	1	71	1.30	1996-11-13	13466	\N	1	\N	alive
2402842	P14	112	Rubiaceae	Alseis	blackiana	alsebl	\N	33	\N	0101	397	30.90000	34.10000	10.90000	14.10000	416848	516449	416838	1	\N	main	204	2	\N	\N	2010-11-11	18577	D;N	1	\N	dead
51353	P14	112	Moraceae	Sorocea	affinis	soroaf	\N	958	\N	0101	397	32.20000	34.40000	12.20000	14.40000	416849	516450	416839	1	\N	main	123	1	20	1.30	1996-11-13	13466	\N	1	\N	alive
2402843	P14	112	Moraceae	Sorocea	affinis	soroaf	\N	958	\N	0101	397	32.20000	34.40000	12.20000	14.40000	416849	516450	416839	1	\N	main	204	2	23	1.30	2010-11-11	18577	\N	1	\N	alive
51480	P14	112	Ebenaceae	Diospyros	artanthifolia	dio2ar	\N	320	\N	0101	397	32.40000	34.70000	12.40000	14.70000	416850	516451	416840	1	\N	main	123	1	99	1.30	1996-11-13	13466	\N	1	\N	alive
2402844	P14	112	Ebenaceae	Diospyros	artanthifolia	dio2ar	\N	320	\N	0101	397	32.40000	34.70000	12.40000	14.70000	416850	516451	416840	1	\N	main	204	2	110	1.30	2010-11-11	18577	\N	1	\N	alive
35344	P14	112	Ebenaceae	Diospyros	artanthifolia	dio2ar	\N	320	\N	0101	397	32.40000	34.70000	12.40000	14.70000	416850	516451	416840	1	\N		256	3	113	1.30	2012-05-01	19114	\N	1	\N	alive
29711	P14	112	Ebenaceae	Diospyros	artanthifolia	dio2ar	\N	320	\N	0101	397	32.40000	34.70000	12.40000	14.70000	416850	516451	416840	1	\N		268	4	120	1.30	2013-04-15	19463	\N	1	\N	alive
2413769	P14	112	Ebenaceae	Diospyros	artanthifolia	dio2ar	\N	320	\N	0101	397	32.40000	34.70000	12.40000	14.70000	416850	516451	416840	1	\N	\N	278	5	127	1.30	2014-04-08	19821	\N	1	\N	alive
2422304	P14	112	Ebenaceae	Diospyros	artanthifolia	dio2ar	\N	320	\N	0101	397	32.40000	34.70000	12.40000	14.70000	416850	516451	416840	1	\N	\N	286	6	135	1.30	2015-06-24	20263	\N	1	\N	alive
51606	P14	112	Rubiaceae	Alseis	blackiana	alsebl	\N	33	\N	0101	397	34.60000	33.00000	14.60000	13.00000	416851	516452	416841	1	\N	main	123	1	27	1.30	1996-11-13	13466	\N	1	\N	alive
2402845	P14	112	Rubiaceae	Alseis	blackiana	alsebl	\N	33	\N	0101	397	34.60000	33.00000	14.60000	13.00000	416851	516452	416841	1	\N	main	204	2	30	1.30	2010-11-11	18577	L	1	\N	alive
51732	P14	112	Moraceae	Sorocea	affinis	soroaf	\N	958	\N	0101	397	34.80000	30.90000	14.80000	10.90000	416852	516453	416842	1	\N	main	123	1	16	1.30	1996-11-13	13466	\N	1	\N	alive
2402846	P14	112	Moraceae	Sorocea	affinis	soroaf	\N	958	\N	0101	397	34.80000	30.90000	14.80000	10.90000	416852	516453	416842	1	\N	main	204	2	21	1.30	2010-11-11	18577	\N	1	\N	alive
51858	P14	112	Burseraceae	Tetragastris	panamensis	tet2pa	\N	1007	\N	0101	397	34.90000	30.30000	14.90000	10.30000	416853	516454	416843	1	\N	main	123	1	17	1.30	1996-11-13	13466	\N	1	\N	alive
2402847	P14	112	Burseraceae	Tetragastris	panamensis	tet2pa	\N	1007	\N	0101	397	34.90000	30.30000	14.90000	10.30000	416853	516454	416843	1	\N	main	204	2	33	1.30	2010-11-11	18577	\N	1	\N	alive
51984	P14	112	Burseraceae	Tetragastris	panamensis	tet2pa	\N	1007	\N	0101	397	33.40000	30.20000	13.40000	10.20000	416854	516455	416844	1	\N	main	123	1	11	1.30	1996-11-13	13466	\N	1	\N	alive
2402848	P14	112	Burseraceae	Tetragastris	panamensis	tet2pa	\N	1007	\N	0101	397	33.40000	30.20000	13.40000	10.20000	416854	516455	416844	1	\N	main	204	2	\N	\N	2010-11-11	18577	D;N	1	\N	dead
52110	P14	112	Clusiaceae	Garcinia	intermedia	gar2in	\N	1125	\N	0101	397	32.50000	30.40000	12.50000	10.40000	416855	516456	416845	1	\N	main	123	1	38	1.30	1996-11-13	13466	\N	1	\N	alive
2402849	P14	112	Clusiaceae	Garcinia	intermedia	gar2in	\N	1125	\N	0101	397	32.50000	30.40000	12.50000	10.40000	416855	516456	416845	1	\N	main	204	2	57	1.30	2010-11-11	18577	\N	1	\N	alive
52236	P14	112	Burseraceae	Protium	panamense	protpa	\N	827	\N	0101	397	32.70000	30.40000	12.70000	10.40000	416856	516458	416846	1	\N	main	123	1	39	1.30	1996-11-13	13466	M	1	\N	alive
2402850	P14	112	Burseraceae	Protium	panamense	protpa	\N	827	\N	0101	397	32.70000	30.40000	12.70000	10.40000	416856	516458	416846	1	\N	main	204	2	\N	\N	2010-11-11	18577	D;S	1	\N	dead
52488	P14	112	Myristicaceae	Virola	sebifera	virose	\N	1072	\N	0101	397	33.60000	31.00000	13.60000	11.00000	416857	516459	416847	1	\N	main	123	1	120	1.30	1996-11-13	13466	M	1	\N	alive
52865	P14	112	Burseraceae	Protium	panamense	protpa	\N	827	\N	0101	397	33.60000	31.20000	13.60000	11.20000	416858	516460	416848	1	\N	main	123	1	28	1.30	1996-11-13	13466	\N	1	\N	alive
2402854	P14	112	Burseraceae	Protium	panamense	protpa	\N	827	\N	0101	397	33.60000	31.20000	13.60000	11.20000	416858	516460	416848	1	\N	main	204	2	\N	\N	2010-11-11	18577	D;T	1	\N	dead
52991	P14	112	Rubiaceae	Alseis	blackiana	alsebl	\N	33	\N	0101	397	32.40000	32.00000	12.40000	12.00000	416859	516461	416849	1	\N	main	123	1	17	1.30	1996-11-13	13466	\N	1	\N	alive
53117	P14	112	Rubiaceae	Alseis	blackiana	alsebl	\N	33	\N	0101	397	31.50000	35.30000	11.50000	15.30000	416860	516463	416850	1	\N	main	123	1	17	1.30	1996-11-13	13466	\N	1	\N	alive
2402856	P14	112	Rubiaceae	Alseis	blackiana	alsebl	\N	33	\N	0101	397	31.50000	35.30000	11.50000	15.30000	416860	516463	416850	1	\N	main	204	2	24	1.30	2010-11-11	18577	\N	1	\N	alive
53243	P14	112	Euphorbiaceae	Croton	billbergianus	crotbi	\N	289	\N	0101	397	31.80000	36.30000	11.80000	16.30000	416861	516464	416851	1	\N	main	123	1	19	1.30	1996-11-13	13466	\N	1	\N	alive
2402857	P14	112	Euphorbiaceae	Croton	billbergianus	crotbi	\N	289	\N	0101	397	31.80000	36.30000	11.80000	16.30000	416861	516464	416851	1	\N	main	204	2	\N	\N	2010-11-11	18577	D;N	1	\N	dead
53369	P14	112	Violaceae	Hybanthus	prunifolius	hybapr	\N	494	\N	0101	397	30.20000	38.30000	10.20000	18.30000	416862	516465	416852	1	\N	main	123	1	18	1.30	1996-11-13	13466	L	1	\N	alive
2402858	P14	112	Violaceae	Hybanthus	prunifolius	hybapr	\N	494	\N	0101	397	30.20000	38.30000	10.20000	18.30000	416862	516465	416852	1	\N	main	204	2	\N	\N	2010-11-11	18577	D;N	1	\N	dead
53495	P14	112	Rubiaceae	Coussarea	curvigemmia	cou2cu	\N	280	\N	0101	397	30.20000	39.30000	10.20000	19.30000	416863	516466	416853	1	\N	main	123	1	20	1.30	1996-11-13	13466	M	1	\N	alive
53747	P14	112	Sapotaceae	Pouteria	reticulata	poutre	\N	1155	\N	0101	397	30.70000	39.20000	10.70000	19.20000	416864	516467	416854	1	\N	main	123	1	10	1.30	1996-11-13	13466	\N	1	\N	alive
2402860	P14	112	Sapotaceae	Pouteria	reticulata	poutre	\N	1155	\N	0101	397	30.70000	39.20000	10.70000	19.20000	416864	516467	416854	1	\N	main	204	2	\N	\N	2010-11-11	18577	D;N	1	\N	dead
53873	P14	112	Erythropalaceae	Heisteria	concinna	heisco	\N	469	\N	0101	397	33.40000	39.90000	13.40000	19.90000	416865	516468	416855	1	\N	main	123	1	32	1.30	1996-11-13	13466	\N	1	\N	alive
2402861	P14	112	Erythropalaceae	Heisteria	concinna	heisco	\N	469	\N	0101	397	33.40000	39.90000	13.40000	19.90000	416865	516468	416855	1	\N	main	204	2	42	1.30	2010-11-11	18577	\N	1	\N	alive
53999	P14	112	Clusiaceae	Garcinia	intermedia	gar2in	\N	1125	\N	0101	397	33.00000	39.20000	13.00000	19.20000	416866	516469	416856	1	\N	main	123	1	35	1.30	1996-11-13	13466	\N	1	\N	alive
2402862	P14	112	Clusiaceae	Garcinia	intermedia	gar2in	\N	1125	\N	0101	397	33.00000	39.20000	13.00000	19.20000	416866	516469	416856	1	\N	main	204	2	46	1.30	2010-11-11	18577	\N	1	\N	alive
54125	P14	112	Rubiaceae	Alseis	blackiana	alsebl	\N	33	\N	0101	397	34.80000	36.50000	14.80000	16.50000	416867	516470	416857	1	\N	main	123	1	18	1.30	1996-11-13	13466	\N	1	\N	alive
2402863	P14	112	Rubiaceae	Alseis	blackiana	alsebl	\N	33	\N	0101	397	34.80000	36.50000	14.80000	16.50000	416867	516470	416857	1	\N	main	204	2	20	1.30	2010-11-11	18577	\N	1	\N	alive
54251	P14	112	Fabaceae-caesalpinioideae	Schizolobium	parahyba	schipa	\N	925	\N	0101	397	33.80000	36.40000	13.80000	16.40000	416868	516471	416858	1	\N	main	123	1	12	1.30	1996-11-13	13466	\N	1	\N	alive
2402864	P14	112	Fabaceae-caesalpinioideae	Schizolobium	parahyba	schipa	\N	925	\N	0101	397	33.80000	36.40000	13.80000	16.40000	416868	516471	416858	1	\N	main	204	2	18	1.30	2010-11-11	18577	\N	1	\N	alive
54377	P14	112	Burseraceae	Tetragastris	panamensis	tet2pa	\N	1007	\N	0101	397	35.20000	36.50000	15.20000	16.50000	416869	516472	416859	1	\N	main	123	1	78	1.30	1996-11-13	13466	\N	1	\N	alive
2402865	P14	112	Burseraceae	Tetragastris	panamensis	tet2pa	\N	1007	\N	0101	397	35.20000	36.50000	15.20000	16.50000	416869	516472	416859	1	\N	main	204	2	90	1.30	2010-11-11	18577	\N	1	\N	alive
54503	P14	112	Burseraceae	Tetragastris	panamensis	tet2pa	\N	1007	\N	0101	397	36.00000	36.10000	16.00000	16.10000	416870	516473	416860	1	\N	main	123	1	29	1.30	1996-11-13	13466	\N	1	\N	alive
2402866	P14	112	Burseraceae	Tetragastris	panamensis	tet2pa	\N	1007	\N	0101	397	36.00000	36.10000	16.00000	16.10000	416870	516473	416860	1	\N	main	204	2	31	1.30	2010-11-11	18577	\N	1	\N	alive
54629	P14	112	Sapindaceae	Cupania	seemannii	cupasy	\N	1120	\N	0101	397	36.20000	37.00000	16.20000	17.00000	416871	516474	416861	1	\N	main	123	1	16	1.30	1996-11-13	13466	\N	1	\N	alive
54755	P14	112	Rubiaceae	Alseis	blackiana	alsebl	\N	33	\N	0101	397	37.10000	36.50000	17.10000	16.50000	416872	516475	416862	1	\N	main	123	1	27	1.30	1996-11-13	13466	\N	1	\N	alive
2402868	P14	112	Rubiaceae	Alseis	blackiana	alsebl	\N	33	\N	0101	397	37.10000	36.50000	17.10000	16.50000	416872	516475	416862	1	\N	main	204	2	29	1.30	2010-11-11	18577	\N	1	\N	alive
54881	P14	112	Moraceae	Sorocea	affinis	soroaf	\N	958	\N	0101	397	37.00000	38.70000	17.00000	18.70000	416873	516476	416863	1	\N	main	123	1	50	1.30	1996-11-13	13466	\N	1	\N	alive
2402869	P14	112	Moraceae	Sorocea	affinis	soroaf	\N	958	\N	0101	397	37.00000	38.70000	17.00000	18.70000	416873	516476	416863	1	\N	main	204	2	\N	\N	2010-11-11	18577	D;N	1	\N	dead
55007	P14	112	Fabaceae-papilionoideae	Swartzia	simplex	swars2	var.ochnacea	980	8	0101	397	37.40000	39.30000	17.40000	19.30000	416874	516477	416864	1	\N	main	123	1	72	1.30	1996-11-13	13466	\N	1	\N	alive
2402870	P14	112	Fabaceae-papilionoideae	Swartzia	simplex	swars2	var.ochnacea	980	8	0101	397	37.40000	39.30000	17.40000	19.30000	416874	516477	416864	1	\N	main	204	2	72	1.30	2010-11-11	18577	\N	1	\N	alive
55133	P14	112	Rubiaceae	Alseis	blackiana	alsebl	\N	33	\N	0101	397	37.70000	39.80000	17.70000	19.80000	416875	516478	416865	1	\N	main	123	1	18	1.30	1996-11-13	13466	\N	1	\N	alive
2402871	P14	112	Rubiaceae	Alseis	blackiana	alsebl	\N	33	\N	0101	397	37.70000	39.80000	17.70000	19.80000	416875	516478	416865	1	\N	main	204	2	257	1.30	2010-11-11	18577	\N	1	\N	alive
35872	P14	112	Rubiaceae	Alseis	blackiana	alsebl	\N	33	\N	0101	397	37.70000	39.80000	17.70000	19.80000	416875	516478	416865	1	\N		256	3	259	1.30	2012-05-01	19114	\N	1	\N	alive
30251	P14	112	Rubiaceae	Alseis	blackiana	alsebl	\N	33	\N	0101	397	37.70000	39.80000	17.70000	19.80000	416875	516478	416865	1	\N		268	4	260	1.30	2013-04-15	19463	\N	1	\N	alive
2413774	P14	112	Rubiaceae	Alseis	blackiana	alsebl	\N	33	\N	0101	397	37.70000	39.80000	17.70000	19.80000	416875	516478	416865	1	\N	\N	278	5	260	1.30	2014-04-08	19821	\N	1	\N	alive
2422307	P14	112	Rubiaceae	Alseis	blackiana	alsebl	\N	33	\N	0101	397	37.70000	39.80000	17.70000	19.80000	416875	516478	416865	1	\N	\N	286	6	263	1.30	2015-06-24	20263	\N	1	\N	alive
55259	P14	112	Clusiaceae	Garcinia	intermedia	gar2in	\N	1125	\N	0101	397	39.40000	39.00000	19.40000	19.00000	416876	516479	416866	1	\N	main	123	1	28	1.30	1996-11-13	13466	\N	1	\N	alive
2402872	P14	112	Clusiaceae	Garcinia	intermedia	gar2in	\N	1125	\N	0101	397	39.40000	39.00000	19.40000	19.00000	416876	516479	416866	1	\N	main	204	2	39	1.30	2010-11-11	18577	\N	1	\N	alive
55385	P14	112	Boraginaceae	Cordia	bicolor	cordbi	\N	263	\N	0101	397	39.70000	38.20000	19.70000	18.20000	416877	516480	416867	1	\N	main	123	1	22	1.30	1996-11-13	13466	\N	1	\N	alive
2402873	P14	112	Boraginaceae	Cordia	bicolor	cordbi	\N	263	\N	0101	397	39.70000	38.20000	19.70000	18.20000	416877	516480	416867	1	\N	main	204	2	\N	\N	2010-11-11	18577	D;N	1	\N	dead
55511	P14	112	Burseraceae	Protium	panamense	protpa	\N	827	\N	0101	397	38.20000	38.30000	18.20000	18.30000	416878	516481	416868	1	\N	main	123	1	37	1.30	1996-11-13	13466	\N	1	\N	alive
2402874	P14	112	Burseraceae	Protium	panamense	protpa	\N	827	\N	0101	397	38.20000	38.30000	18.20000	18.30000	416878	516481	416868	1	\N	main	204	2	51	1.30	2010-11-11	18577	\N	1	\N	alive
55637	P14	112	Clusiaceae	Garcinia	intermedia	gar2in	\N	1125	\N	0101	397	39.60000	36.50000	19.60000	16.50000	416879	516482	416869	1	\N	main	123	1	47	1.30	1996-11-13	13466	\N	1	\N	alive
2402875	P14	112	Clusiaceae	Garcinia	intermedia	gar2in	\N	1125	\N	0101	397	39.60000	36.50000	19.60000	16.50000	416879	516482	416869	1	\N	main	204	2	62	1.30	2010-11-11	18577	\N	1	\N	alive
55763	P14	112	Vochysiaceae	Vochysia	ferruginea	vochfe	\N	1082	\N	0101	397	36.40000	30.10000	16.40000	10.10000	416880	516483	416870	1	\N	main	123	1	95	1.30	1996-11-13	13466	\N	1	\N	alive
2402876	P14	112	Vochysiaceae	Vochysia	ferruginea	vochfe	\N	1082	\N	0101	397	36.40000	30.10000	16.40000	10.10000	416880	516483	416870	1	\N	main	204	2	\N	\N	2010-11-11	18577	D;N	1	\N	dead
55889	P14	112	Burseraceae	Protium	panamense	protpa	\N	827	\N	0101	397	36.40000	31.50000	16.40000	11.50000	416881	516484	416871	1	\N	main	123	1	61	1.30	1996-11-13	13466	\N	1	\N	alive
2402877	P14	112	Burseraceae	Protium	panamense	protpa	\N	827	\N	0101	397	36.40000	31.50000	16.40000	11.50000	416881	516484	416871	1	\N	main	204	2	68	1.30	2010-11-11	18577	\N	1	\N	alive
56015	P14	112	Meliaceae	Guarea	grandifolia	guargr	\N	434	\N	0101	397	36.10000	34.40000	16.10000	14.40000	416882	516485	416872	1	\N	main	123	1	360	1.30	1996-11-13	13466	\N	1	\N	alive
2402878	P14	112	Meliaceae	Guarea	grandifolia	guargr	\N	434	\N	0101	397	36.10000	34.40000	16.10000	14.40000	416882	516485	416872	1	\N	main	204	2	450	1.30	2010-11-11	18577	\N	1	\N	alive
36004	P14	112	Meliaceae	Guarea	grandifolia	guargr	\N	434	\N	0101	397	36.10000	34.40000	16.10000	14.40000	416882	516485	416872	1	\N		256	3	453	1.30	2012-05-01	19114	\N	1	\N	alive
30386	P14	112	Meliaceae	Guarea	grandifolia	guargr	\N	434	\N	0101	397	36.10000	34.40000	16.10000	14.40000	416882	516485	416872	1	\N		268	4	455	1.30	2013-04-15	19463	\N	1	\N	alive
2413773	P14	112	Meliaceae	Guarea	grandifolia	guargr	\N	434	\N	0101	397	36.10000	34.40000	16.10000	14.40000	416882	516485	416872	1	\N	\N	278	5	459	1.30	2014-04-08	19821	\N	1	\N	alive
2422306	P14	112	Meliaceae	Guarea	grandifolia	guargr	\N	434	\N	0101	397	36.10000	34.40000	16.10000	14.40000	416882	516485	416872	1	\N	\N	286	6	466	1.30	2015-06-24	20263	\N	1	\N	alive
56141	P14	112	Clusiaceae	Garcinia	intermedia	gar2in	\N	1125	\N	0101	397	39.70000	34.30000	19.70000	14.30000	416883	516486	416873	1	\N	main	123	1	20	1.30	1996-11-13	13466	\N	1	\N	alive
2402879	P14	112	Clusiaceae	Garcinia	intermedia	gar2in	\N	1125	\N	0101	397	39.70000	34.30000	19.70000	14.30000	416883	516486	416873	1	\N	main	204	2	22	1.30	2010-11-11	18577	\N	1	\N	alive
56267	P14	112	Sapindaceae	Cupania	seemannii	cupasy	\N	1120	\N	0101	397	39.50000	34.90000	19.50000	14.90000	416884	516487	416874	1	\N	main	123	1	19	1.30	1996-11-13	13466	\N	1	\N	alive
2402880	P14	112	Sapindaceae	Cupania	seemannii	cupasy	\N	1120	\N	0101	397	39.50000	34.90000	19.50000	14.90000	416884	516487	416874	1	\N	main	204	2	24	1.30	2010-11-11	18577	\N	1	\N	alive
56393	P14	112	Arecaceae	Socratea	exorrhiza	socrex	\N	1163	\N	0101	397	38.90000	33.10000	18.90000	13.10000	416885	516488	416875	1	\N	main	123	1	84	1.30	1996-11-13	13466	\N	1	\N	alive
2402881	P14	112	Arecaceae	Socratea	exorrhiza	socrex	\N	1163	\N	0101	397	38.90000	33.10000	18.90000	13.10000	416885	516488	416875	1	\N	main	204	2	\N	\N	2010-11-11	18577	D;N	1	\N	dead
56519	P14	112	Moraceae	Maquira	guianensis	maquco	\N	1137	\N	0101	397	35.30000	26.10000	15.30000	6.10000	416886	516489	416876	1	\N	main	123	1	58	1.30	1996-11-13	13466	\N	1	\N	alive
2402882	P14	112	Moraceae	Maquira	guianensis	maquco	\N	1137	\N	0101	397	35.30000	26.10000	15.30000	6.10000	416886	516489	416876	1	\N	main	204	2	87	1.30	2010-11-11	18577	\N	1	\N	alive
56645	P14	112	Myristicaceae	Virola	sebifera	virose	\N	1072	\N	0101	397	35.60000	28.00000	15.60000	8.00000	416887	516490	416877	1	\N	main	123	1	236	1.30	1996-11-13	13466	\N	1	\N	alive
2402883	P14	112	Myristicaceae	Virola	sebifera	virose	\N	1072	\N	0101	397	35.60000	28.00000	15.60000	8.00000	416887	516490	416877	1	\N	main	204	2	\N	\N	2010-11-11	18577	D;S	1	\N	dead
56770	P14	112	Arecaceae	Oenocarpus	mapora	oenoma	\N	1145	\N	0101	397	39.00000	27.70000	19.00000	7.70000	416888	516491	416878	1	\N	main	123	1	85	1.30	1996-11-13	13466	M	1	\N	alive
2402884	P14	112	Arecaceae	Oenocarpus	mapora	oenoma	\N	1145	\N	0101	397	39.00000	27.70000	19.00000	7.70000	416888	516491	416878	1	\N	main	204	2	\N	\N	2010-11-11	18577	D;N	1	\N	dead
57145	P14	112	Burseraceae	Protium	panamense	protpa	\N	827	\N	0101	397	36.90000	20.80000	16.90000	0.80000	416889	516492	416879	1	\N	main	123	1	34	1.30	1996-11-13	13466	\N	1	\N	alive
2402885	P14	112	Burseraceae	Protium	panamense	protpa	\N	827	\N	0101	397	36.90000	20.80000	16.90000	0.80000	416889	516492	416879	1	\N	main	204	2	37	1.30	2010-11-11	18577	\N	1	\N	alive
57270	P14	112	Clusiaceae	Garcinia	intermedia	gar2in	\N	1125	\N	0101	397	37.55000	25.81000	17.55000	5.81000	416890	516493	416880	1	\N	main	123	1	24	1.30	1996-11-13	13466	\N	1	\N	alive
57395	P14	112	Bignoniaceae	Tabebuia	guayacan	tab1gu	\N	986	\N	0101	397	38.90000	23.90000	18.90000	3.90000	416891	516494	416881	1	\N	main	123	1	13	1.30	1996-11-13	13466	\N	1	\N	alive
2402887	P14	112	Bignoniaceae	Tabebuia	guayacan	tab1gu	\N	986	\N	0101	397	38.90000	23.90000	18.90000	3.90000	416891	516494	416881	1	\N	main	204	2	17	1.30	2010-11-11	18577	\N	1	\N	alive
57520	P14	112	Myrtaceae	Eugenia	galalonensis	eugega	\N	360	\N	0102	460	20.10000	40.20000	0.10000	0.20000	416892	516534	416882	1	\N	main	123	1	34	1.30	1996-11-12	13465	\N	1	\N	alive
2403948	P14	112	Myrtaceae	Eugenia	galalonensis	eugega	\N	360	\N	0102	460	20.10000	40.20000	0.10000	0.20000	416892	516534	416882	1	\N	main	204	2	38	1.30	2010-11-10	18576	\N	1	\N	alive
57645	P14	112	Meliaceae	Trichilia	tuberculata	tri2tu	\N	1169	\N	0102	460	20.80000	40.70000	0.80000	0.70000	416893	516535	416883	1	\N	main	123	1	36	1.30	1996-11-12	13465	\N	1	\N	alive
2403949	P14	112	Meliaceae	Trichilia	tuberculata	tri2tu	\N	1169	\N	0102	460	20.80000	40.70000	0.80000	0.70000	416893	516535	416883	1	\N	main	204	2	\N	\N	2010-11-10	18576	D;N	1	\N	dead
57770	P14	112	Burseraceae	Tetragastris	panamensis	tet2pa	\N	1007	\N	0102	460	21.40000	41.40000	1.40000	1.40000	416894	516536	416884	1	\N	main	123	1	14	1.30	1996-11-12	13465	\N	1	\N	alive
57895	P14	112	Annonaceae	Mosannona	garwoodii	malmsp	\N	1139	\N	0102	460	21.80000	42.00000	1.80000	2.00000	416895	516537	416885	1	\N	main	123	1	54	1.30	1996-11-12	13465	\N	1	\N	alive
2403951	P14	112	Annonaceae	Mosannona	garwoodii	malmsp	\N	1139	\N	0102	460	21.80000	42.00000	1.80000	2.00000	416895	516537	416885	1	\N	main	204	2	65	1.30	2010-11-10	18576	\N	1	\N	alive
58020	P14	112	Fabaceae-mimosoideae	Inga	cocleensis	ingaco	\N	529	\N	0102	460	22.30000	42.00000	2.30000	2.00000	416896	516538	416886	1	\N	main	123	1	27	1.30	1996-11-12	13465	\N	1	\N	alive
2403952	P14	112	Fabaceae-mimosoideae	Inga	cocleensis	ingaco	\N	529	\N	0102	460	22.30000	42.00000	2.30000	2.00000	416896	516538	416886	1	\N	main	204	2	31	1.30	2010-11-10	18576	\N	1	\N	alive
58145	P14	112	Myrtaceae	Eugenia	galalonensis	eugega	\N	360	\N	0102	460	21.20000	42.20000	1.20000	2.20000	416897	516539	416887	1	\N	main	123	1	24	1.30	1996-11-12	13465	\N	1	\N	alive
2403953	P14	112	Myrtaceae	Eugenia	galalonensis	eugega	\N	360	\N	0102	460	21.20000	42.20000	1.20000	2.20000	416897	516539	416887	1	\N	main	204	2	29	1.30	2010-11-10	18576	\N	1	\N	alive
58270	P14	112	Rutaceae	Zanthoxylum	acuminatum	zantpr	\N	1099	\N	0102	460	20.80000	44.60000	0.80000	4.60000	416898	516540	416888	1	\N	main	123	1	277	1.30	1996-11-12	13465	\N	1	\N	alive
2403954	P14	112	Rutaceae	Zanthoxylum	acuminatum	zantpr	\N	1099	\N	0102	460	20.80000	44.60000	0.80000	4.60000	416898	516540	416888	1	\N	main	204	2	\N	\N	2010-11-10	18576	D;N	1	\N	dead
58395	P14	112	Fabaceae-papilionoideae	Swartzia	simplex	swars2	var.ochnacea	980	8	0102	460	21.40000	44.40000	1.40000	4.40000	416899	516541	416889	1	\N	main	123	1	30	1.30	1996-11-12	13465	L	1	\N	alive
2403955	P14	112	Fabaceae-papilionoideae	Swartzia	simplex	swars2	var.ochnacea	980	8	0102	460	21.40000	44.40000	1.40000	4.40000	416899	516541	416889	1	\N	main	204	2	30	1.30	2010-11-10	18576	\N	1	\N	alive
58520	P14	112	Burseraceae	Protium	panamense	protpa	\N	827	\N	0102	460	21.60000	44.40000	1.60000	4.40000	416900	516542	416890	1	\N	main	123	1	50	1.30	1996-11-12	13465	L	1	\N	alive
2403956	P14	112	Burseraceae	Protium	panamense	protpa	\N	827	\N	0102	460	21.60000	44.40000	1.60000	4.40000	416900	516542	416890	1	\N	main	204	2	50	1.30	2010-11-10	18576	\N	1	\N	alive
58645	P14	112	Ochnaceae	Ouratea	lucens	ouralu	\N	729	\N	0102	460	22.90000	44.30000	2.90000	4.30000	416901	516543	416891	1	\N	main	123	1	21	1.30	1996-11-12	13465	\N	1	\N	alive
2403957	P14	112	Ochnaceae	Ouratea	lucens	ouralu	\N	729	\N	0102	460	22.90000	44.30000	2.90000	4.30000	416901	516543	416891	1	\N	main	204	2	26	1.30	2010-11-10	18576	\N	1	\N	alive
58770	P14	112	Violaceae	Hybanthus	prunifolius	hybapr	\N	494	\N	0102	460	23.90000	42.50000	3.90000	2.50000	416902	516544	416892	1	\N	main	123	1	13	1.30	1996-11-12	13465	\N	1	\N	alive
2403958	P14	112	Violaceae	Hybanthus	prunifolius	hybapr	\N	494	\N	0102	460	23.90000	42.50000	3.90000	2.50000	416902	516544	416892	1	\N	main	204	2	\N	\N	2010-11-10	18576	D;T	1	\N	dead
58895	P14	112	Euphorbiaceae	Acalypha	diversifolia	acaldi	\N	6	\N	0102	460	23.80000	41.30000	3.80000	1.30000	416903	516545	416893	1	\N	main	123	1	14	1.30	1996-11-12	13465	\N	1	\N	alive
2403959	P14	112	Euphorbiaceae	Acalypha	diversifolia	acaldi	\N	6	\N	0102	460	23.80000	41.30000	3.80000	1.30000	416903	516545	416893	1	\N	main	204	2	\N	\N	2010-11-10	18576	D;T	1	\N	dead
59020	P14	112	Burseraceae	Tetragastris	panamensis	tet2pa	\N	1007	\N	0102	460	22.90000	41.70000	2.90000	1.70000	416904	516546	416894	1	\N	main	123	1	54	1.30	1996-11-12	13465	\N	1	\N	alive
2403960	P14	112	Burseraceae	Tetragastris	panamensis	tet2pa	\N	1007	\N	0102	460	22.90000	41.70000	2.90000	1.70000	416904	516546	416894	1	\N	main	204	2	59	1.30	2010-11-10	18576	\N	1	\N	alive
59145	P14	112	Burseraceae	Protium	panamense	protpa	\N	827	\N	0102	460	21.00000	47.30000	1.00000	7.30000	416905	516547	416895	1	\N	main	123	1	14	1.30	1996-11-12	13465	\N	1	\N	alive
2403961	P14	112	Burseraceae	Protium	panamense	protpa	\N	827	\N	0102	460	21.00000	47.30000	1.00000	7.30000	416905	516547	416895	1	\N	main	204	2	20	1.30	2010-11-10	18576	\N	1	\N	alive
59270	P14	112	Burseraceae	Protium	panamense	protpa	\N	827	\N	0102	460	20.80000	47.70000	0.80000	7.70000	416906	516548	416896	1	\N	main	123	1	20	1.30	1996-11-12	13465	\N	1	\N	alive
2403962	P14	112	Burseraceae	Protium	panamense	protpa	\N	827	\N	0102	460	20.80000	47.70000	0.80000	7.70000	416906	516548	416896	1	\N	main	204	2	36	1.30	2010-11-10	18576	\N	1	\N	alive
59395	P14	112	Burseraceae	Tetragastris	panamensis	tet2pa	\N	1007	\N	0102	460	20.50000	49.00000	0.50000	9.00000	416907	516549	416897	1	\N	main	123	1	18	1.30	1996-11-12	13465	\N	1	\N	alive
2403963	P14	112	Burseraceae	Tetragastris	panamensis	tet2pa	\N	1007	\N	0102	460	20.50000	49.00000	0.50000	9.00000	416907	516549	416897	1	\N	main	204	2	39	1.30	2010-11-10	18576	\N	1	\N	alive
59520	P14	112	Rubiaceae	Alseis	blackiana	alsebl	\N	33	\N	0102	460	23.50000	48.60000	3.50000	8.60000	416908	516551	416898	1	\N	main	123	1	378	1.30	1996-11-12	13465	Q	1	\N	alive
2410290	P14	112	Rubiaceae	Alseis	blackiana	alsebl	\N	33	\N	0102	460	23.50000	48.60000	3.50000	8.60000	416908	516551	416898	1	\N	main	204	2	397	1.30	2010-11-18	18584	B	0	\N	alive
2410291	P14	112	Rubiaceae	Alseis	blackiana	alsebl	\N	33	\N	0102	460	23.50000	48.60000	3.50000	8.60000	416908	516551	416898	1	\N	main	204	2	318	3.00	2010-11-18	18584	B;cylN	1	\N	alive
36136	P14	112	Rubiaceae	Alseis	blackiana	alsebl	\N	33	\N	0102	460	23.50000	48.60000	3.50000	8.60000	416908	516551	416898	1	\N		256	3	318	3.00	2012-05-02	19115	Q;B;cylN	1	\N	alive
30521	P14	112	Rubiaceae	Alseis	blackiana	alsebl	\N	33	\N	0102	460	23.50000	48.60000	3.50000	8.60000	416908	516551	416898	1	\N		268	4	319	3.00	2013-04-12	19460	Q;B;cylN	1	\N	alive
2413775	P14	112	Rubiaceae	Alseis	blackiana	alsebl	\N	33	\N	0102	460	23.50000	48.60000	3.50000	8.60000	416908	516551	416898	1	\N	\N	278	5	322	3.00	2014-04-08	19821	B;cylY	1	\N	alive
2422308	P14	112	Rubiaceae	Alseis	blackiana	alsebl	\N	33	\N	0102	460	23.50000	48.60000	3.50000	8.60000	416908	516551	416898	1	\N	\N	286	6	322	3.00	2015-06-24	20263	B;cylY	1	\N	alive
59645	P14	112	Melastomataceae	Mouriri	myrtilloides	mourmy	\N	671	\N	0102	460	24.40000	46.30000	4.40000	6.30000	416909	516552	416899	1	\N	main	123	1	11	1.30	1996-11-12	13465	\N	1	\N	alive
59770	P14	112	Arecaceae	Oenocarpus	mapora	oenoma	\N	1145	\N	0102	460	21.60000	54.30000	1.60000	14.30000	416910	516553	416900	1	\N	main	123	1	99	1.30	1996-11-12	13465	\N	1	\N	alive
59895	P14	112	Arecaceae	Oenocarpus	mapora	oenoma	\N	1145	\N	0102	460	21.40000	58.20000	1.40000	18.20000	416911	516554	416901	1	\N	main	123	1	107	1.30	1996-11-12	13465	M	1	\N	alive
62610	P14	112	Erythropalaceae	Heisteria	concinna	heisco	\N	469	\N	0102	460	21.80000	58.50000	1.80000	18.50000	416912	516555	416902	1	\N	main	123	1	64	1.30	1996-11-12	13465	\N	1	\N	alive
2403981	P14	112	Erythropalaceae	Heisteria	concinna	heisco	\N	469	\N	0102	460	21.80000	58.50000	1.80000	18.50000	416912	516555	416902	1	\N	main	204	2	85	1.30	2010-11-10	18576	\N	1	\N	alive
62733	P14	112	Burseraceae	Protium	panamense	protpa	\N	827	\N	0102	460	25.00000	55.40000	5.00000	15.40000	416913	516556	416903	1	\N	main	123	1	17	1.30	1996-11-12	13465	\N	1	\N	alive
2403982	P14	112	Burseraceae	Protium	panamense	protpa	\N	827	\N	0102	460	25.00000	55.40000	5.00000	15.40000	416913	516556	416903	1	\N	main	204	2	39	1.30	2010-11-10	18576	\N	1	\N	alive
62856	P14	112	Myristicaceae	Virola	sebifera	virose	\N	1072	\N	0102	460	25.80000	56.70000	5.80000	16.70000	416914	516557	416904	1	\N	main	123	1	299	1.30	1996-11-12	13465	\N	1	\N	alive
2403983	P14	112	Myristicaceae	Virola	sebifera	virose	\N	1072	\N	0102	460	25.80000	56.70000	5.80000	16.70000	416914	516557	416904	1	\N	main	204	2	\N	\N	2010-11-10	18576	D;N	1	\N	dead
62979	P14	112	Arecaceae	Oenocarpus	mapora	oenoma	\N	1145	\N	0102	460	26.20000	56.60000	6.20000	16.60000	416915	516558	416905	1	\N	main	123	1	61	1.30	1996-11-12	13465	\N	1	\N	alive
2403984	P14	112	Arecaceae	Oenocarpus	mapora	oenoma	\N	1145	\N	0102	460	26.20000	56.60000	6.20000	16.60000	416915	516558	416905	1	\N	main	204	2	\N	\N	2010-11-10	18576	D;N	1	\N	dead
63102	P14	112	Meliaceae	Guarea	grandifolia	guargr	\N	434	\N	0102	460	26.40000	57.10000	6.40000	17.10000	416916	516559	416906	1	\N	main	123	1	65	1.30	1996-11-12	13465	\N	1	\N	alive
2403985	P14	112	Meliaceae	Guarea	grandifolia	guargr	\N	434	\N	0102	460	26.40000	57.10000	6.40000	17.10000	416916	516559	416906	1	\N	main	204	2	114	1.30	2010-11-10	18576	\N	1	\N	alive
38105	P14	112	Meliaceae	Guarea	grandifolia	guargr	\N	434	\N	0102	460	26.40000	57.10000	6.40000	17.10000	416916	516559	416906	1	\N		256	3	118	1.30	2012-05-01	19114	\N	1	\N	alive
32545	P14	112	Meliaceae	Guarea	grandifolia	guargr	\N	434	\N	0102	460	26.40000	57.10000	6.40000	17.10000	416916	516559	416906	1	\N		268	4	156	1.30	2013-04-15	19463	\N	1	\N	alive
2413803	P14	112	Meliaceae	Guarea	grandifolia	guargr	\N	434	\N	0102	460	26.40000	57.10000	6.40000	17.10000	416916	516559	416906	1	\N	\N	278	5	169	1.30	2014-04-08	19821	\N	1	\N	alive
2422315	P14	112	Meliaceae	Guarea	grandifolia	guargr	\N	434	\N	0102	460	26.40000	57.10000	6.40000	17.10000	416916	516559	416906	1	\N	\N	286	6	190	1.30	2015-06-24	20263	\N	1	\N	alive
63224	P14	112	Fabaceae-papilionoideae	Platypodium	elegans	pla2el	\N	791	\N	0102	460	25.30000	58.30000	5.30000	18.30000	416917	516560	416907	1	\N	main	123	1	35	1.30	1996-11-12	13465	\N	1	\N	alive
2403986	P14	112	Fabaceae-papilionoideae	Platypodium	elegans	pla2el	\N	791	\N	0102	460	25.30000	58.30000	5.30000	18.30000	416917	516560	416907	1	\N	main	204	2	\N	\N	2010-11-10	18576	D;T	1	\N	dead
63347	P14	112	Lauraceae	Cinnamomum	triplinerve	phoeci	\N	208	\N	0102	460	29.80000	59.80000	9.80000	19.80000	416918	516561	416908	1	\N	main	123	1	16	1.30	1996-11-12	13465	\N	1	\N	alive
2403987	P14	112	Lauraceae	Cinnamomum	triplinerve	phoeci	\N	208	\N	0102	460	29.80000	59.80000	9.80000	19.80000	416918	516561	416908	1	\N	main	204	2	\N	\N	2010-11-10	18576	D;N	1	\N	dead
63469	P14	112	Violaceae	Hybanthus	prunifolius	hybapr	\N	494	\N	0102	460	28.40000	58.10000	8.40000	18.10000	416919	516562	416909	1	\N	main	123	1	11	1.30	1996-11-12	13465	\N	1	\N	alive
2403988	P14	112	Violaceae	Hybanthus	prunifolius	hybapr	\N	494	\N	0102	460	28.40000	58.10000	8.40000	18.10000	416919	516562	416909	1	\N	main	204	2	\N	\N	2010-11-10	18576	D;N	1	\N	dead
63591	P14	112	Erythroxylaceae	Erythroxylum	macrophyllum	ery2ma	\N	1124	\N	0102	460	28.70000	58.00000	8.70000	18.00000	416920	516563	416910	1	\N	main	123	1	40	1.30	1996-11-12	13465	\N	1	\N	alive
2403989	P14	112	Erythroxylaceae	Erythroxylum	macrophyllum	ery2ma	\N	1124	\N	0102	460	28.70000	58.00000	8.70000	18.00000	416920	516563	416910	1	\N	main	204	2	48	1.30	2010-11-10	18576	\N	1	\N	alive
63713	P14	112	Burseraceae	Protium	panamense	protpa	\N	827	\N	0102	460	28.90000	57.70000	8.90000	17.70000	416921	516564	416911	1	\N	main	123	1	28	1.30	1996-11-12	13465	\N	1	\N	alive
2403990	P14	112	Burseraceae	Protium	panamense	protpa	\N	827	\N	0102	460	28.90000	57.70000	8.90000	17.70000	416921	516564	416911	1	\N	main	204	2	39	1.30	2010-11-10	18576	\N	1	\N	alive
63835	P14	112	Clusiaceae	Garcinia	intermedia	gar2in	\N	1125	\N	0102	460	28.60000	57.50000	8.60000	17.50000	416922	516565	416912	1	\N	main	123	1	12	1.30	1996-11-12	13465	\N	1	\N	alive
2403991	P14	112	Clusiaceae	Garcinia	intermedia	gar2in	\N	1125	\N	0102	460	28.60000	57.50000	8.60000	17.50000	416922	516565	416912	1	\N	main	204	2	\N	\N	2010-11-10	18576	D;N	1	\N	dead
63957	P14	112	Rhizophoraceae	Cassipourea	elliptica	cassel	\N	172	\N	0102	460	29.50000	55.20000	9.50000	15.20000	416923	516566	416913	1	\N	main	123	1	14	1.30	1996-11-12	13465	\N	1	\N	alive
64079	P14	112	Rubiaceae	Coussarea	curvigemmia	cou2cu	\N	280	\N	0102	460	28.50000	55.00000	8.50000	15.00000	416924	516567	416914	1	\N	main	123	1	39	1.30	1996-11-12	13465	\N	1	\N	alive
2403993	P14	112	Rubiaceae	Coussarea	curvigemmia	cou2cu	\N	280	\N	0102	460	28.50000	55.00000	8.50000	15.00000	416924	516567	416914	1	\N	main	204	2	\N	\N	2010-11-10	18576	D;N	1	\N	dead
64201	P14	112	Rubiaceae	Faramea	occidentalis	faraoc	\N	379	\N	0102	460	26.80000	53.10000	6.80000	13.10000	416925	516568	416915	1	\N	main	123	1	43	1.30	1996-11-12	13465	\N	1	\N	alive
2403994	P14	112	Rubiaceae	Faramea	occidentalis	faraoc	\N	379	\N	0102	460	26.80000	53.10000	6.80000	13.10000	416925	516568	416915	1	\N	main	204	2	49	1.30	2010-11-10	18576	\N	1	\N	alive
64323	P14	112	Burseraceae	Protium	panamense	protpa	\N	827	\N	0102	460	25.70000	53.40000	5.70000	13.40000	416926	516569	416916	1	\N	main	123	1	31	1.30	1996-11-12	13465	\N	1	\N	alive
2403995	P14	112	Burseraceae	Protium	panamense	protpa	\N	827	\N	0102	460	25.70000	53.40000	5.70000	13.40000	416926	516569	416916	1	\N	main	204	2	58	1.30	2010-11-10	18576	\N	1	\N	alive
64445	P14	112	Violaceae	Hybanthus	prunifolius	hybapr	\N	494	\N	0102	460	25.90000	54.30000	5.90000	14.30000	416927	516570	416917	1	\N	main	123	1	11	1.30	1996-11-12	13465	\N	1	\N	alive
2403996	P14	112	Violaceae	Hybanthus	prunifolius	hybapr	\N	494	\N	0102	460	25.90000	54.30000	5.90000	14.30000	416927	516570	416917	1	\N	main	204	2	\N	\N	2010-11-10	18576	D;T	1	\N	dead
64567	P14	112	Fabaceae-papilionoideae	Swartzia	simplex	swars2	var.ochnacea	980	8	0102	460	28.40000	51.00000	8.40000	11.00000	416928	516571	416918	1	\N	main	123	1	48	1.30	1996-11-12	13465	M	1	\N	alive
64811	P14	112	Arecaceae	Oenocarpus	mapora	oenoma	\N	1145	\N	0102	460	26.40000	45.10000	6.40000	5.10000	416929	516572	416919	1	\N	main	123	1	95	1.30	1996-11-12	13465	M	1	\N	alive
65786	P14	112	Burseraceae	Protium	panamense	protpa	\N	827	\N	0102	460	26.10000	45.20000	6.10000	5.20000	416930	516573	416920	1	\N	main	123	1	14	1.30	1996-11-12	13465	\N	1	\N	alive
2404005	P14	112	Burseraceae	Protium	panamense	protpa	\N	827	\N	0102	460	26.10000	45.20000	6.10000	5.20000	416930	516573	416920	1	\N	main	204	2	16	1.30	2010-11-10	18576	\N	1	\N	alive
65907	P14	112	Rubiaceae	Faramea	occidentalis	faraoc	\N	379	\N	0102	460	25.30000	47.20000	5.30000	7.20000	416931	516574	416921	1	\N	main	123	1	34	1.30	1996-11-12	13465	\N	1	\N	alive
2404006	P14	112	Rubiaceae	Faramea	occidentalis	faraoc	\N	379	\N	0102	460	25.30000	47.20000	5.30000	7.20000	416931	516574	416921	1	\N	main	204	2	53	1.30	2010-11-10	18576	\N	1	\N	alive
66028	P14	112	Arecaceae	Oenocarpus	mapora	oenoma	\N	1145	\N	0102	460	25.20000	49.70000	5.20000	9.70000	416932	516575	416922	1	\N	main	123	1	103	1.30	1996-11-12	13465	M	1	\N	alive
66633	P14	112	Arecaceae	Socratea	exorrhiza	socrex	\N	1163	\N	0102	460	28.50000	49.80000	8.50000	9.80000	416933	516576	416923	1	\N	main	123	1	58	1.30	1996-11-12	13465	\N	1	\N	alive
2404009	P14	112	Arecaceae	Socratea	exorrhiza	socrex	\N	1163	\N	0102	460	28.50000	49.80000	8.50000	9.80000	416933	516576	416923	1	\N	main	204	2	66	1.30	2010-11-10	18576	\N	1	\N	alive
66754	P14	112	Arecaceae	Oenocarpus	mapora	oenoma	\N	1145	\N	0102	460	28.70000	47.50000	8.70000	7.50000	416934	516577	416924	1	\N	main	123	1	63	1.30	1996-11-12	13465	\N	1	\N	alive
66875	P14	112	Moraceae	Maquira	guianensis	maquco	\N	1137	\N	0102	460	29.70000	46.30000	9.70000	6.30000	416935	516578	416925	1	\N	main	123	1	67	1.30	1996-11-12	13465	\N	1	\N	alive
2404011	P14	112	Moraceae	Maquira	guianensis	maquco	\N	1137	\N	0102	460	29.70000	46.30000	9.70000	6.30000	416935	516578	416925	1	\N	main	204	2	68	1.30	2010-11-10	18576	\N	1	\N	alive
66996	P14	112	Fabaceae-papilionoideae	Platymiscium	pinnatum	pla1pi	\N	790	\N	0102	460	28.30000	45.30000	8.30000	5.30000	416936	516579	416926	1	\N	main	123	1	107	1.30	1996-11-12	13465	\N	1	\N	alive
2404012	P14	112	Fabaceae-papilionoideae	Platymiscium	pinnatum	pla1pi	\N	790	\N	0102	460	28.30000	45.30000	8.30000	5.30000	416936	516579	416926	1	\N	main	204	2	\N	\N	2010-11-10	18576	D;S	1	\N	dead
67117	P14	112	Fabaceae-papilionoideae	Lonchocarpus	heptaphyllus	loncla	\N	1134	\N	0102	460	26.10000	42.00000	6.10000	2.00000	416937	516580	416927	1	\N	main	123	1	56	1.30	1996-11-12	13465	\N	1	\N	alive
2404013	P14	112	Fabaceae-papilionoideae	Lonchocarpus	heptaphyllus	loncla	\N	1134	\N	0102	460	26.10000	42.00000	6.10000	2.00000	416937	516580	416927	1	\N	main	204	2	60	1.30	2010-11-10	18576	\N	1	\N	alive
67238	P14	112	Burseraceae	Protium	panamense	protpa	\N	827	\N	0102	460	28.50000	44.30000	8.50000	4.30000	416938	516581	416928	1	\N	main	123	1	70	1.30	1996-11-12	13465	\N	1	\N	alive
2404014	P14	112	Burseraceae	Protium	panamense	protpa	\N	827	\N	0102	460	28.50000	44.30000	8.50000	4.30000	416938	516581	416928	1	\N	main	204	2	88	1.30	2010-11-10	18576	\N	1	\N	alive
2414240	P14	112	Burseraceae	Protium	panamense	protpa	\N	827	\N	0102	460	28.50000	44.30000	8.50000	4.30000	416938	516581	416928	1	\N	\N	278	5	101	1.30	2014-04-08	19821	\N	1	\N	alive
2422311	P14	112	Burseraceae	Protium	panamense	protpa	\N	827	\N	0102	460	28.50000	44.30000	8.50000	4.30000	416938	516581	416928	1	\N	\N	286	6	109	1.30	2015-06-24	20263	\N	1	\N	alive
67358	P14	112	Rubiaceae	Alseis	blackiana	alsebl	\N	33	\N	0102	460	28.50000	43.80000	8.50000	3.80000	416939	516582	416929	1	\N	main	123	1	20	1.30	1996-11-12	13465	\N	1	\N	alive
2404015	P14	112	Rubiaceae	Alseis	blackiana	alsebl	\N	33	\N	0102	460	28.50000	43.80000	8.50000	3.80000	416939	516582	416929	1	\N	main	204	2	21	1.30	2010-11-10	18576	\N	1	\N	alive
67479	P14	112	Rubiaceae	Faramea	occidentalis	faraoc	\N	379	\N	0102	460	28.20000	42.70000	8.20000	2.70000	416940	516583	416930	1	\N	main	123	1	58	1.30	1996-11-12	13465	\N	1	\N	alive
2404016	P14	112	Rubiaceae	Faramea	occidentalis	faraoc	\N	379	\N	0102	460	28.20000	42.70000	8.20000	2.70000	416940	516583	416930	1	\N	main	204	2	82	1.30	2010-11-10	18576	\N	1	\N	alive
67600	P14	112	Burseraceae	Tetragastris	panamensis	tet2pa	\N	1007	\N	0102	460	29.70000	43.60000	9.70000	3.60000	416941	516584	416931	1	\N	main	123	1	20	1.30	1996-11-12	13465	M	1	\N	alive
67842	P14	112	Rubiaceae	Psychotria	marginata	psycma	\N	853	\N	0102	460	31.20000	40.10000	11.20000	0.10000	416942	516585	416932	1	\N	main	123	1	15	1.30	1996-11-12	13465	\N	1	\N	alive
2404019	P14	112	Rubiaceae	Psychotria	marginata	psycma	\N	853	\N	0102	460	31.20000	40.10000	11.20000	0.10000	416942	516585	416932	1	\N	main	204	2	\N	\N	2010-11-10	18576	D;C	1	\N	dead
67963	P14	112	Moraceae	Sorocea	affinis	soroaf	\N	958	\N	0102	460	31.40000	41.30000	11.40000	1.30000	416943	516586	416933	1	\N	main	123	1	31	1.30	1996-11-12	13465	\N	1	\N	alive
2404020	P14	112	Moraceae	Sorocea	affinis	soroaf	\N	958	\N	0102	460	31.40000	41.30000	11.40000	1.30000	416943	516586	416933	1	\N	main	204	2	40	1.30	2010-11-10	18576	\N	1	\N	alive
68084	P14	112	Burseraceae	Protium	panamense	protpa	\N	827	\N	0102	460	30.70000	43.00000	10.70000	3.00000	416944	516588	416934	1	\N	main	123	1	33	1.30	1996-11-12	13465	\N	1	\N	alive
2404021	P14	112	Burseraceae	Protium	panamense	protpa	\N	827	\N	0102	460	30.70000	43.00000	10.70000	3.00000	416944	516588	416934	1	\N	main	204	2	36	1.30	2010-11-10	18576	\N	1	\N	alive
68205	P14	112	Melastomataceae	Mouriri	myrtilloides	mourmy	\N	671	\N	0102	460	30.10000	44.60000	10.10000	4.60000	416945	516589	416935	1	\N	main	123	1	11	1.30	1996-11-12	13465	\N	1	\N	alive
2404022	P14	112	Melastomataceae	Mouriri	myrtilloides	mourmy	\N	671	\N	0102	460	30.10000	44.60000	10.10000	4.60000	416945	516589	416935	1	\N	main	204	2	16	1.30	2010-11-10	18576	\N	1	\N	alive
68326	P14	112	Burseraceae	Protium	panamense	protpa	\N	827	\N	0102	460	31.00000	44.50000	11.00000	4.50000	416946	516590	416936	1	\N	main	123	1	39	1.30	1996-11-12	13465	\N	1	\N	alive
2404023	P14	112	Burseraceae	Protium	panamense	protpa	\N	827	\N	0102	460	31.00000	44.50000	11.00000	4.50000	416946	516590	416936	1	\N	main	204	2	44	1.30	2010-11-10	18576	\N	1	\N	alive
68447	P14	112	Burseraceae	Protium	panamense	protpa	\N	827	\N	0102	460	31.40000	44.20000	11.40000	4.20000	416947	516591	416937	1	\N	main	123	1	24	1.30	1996-11-12	13465	\N	1	\N	alive
2404024	P14	112	Burseraceae	Protium	panamense	protpa	\N	827	\N	0102	460	31.40000	44.20000	11.40000	4.20000	416947	516591	416937	1	\N	main	204	2	28	1.30	2010-11-10	18576	\N	1	\N	alive
68568	P14	112	Rubiaceae	Coussarea	curvigemmia	cou2cu	\N	280	\N	0102	460	31.44000	45.21000	11.44000	5.21000	416948	516592	416938	1	\N	main	123	1	49	1.30	1996-11-12	13465	\N	1	\N	alive
2404025	P14	112	Rubiaceae	Coussarea	curvigemmia	cou2cu	\N	280	\N	0102	460	31.44000	45.21000	11.44000	5.21000	416948	516592	416938	1	\N	main	204	2	76	1.30	2010-11-10	18576	\N	1	\N	alive
68689	P14	112	Rubiaceae	Coussarea	curvigemmia	cou2cu	\N	280	\N	0102	460	32.10000	43.90000	12.10000	3.90000	416949	516593	416939	1	\N	main	123	1	28	1.30	1996-11-12	13465	\N	1	\N	alive
2404026	P14	112	Rubiaceae	Coussarea	curvigemmia	cou2cu	\N	280	\N	0102	460	32.10000	43.90000	12.10000	3.90000	416949	516593	416939	1	\N	main	204	2	43	1.30	2010-11-10	18576	\N	1	\N	alive
68810	P14	112	Burseraceae	Protium	panamense	protpa	\N	827	\N	0102	460	33.40000	43.30000	13.40000	3.30000	416950	516594	416940	1	\N	main	123	1	12	1.30	1996-11-12	13465	\N	1	\N	alive
2404027	P14	112	Burseraceae	Protium	panamense	protpa	\N	827	\N	0102	460	33.40000	43.30000	13.40000	3.30000	416950	516594	416940	1	\N	main	204	2	15	1.30	2010-11-10	18576	\N	1	\N	alive
68931	P14	112	Moraceae	Sorocea	affinis	soroaf	\N	958	\N	0102	460	34.80000	49.20000	14.80000	9.20000	416951	516595	416941	1	\N	main	123	1	27	1.30	1996-11-12	13465	\N	1	\N	alive
2404028	P14	112	Moraceae	Sorocea	affinis	soroaf	\N	958	\N	0102	460	34.80000	49.20000	14.80000	9.20000	416951	516595	416941	1	\N	main	204	2	32	1.30	2010-11-10	18576	\N	1	\N	alive
69052	P14	112	Chrysobalanaceae	Hirtella	triandra	hirttr	\N	487	\N	0102	460	34.50000	49.10000	14.50000	9.10000	416952	516596	416942	1	\N	main	123	1	91	1.30	1996-11-12	13465	\N	1	\N	alive
2404029	P14	112	Chrysobalanaceae	Hirtella	triandra	hirttr	\N	487	\N	0102	460	34.50000	49.10000	14.50000	9.10000	416952	516596	416942	1	\N	main	204	2	101	1.30	2010-11-10	18576	\N	1	\N	alive
39933	P14	112	Chrysobalanaceae	Hirtella	triandra	hirttr	\N	487	\N	0102	460	34.50000	49.10000	14.50000	9.10000	416952	516596	416942	1	\N		256	3	104	1.30	2012-05-01	19114	\N	1	\N	alive
34426	P14	112	Chrysobalanaceae	Hirtella	triandra	hirttr	\N	487	\N	0102	460	34.50000	49.10000	14.50000	9.10000	416952	516596	416942	1	\N		268	4	110	1.30	2013-04-15	19463	\N	1	\N	alive
2413804	P14	112	Chrysobalanaceae	Hirtella	triandra	hirttr	\N	487	\N	0102	460	34.50000	49.10000	14.50000	9.10000	416952	516596	416942	1	\N	\N	278	5	116	1.30	2014-04-08	19821	\N	1	\N	alive
2422316	P14	112	Chrysobalanaceae	Hirtella	triandra	hirttr	\N	487	\N	0102	460	34.50000	49.10000	14.50000	9.10000	416952	516596	416942	1	\N	\N	286	6	116	1.30	2015-06-24	20263	\N	1	\N	alive
69173	P14	112	Melastomataceae	Mouriri	myrtilloides	mourmy	\N	671	\N	0102	460	34.70000	48.20000	14.70000	8.20000	416953	516597	416943	1	\N	main	123	1	11	1.30	1996-11-12	13465	\N	1	\N	alive
2404030	P14	112	Melastomataceae	Mouriri	myrtilloides	mourmy	\N	671	\N	0102	460	34.70000	48.20000	14.70000	8.20000	416953	516597	416943	1	\N	main	204	2	13	1.30	2010-11-10	18576	\N	1	\N	alive
69294	P14	112	Meliaceae	Trichilia	tuberculata	tri2tu	\N	1169	\N	0102	460	34.50000	46.70000	14.50000	6.70000	416954	516598	416944	1	\N	main	123	1	82	1.30	1996-11-12	13465	\N	1	\N	alive
2404031	P14	112	Meliaceae	Trichilia	tuberculata	tri2tu	\N	1169	\N	0102	460	34.50000	46.70000	14.50000	6.70000	416954	516598	416944	1	\N	main	204	2	108	1.30	2010-11-10	18576	\N	1	\N	alive
40063	P14	112	Meliaceae	Trichilia	tuberculata	tri2tu	\N	1169	\N	0102	460	34.50000	46.70000	14.50000	6.70000	416954	516598	416944	1	\N		256	3	110	1.30	2012-05-01	19114	\N	1	\N	alive
34560	P14	112	Meliaceae	Trichilia	tuberculata	tri2tu	\N	1169	\N	0102	460	34.50000	46.70000	14.50000	6.70000	416954	516598	416944	1	\N		268	4	117	1.30	2013-04-15	19463	\N	1	\N	alive
2413805	P14	112	Meliaceae	Trichilia	tuberculata	tri2tu	\N	1169	\N	0102	460	34.50000	46.70000	14.50000	6.70000	416954	516598	416944	1	\N	\N	278	5	127	1.30	2014-04-08	19821	\N	1	\N	alive
2422317	P14	112	Meliaceae	Trichilia	tuberculata	tri2tu	\N	1169	\N	0102	460	34.50000	46.70000	14.50000	6.70000	416954	516598	416944	1	\N	\N	286	6	135	1.30	2015-06-24	20263	\N	1	\N	alive
69415	P14	112	Melastomataceae	Mouriri	myrtilloides	mourmy	\N	671	\N	0102	460	33.30000	47.20000	13.30000	7.20000	416955	516599	416945	1	\N	main	123	1	15	1.30	1996-11-12	13465	\N	1	\N	alive
2404032	P14	112	Melastomataceae	Mouriri	myrtilloides	mourmy	\N	671	\N	0102	460	33.30000	47.20000	13.30000	7.20000	416955	516599	416945	1	\N	main	204	2	22	1.30	2010-11-10	18576	\N	1	\N	alive
69536	P14	112	Arecaceae	Oenocarpus	mapora	oenoma	\N	1145	\N	0102	460	31.50000	50.70000	11.50000	10.70000	416956	516600	416946	1	\N	main	123	1	93	1.30	1996-11-12	13465	\N	1	\N	alive
2404033	P14	112	Arecaceae	Oenocarpus	mapora	oenoma	\N	1145	\N	0102	460	31.50000	50.70000	11.50000	10.70000	416956	516600	416946	1	\N	main	204	2	\N	\N	2010-11-10	18576	D;N	1	\N	dead
69657	P14	112	Arecaceae	Oenocarpus	mapora	oenoma	\N	1145	\N	0102	460	30.30000	51.90000	10.30000	11.90000	416957	516601	416947	1	\N	main	123	1	110	1.30	1996-11-12	13465	M	1	\N	alive
2404034	P14	112	Arecaceae	Oenocarpus	mapora	oenoma	\N	1145	\N	0102	460	30.30000	51.90000	10.30000	11.90000	416957	516601	416947	1	\N	main	204	2	\N	\N	2010-11-10	18576	D;N	1	\N	dead
70262	P14	112	Clusiaceae	Garcinia	intermedia	gar2in	\N	1125	\N	0102	460	30.20000	53.20000	10.20000	13.20000	416958	516602	416948	1	\N	main	123	1	17	1.30	1996-11-12	13465	\N	1	\N	alive
2404035	P14	112	Clusiaceae	Garcinia	intermedia	gar2in	\N	1125	\N	0102	460	30.20000	53.20000	10.20000	13.20000	416958	516602	416948	1	\N	main	204	2	\N	\N	2010-11-10	18576	D;N	1	\N	dead
70383	P14	112	Fabaceae-papilionoideae	Swartzia	simplex	swars2	var.ochnacea	980	8	0102	460	31.80000	54.20000	11.80000	14.20000	416959	516603	416949	1	\N	main	123	1	40	1.30	1996-11-12	13465	\N	1	\N	alive
2404036	P14	112	Fabaceae-papilionoideae	Swartzia	simplex	swars2	var.ochnacea	980	8	0102	460	31.80000	54.20000	11.80000	14.20000	416959	516603	416949	1	\N	main	204	2	47	1.30	2010-11-10	18576	\N	1	\N	alive
70504	P14	112	Arecaceae	Oenocarpus	mapora	oenoma	\N	1145	\N	0102	460	34.70000	54.10000	14.70000	14.10000	416960	516604	416950	1	\N	main	123	1	123	1.30	1996-11-12	13465	M	1	\N	alive
71107	P14	112	Rubiaceae	Alseis	blackiana	alsebl	\N	33	\N	0102	460	33.00000	50.30000	13.00000	10.30000	416961	516605	416951	1	\N	main	123	1	347	1.30	1996-11-12	13465	\N	1	\N	alive
2410292	P14	112	Rubiaceae	Alseis	blackiana	alsebl	\N	33	\N	0102	460	33.00000	50.30000	13.00000	10.30000	416961	516605	416951	1	\N	main	204	2	386	1.30	2010-11-18	18584	B	0	\N	alive
2410293	P14	112	Rubiaceae	Alseis	blackiana	alsebl	\N	33	\N	0102	460	33.00000	50.30000	13.00000	10.30000	416961	516605	416951	1	\N	main	204	2	330	3.00	2010-11-18	18584	B;cylN	1	\N	alive
40583	P14	112	Rubiaceae	Alseis	blackiana	alsebl	\N	33	\N	0102	460	33.00000	50.30000	13.00000	10.30000	416961	516605	416951	1	\N		256	3	330	3.00	2012-05-02	19115	B;cylN	1	\N	alive
35224	P14	112	Rubiaceae	Alseis	blackiana	alsebl	\N	33	\N	0102	460	33.00000	50.30000	13.00000	10.30000	416961	516605	416951	1	\N		268	4	330	3.00	2013-04-12	19460	Q;B;cylN	1	\N	alive
2413810	P14	112	Rubiaceae	Alseis	blackiana	alsebl	\N	33	\N	0102	460	33.00000	50.30000	13.00000	10.30000	416961	516605	416951	1	\N	\N	278	5	335	3.00	2014-04-08	19821	B;cylY	1	\N	alive
2422320	P14	112	Rubiaceae	Alseis	blackiana	alsebl	\N	33	\N	0102	460	33.00000	50.30000	13.00000	10.30000	416961	516605	416951	1	\N	\N	286	6	335	3.00	2015-06-24	20263	B;cylY	1	\N	alive
71227	P14	112	Arecaceae	Oenocarpus	mapora	oenoma	\N	1145	\N	0102	460	31.60000	55.40000	11.60000	15.40000	416962	516606	416952	1	\N	main	123	1	97	1.30	1996-11-12	13465	M	1	\N	alive
71707	P14	112	Myrsinaceae	Stylogyne	turbacensis	stylst	\N	1166	\N	0102	460	30.50000	59.30000	10.50000	19.30000	416963	516607	416953	1	\N	main	123	1	21	1.30	1996-11-12	13465	M	1	\N	alive
71945	P14	112	Burseraceae	Tetragastris	panamensis	tet2pa	\N	1007	\N	0102	460	30.80000	59.40000	10.80000	19.40000	416964	516608	416954	1	\N	main	123	1	28	1.30	1996-11-12	13465	\N	1	\N	alive
2404042	P14	112	Burseraceae	Tetragastris	panamensis	tet2pa	\N	1007	\N	0102	460	30.80000	59.40000	10.80000	19.40000	416964	516608	416954	1	\N	main	204	2	39	1.30	2010-11-10	18576	\N	1	\N	alive
72064	P14	112	Burseraceae	Protium	panamense	protpa	\N	827	\N	0102	460	34.80000	58.70000	14.80000	18.70000	416965	516609	416955	1	\N	main	123	1	29	1.30	1996-11-12	13465	\N	1	\N	alive
2404043	P14	112	Burseraceae	Protium	panamense	protpa	\N	827	\N	0102	460	34.80000	58.70000	14.80000	18.70000	416965	516609	416955	1	\N	main	204	2	45	1.30	2010-11-10	18576	\N	1	\N	alive
72183	P14	112	Rubiaceae	Alseis	blackiana	alsebl	\N	33	\N	0102	460	33.70000	58.10000	13.70000	18.10000	416966	516610	416956	1	\N	main	123	1	21	1.30	1996-11-12	13465	\N	1	\N	alive
2404044	P14	112	Rubiaceae	Alseis	blackiana	alsebl	\N	33	\N	0102	460	33.70000	58.10000	13.70000	18.10000	416966	516610	416956	1	\N	main	204	2	\N	\N	2010-11-10	18576	D;S	1	\N	dead
72302	P14	112	Salicaceae	Laetia	thamnia	laetth	\N	553	\N	0102	460	33.00000	56.80000	13.00000	16.80000	416967	516611	416957	1	\N	main	123	1	28	1.30	1996-11-12	13465	L;M	1	\N	alive
72659	P14	112	Myristicaceae	Virola	sebifera	virose	\N	1072	\N	0102	460	34.20000	55.30000	14.20000	15.30000	416968	516612	416958	1	\N	main	123	1	176	1.30	1996-11-12	13465	\N	1	\N	alive
2404046	P14	112	Myristicaceae	Virola	sebifera	virose	\N	1072	\N	0102	460	34.20000	55.30000	14.20000	15.30000	416968	516612	416958	1	\N	main	204	2	219	1.30	2010-11-10	18576	\N	1	\N	alive
40713	P14	112	Myristicaceae	Virola	sebifera	virose	\N	1072	\N	0102	460	34.20000	55.30000	14.20000	15.30000	416968	516612	416958	1	\N		256	3	225	1.30	2012-05-01	19114	\N	1	\N	alive
35356	P14	112	Myristicaceae	Virola	sebifera	virose	\N	1072	\N	0102	460	34.20000	55.30000	14.20000	15.30000	416968	516612	416958	1	\N		268	4	234	1.30	2013-04-15	19463	\N	1	\N	alive
2413811	P14	112	Myristicaceae	Virola	sebifera	virose	\N	1072	\N	0102	460	34.20000	55.30000	14.20000	15.30000	416968	516612	416958	1	\N	\N	278	5	236	1.30	2014-04-08	19821	\N	1	\N	alive
2422321	P14	112	Myristicaceae	Virola	sebifera	virose	\N	1072	\N	0102	460	34.20000	55.30000	14.20000	15.30000	416968	516612	416958	1	\N	\N	286	6	242	1.30	2015-06-24	20263	\N	1	\N	alive
72778	P14	112	Burseraceae	Protium	panamense	protpa	\N	827	\N	0102	460	32.10000	55.30000	12.10000	15.30000	416969	516613	416959	1	\N	main	123	1	21	1.30	1996-11-12	13465	\N	1	\N	alive
2404047	P14	112	Burseraceae	Protium	panamense	protpa	\N	827	\N	0102	460	32.10000	55.30000	12.10000	15.30000	416969	516613	416959	1	\N	main	204	2	\N	\N	2010-11-10	18576	D;N	1	\N	dead
72897	P14	112	Clusiaceae	Garcinia	intermedia	gar2in	\N	1125	\N	0102	460	35.70000	57.40000	15.70000	17.40000	416970	516614	416960	1	\N	main	123	1	12	1.30	1996-11-12	13465	\N	1	\N	alive
2404048	P14	112	Clusiaceae	Garcinia	intermedia	gar2in	\N	1125	\N	0102	460	35.70000	57.40000	15.70000	17.40000	416970	516614	416960	1	\N	main	204	2	19	1.30	2010-11-10	18576	\N	1	\N	alive
73016	P14	112	Annonaceae	Mosannona	garwoodii	malmsp	\N	1139	\N	0102	460	35.10000	58.80000	15.10000	18.80000	416971	516615	416961	1	\N	main	123	1	15	1.30	1996-11-12	13465	\N	1	\N	alive
2404049	P14	112	Annonaceae	Mosannona	garwoodii	malmsp	\N	1139	\N	0102	460	35.10000	58.80000	15.10000	18.80000	416971	516615	416961	1	\N	main	204	2	20	1.30	2010-11-10	18576	\N	1	\N	alive
73135	P14	112	Picramniaceae	Picramnia	latifolia	picrla	\N	762	\N	0102	460	35.80000	58.30000	15.80000	18.30000	416972	516616	416962	1	\N	main	123	1	19	1.30	1996-11-12	13465	\N	1	\N	alive
2404050	P14	112	Picramniaceae	Picramnia	latifolia	picrla	\N	762	\N	0102	460	35.80000	58.30000	15.80000	18.30000	416972	516616	416962	1	\N	main	204	2	29	1.30	2010-11-10	18576	\N	1	\N	alive
73254	P14	112	Burseraceae	Protium	panamense	protpa	\N	827	\N	0102	460	36.30000	58.80000	16.30000	18.80000	416973	516617	416963	1	\N	main	123	1	128	1.30	1996-11-12	13465	\N	1	\N	alive
2404051	P14	112	Burseraceae	Protium	panamense	protpa	\N	827	\N	0102	460	36.30000	58.80000	16.30000	18.80000	416973	516617	416963	1	\N	main	204	2	133	1.30	2010-11-10	18576	\N	1	\N	alive
40843	P14	112	Burseraceae	Protium	panamense	protpa	\N	827	\N	0102	460	36.30000	58.80000	16.30000	18.80000	416973	516617	416963	1	\N		256	3	133	1.30	2012-05-01	19114	\N	1	\N	alive
35488	P14	112	Burseraceae	Protium	panamense	protpa	\N	827	\N	0102	460	36.30000	58.80000	16.30000	18.80000	416973	516617	416963	1	\N		268	4	132	1.30	2013-04-15	19463	\N	1	\N	alive
2413825	P14	112	Burseraceae	Protium	panamense	protpa	\N	827	\N	0102	460	36.30000	58.80000	16.30000	18.80000	416973	516617	416963	1	\N	\N	278	5	133	1.30	2014-04-08	19821	\N	1	\N	alive
2422327	P14	112	Burseraceae	Protium	panamense	protpa	\N	827	\N	0102	460	36.30000	58.80000	16.30000	18.80000	416973	516617	416963	1	\N	\N	286	6	133	1.30	2015-06-24	20263	\N	1	\N	alive
73373	P14	112	Burseraceae	Tetragastris	panamensis	tet2pa	\N	1007	\N	0102	460	36.80000	58.40000	16.80000	18.40000	416974	516618	416964	1	\N	main	123	1	58	1.30	1996-11-12	13465	M	1	\N	alive
73611	P14	112	Fabaceae-papilionoideae	Swartzia	simplex	swars2	var.ochnacea	980	8	0102	460	39.50000	57.70000	19.50000	17.70000	416975	516619	416965	1	\N	main	123	1	11	1.30	1996-11-12	13465	L	1	\N	alive
2404053	P14	112	Fabaceae-papilionoideae	Swartzia	simplex	swars2	var.ochnacea	980	8	0102	460	39.50000	57.70000	19.50000	17.70000	416975	516619	416965	1	\N	main	204	2	14	1.30	2010-11-10	18576	\N	1	\N	alive
73730	P14	112	Burseraceae	Tetragastris	panamensis	tet2pa	\N	1007	\N	0102	460	39.40000	57.00000	19.40000	17.00000	416976	516620	416966	1	\N	main	123	1	28	1.30	1996-11-12	13465	\N	1	\N	alive
2404054	P14	112	Burseraceae	Tetragastris	panamensis	tet2pa	\N	1007	\N	0102	460	39.40000	57.00000	19.40000	17.00000	416976	516620	416966	1	\N	main	204	2	30	1.30	2010-11-10	18576	\N	1	\N	alive
73849	P14	112	Rubiaceae	Coussarea	curvigemmia	cou2cu	\N	280	\N	0102	460	38.50000	55.30000	18.50000	15.30000	416977	516622	416967	1	\N	main	123	1	13	1.30	1996-11-12	13465	\N	1	\N	alive
73967	P14	112	Chrysobalanaceae	Hirtella	triandra	hirttr	\N	487	\N	0102	460	38.30000	57.00000	18.30000	17.00000	416978	516623	416968	1	\N	main	123	1	88	1.30	1996-11-12	13465	\N	1	\N	alive
2404056	P14	112	Chrysobalanaceae	Hirtella	triandra	hirttr	\N	487	\N	0102	460	38.30000	57.00000	18.30000	17.00000	416978	516623	416968	1	\N	main	204	2	99	1.30	2010-11-10	18576	\N	1	\N	alive
40973	P14	112	Chrysobalanaceae	Hirtella	triandra	hirttr	\N	487	\N	0102	460	38.30000	57.00000	18.30000	17.00000	416978	516623	416968	1	\N		256	3	107	1.30	2012-05-01	19114	\N	1	\N	alive
35620	P14	112	Chrysobalanaceae	Hirtella	triandra	hirttr	\N	487	\N	0102	460	38.30000	57.00000	18.30000	17.00000	416978	516623	416968	1	\N		268	4	115	1.30	2013-04-15	19463	\N	1	\N	alive
2413826	P14	112	Chrysobalanaceae	Hirtella	triandra	hirttr	\N	487	\N	0102	460	38.30000	57.00000	18.30000	17.00000	416978	516623	416968	1	\N	\N	278	5	124	1.30	2014-04-08	19821	\N	1	\N	alive
2422328	P14	112	Chrysobalanaceae	Hirtella	triandra	hirttr	\N	487	\N	0102	460	38.30000	57.00000	18.30000	17.00000	416978	516623	416968	1	\N	\N	286	6	133	1.30	2015-06-24	20263	\N	1	\N	alive
74085	P14	112	Burseraceae	Tetragastris	panamensis	tet2pa	\N	1007	\N	0102	460	37.80000	57.30000	17.80000	17.30000	416979	516624	416969	1	\N	main	123	1	22	1.30	1996-11-12	13465	\N	1	\N	alive
2404057	P14	112	Burseraceae	Tetragastris	panamensis	tet2pa	\N	1007	\N	0102	460	37.80000	57.30000	17.80000	17.30000	416979	516624	416969	1	\N	main	204	2	25	1.30	2010-11-10	18576	\N	1	\N	alive
74203	P14	112	Rubiaceae	Faramea	occidentalis	faraoc	\N	379	\N	0102	460	37.50000	57.30000	17.50000	17.30000	416980	516625	416970	1	\N	main	123	1	28	1.30	1996-11-12	13465	\N	1	\N	alive
2404058	P14	112	Rubiaceae	Faramea	occidentalis	faraoc	\N	379	\N	0102	460	37.50000	57.30000	17.50000	17.30000	416980	516625	416970	1	\N	main	204	2	29	1.30	2010-11-10	18576	\N	1	\N	alive
74320	P14	112	Violaceae	Hybanthus	prunifolius	hybapr	\N	494	\N	0102	460	35.00000	50.10000	15.00000	10.10000	416981	516626	416971	1	\N	main	123	1	14	1.30	1996-11-12	13465	\N	1	\N	alive
2404059	P14	112	Violaceae	Hybanthus	prunifolius	hybapr	\N	494	\N	0102	460	35.00000	50.10000	15.00000	10.10000	416981	516626	416971	1	\N	main	204	2	\N	\N	2010-11-10	18576	D;N	1	\N	dead
74437	P14	112	Burseraceae	Tetragastris	panamensis	tet2pa	\N	1007	\N	0102	460	36.30000	50.30000	16.30000	10.30000	416982	516627	416972	1	\N	main	123	1	20	1.30	1996-11-12	13465	\N	1	\N	alive
2404060	P14	112	Burseraceae	Tetragastris	panamensis	tet2pa	\N	1007	\N	0102	460	36.30000	50.30000	16.30000	10.30000	416982	516627	416972	1	\N	main	204	2	25	1.30	2010-11-10	18576	\N	1	\N	alive
74554	P14	112	Melastomataceae	Mouriri	myrtilloides	mourmy	\N	671	\N	0102	460	36.70000	52.10000	16.70000	12.10000	416983	516628	416973	1	\N	main	123	1	10	1.30	1996-11-12	13465	\N	1	\N	alive
74671	P14	112	Moraceae	Maquira	guianensis	maquco	\N	1137	\N	0102	460	37.60000	53.30000	17.60000	13.30000	416984	516631	416974	1	\N	main	123	1	17	1.30	1996-11-12	13465	\N	1	\N	alive
74788	P14	112	Sapindaceae	Cupania	seemannii	cupasy	\N	1120	\N	0102	460	37.60000	54.30000	17.60000	14.30000	416985	516632	416975	1	\N	main	123	1	48	1.30	1996-11-12	13465	L;M	1	\N	alive
75256	P14	112	Bignoniaceae	Jacaranda	copaia	jac1co	\N	540	\N	0102	460	35.40000	47.40000	15.40000	7.40000	416986	516633	416976	1	\N	main	123	1	578	1.30	1996-11-12	13465	\N	1	\N	alive
2404064	P14	112	Bignoniaceae	Jacaranda	copaia	jac1co	\N	540	\N	0102	460	35.40000	47.40000	15.40000	7.40000	416986	516633	416976	1	\N	main	204	2	597	1.30	2010-11-10	18576	Q	1	\N	alive
41103	P14	112	Bignoniaceae	Jacaranda	copaia	jac1co	\N	540	\N	0102	460	35.40000	47.40000	15.40000	7.40000	416986	516633	416976	1	\N		256	3	\N	0.00	2012-05-01	19114	D;C	1	\N	dead
35752	P14	112	Bignoniaceae	Jacaranda	copaia	jac1co	\N	540	\N	0102	460	35.40000	47.40000	15.40000	7.40000	416986	516633	416976	1	\N		268	4	\N	0.00	2013-04-15	19463	D;C	1	\N	dead
75373	P14	112	Fabaceae-papilionoideae	Swartzia	simplex	swars2	var.ochnacea	980	8	0102	460	36.40000	49.30000	16.40000	9.30000	416987	516634	416977	1	\N	main	123	1	18	1.30	1996-11-12	13465	\N	1	\N	alive
2404065	P14	112	Fabaceae-papilionoideae	Swartzia	simplex	swars2	var.ochnacea	980	8	0102	460	36.40000	49.30000	16.40000	9.30000	416987	516634	416977	1	\N	main	204	2	24	1.30	2010-11-10	18576	\N	1	\N	alive
75490	P14	112	Arecaceae	Oenocarpus	mapora	oenoma	\N	1145	\N	0102	460	37.60000	49.10000	17.60000	9.10000	416988	516635	416978	1	\N	main	123	1	99	1.30	1996-11-12	13465	\N	1	\N	alive
2404066	P14	112	Arecaceae	Oenocarpus	mapora	oenoma	\N	1145	\N	0102	460	37.60000	49.10000	17.60000	9.10000	416988	516635	416978	1	\N	main	204	2	\N	\N	2010-11-10	18576	D;C	1	\N	dead
75607	P14	112	Arecaceae	Oenocarpus	mapora	oenoma	\N	1145	\N	0102	460	37.60000	47.60000	17.60000	7.60000	416989	516636	416979	1	\N	main	123	1	105	1.30	1996-11-12	13465	M	1	\N	alive
75958	P14	112	Melastomataceae	Miconia	argentea	micoar	\N	630	\N	0102	460	39.80000	46.50000	19.80000	6.50000	416990	516637	416980	1	\N	main	123	1	158	1.30	1996-11-12	13465	\N	1	\N	alive
2404069	P14	112	Melastomataceae	Miconia	argentea	micoar	\N	630	\N	0102	460	39.80000	46.50000	19.80000	6.50000	416990	516637	416980	1	\N	main	204	2	\N	\N	2010-11-10	18576	D;C	1	\N	dead
76075	P14	112	Arecaceae	Oenocarpus	mapora	oenoma	\N	1145	\N	0102	460	35.10000	40.20000	15.10000	0.20000	416991	516638	416981	1	\N	main	123	1	109	1.30	1996-11-12	13465	M	1	\N	alive
77923	P14	112	Moraceae	Maquira	guianensis	maquco	\N	1137	\N	0102	460	35.80000	40.70000	15.80000	0.70000	416992	516639	416982	1	\N	main	123	1	125	1.30	1996-11-12	13465	\N	1	\N	alive
2404079	P14	112	Moraceae	Maquira	guianensis	maquco	\N	1137	\N	0102	460	35.80000	40.70000	15.80000	0.70000	416992	516639	416982	1	\N	main	204	2	\N	\N	2010-11-10	18576	D;N	1	\N	dead
78038	P14	112	Burseraceae	Protium	panamense	protpa	\N	827	\N	0102	460	37.50000	41.10000	17.50000	1.10000	416993	516640	416983	1	\N	main	123	1	29	1.30	1996-11-12	13465	\N	1	\N	alive
2404080	P14	112	Burseraceae	Protium	panamense	protpa	\N	827	\N	0102	460	37.50000	41.10000	17.50000	1.10000	416993	516640	416983	1	\N	main	204	2	\N	\N	2010-11-10	18576	D;N	1	\N	dead
78153	P14	112	Burseraceae	Tetragastris	panamensis	tet2pa	\N	1007	\N	0102	460	36.60000	44.60000	16.60000	4.60000	416994	516641	416984	1	\N	main	123	1	220	1.30	1996-11-12	13465	\N	1	\N	alive
2404081	P14	112	Burseraceae	Tetragastris	panamensis	tet2pa	\N	1007	\N	0102	460	36.60000	44.60000	16.60000	4.60000	416994	516641	416984	1	\N	main	204	2	222	1.30	2010-11-10	18576	\N	1	\N	alive
42778	P14	112	Burseraceae	Tetragastris	panamensis	tet2pa	\N	1007	\N	0102	460	36.60000	44.60000	16.60000	4.60000	416994	516641	416984	1	\N		256	3	222	1.30	2012-05-01	19114	\N	1	\N	alive
37463	P14	112	Burseraceae	Tetragastris	panamensis	tet2pa	\N	1007	\N	0102	460	36.60000	44.60000	16.60000	4.60000	416994	516641	416984	1	\N		268	4	221	1.30	2013-04-15	19463	\N	1	\N	alive
2413824	P14	112	Burseraceae	Tetragastris	panamensis	tet2pa	\N	1007	\N	0102	460	36.60000	44.60000	16.60000	4.60000	416994	516641	416984	1	\N	\N	278	5	221	1.30	2014-04-08	19821	\N	1	\N	alive
2422326	P14	112	Burseraceae	Tetragastris	panamensis	tet2pa	\N	1007	\N	0102	460	36.60000	44.60000	16.60000	4.60000	416994	516641	416984	1	\N	\N	286	6	220	1.30	2015-06-24	20263	\N	1	\N	alive
78268	P14	112	Burseraceae	Protium	panamense	protpa	\N	827	\N	0102	460	39.70000	44.40000	19.70000	4.40000	416995	516642	416985	1	\N	main	123	1	14	1.30	1996-11-12	13465	\N	1	\N	alive
2404082	P14	112	Burseraceae	Protium	panamense	protpa	\N	827	\N	0102	460	39.70000	44.40000	19.70000	4.40000	416995	516642	416985	1	\N	main	204	2	17	1.30	2010-11-10	18576	\N	1	\N	alive
78383	P14	112	Burseraceae	Protium	panamense	protpa	\N	827	\N	0102	460	39.40000	43.60000	19.40000	3.60000	416996	516643	416986	1	\N	main	123	1	10	1.30	1996-11-12	13465	\N	1	\N	alive
2404083	P14	112	Burseraceae	Protium	panamense	protpa	\N	827	\N	0102	460	39.40000	43.60000	19.40000	3.60000	416996	516643	416986	1	\N	main	204	2	12	1.30	2010-11-10	18576	\N	1	\N	alive
78498	P14	112	Burseraceae	Protium	tenuifolium	protte		828	15	0102	460	39.90000	43.40000	19.90000	3.40000	416997	516644	416987	1	\N	main	123	1	19	1.30	1996-11-12	13465	\N	1	\N	alive
2404084	P14	112	Burseraceae	Protium	tenuifolium	protte		828	15	0102	460	39.90000	43.40000	19.90000	3.40000	416997	516644	416987	1	\N	main	204	2	24	1.30	2010-11-10	18576	\N	1	\N	alive
78613	P14	112	Clusiaceae	Garcinia	intermedia	gar2in	\N	1125	\N	0102	460	39.80000	41.30000	19.80000	1.30000	416998	516645	416988	1	\N	main	123	1	32	1.30	1996-11-12	13465	\N	1	\N	alive
2404085	P14	112	Clusiaceae	Garcinia	intermedia	gar2in	\N	1125	\N	0102	460	39.80000	41.30000	19.80000	1.30000	416998	516645	416988	1	\N	main	204	2	38	1.30	2010-11-10	18576	\N	1	\N	alive
78728	P14	112	Rubiaceae	Alseis	blackiana	alsebl	\N	33	\N	0403	1333	95.30000	60.70000	15.30000	0.70000	416999	516676	416989	1	\N	main	123	1	180	1.30	1996-11-18	13471	M	1	\N	alive
78958	P14	112	Cannabaceae	Celtis	schippii	celtsc	\N	184	\N	0403	1333	92.40000	66.50000	12.40000	6.50000	417000	516677	416990	1	\N	main	123	1	139	1.30	1996-11-18	13471	\N	1	\N	alive
2408879	P14	112	Cannabaceae	Celtis	schippii	celtsc	\N	184	\N	0403	1333	92.40000	66.50000	12.40000	6.50000	417000	516677	416990	1	\N	main	204	2	174	1.30	2010-11-17	18583	\N	1	\N	alive
94147	P14	112	Cannabaceae	Celtis	schippii	celtsc	\N	184	\N	0403	1333	92.40000	66.50000	12.40000	6.50000	417000	516677	416990	1	\N		256	3	180	1.30	2012-05-01	19114	\N	1	\N	alive
83107	P14	112	Cannabaceae	Celtis	schippii	celtsc	\N	184	\N	0403	1333	92.40000	66.50000	12.40000	6.50000	417000	516677	416990	1	\N		268	4	195	1.30	2013-04-16	19464	\N	1	\N	alive
2414200	P14	112	Cannabaceae	Celtis	schippii	celtsc	\N	184	\N	0403	1333	92.40000	66.50000	12.40000	6.50000	417000	516677	416990	1	\N	\N	278	5	202	1.30	2014-04-09	19822	\N	1	\N	alive
2422593	P14	112	Cannabaceae	Celtis	schippii	celtsc	\N	184	\N	0403	1333	92.40000	66.50000	12.40000	6.50000	417000	516677	416990	1	\N	\N	286	6	215	1.30	2015-06-24	20263	\N	1	\N	alive
79073	P14	112	Moraceae	Trophis	racemosa	tropra	\N	1040	\N	0403	1333	94.60000	68.70000	14.60000	8.70000	417001	516678	416991	1	\N	main	123	1	150	1.30	1996-11-18	13471	\N	1	\N	alive
2408880	P14	112	Moraceae	Trophis	racemosa	tropra	\N	1040	\N	0403	1333	94.60000	68.70000	14.60000	8.70000	417001	516678	416991	1	\N	main	204	2	\N	\N	2010-11-17	18583	D;S	1	\N	dead
94246	P14	112	Moraceae	Trophis	racemosa	tropra	\N	1040	\N	0403	1333	94.60000	68.70000	14.60000	8.70000	417001	516678	416991	1	\N		256	3	\N	0.00	2012-05-01	19114	D;N	1	\N	dead
79188	P14	112	Meliaceae	Trichilia	tuberculata	tri2tu	\N	1169	\N	0404	1387	82.00000	85.10000	2.00000	5.10000	417002	516679	416992	1	\N	main	123	1	338	1.30	1996-12-02	13485	\N	1	\N	alive
2409015	P14	112	Meliaceae	Trichilia	tuberculata	tri2tu	\N	1169	\N	0404	1387	82.00000	85.10000	2.00000	5.10000	417002	516679	416992	1	\N	main	204	2	\N	\N	2010-11-17	18583	D;N	1	\N	dead
96998	P14	112	Meliaceae	Trichilia	tuberculata	tri2tu	\N	1169	\N	0404	1387	82.00000	85.10000	2.00000	5.10000	417002	516679	416992	1	\N		256	3	\N	0.00	2012-05-01	19114	D;N	1	\N	dead
79303	P14	112	Burseraceae	Tetragastris	panamensis	tet2pa	\N	1007	\N	0404	1387	89.00000	87.70000	9.00000	7.70000	417003	516680	416993	1	\N	main	123	1	164	1.30	1996-12-02	13485	\N	1	\N	alive
2409016	P14	112	Burseraceae	Tetragastris	panamensis	tet2pa	\N	1007	\N	0404	1387	89.00000	87.70000	9.00000	7.70000	417003	516680	416993	1	\N	main	204	2	228	1.30	2010-11-17	18583	\N	1	\N	alive
97095	P14	112	Burseraceae	Tetragastris	panamensis	tet2pa	\N	1007	\N	0404	1387	89.00000	87.70000	9.00000	7.70000	417003	516680	416993	1	\N		256	3	233	1.30	2012-05-01	19114	\N	1	\N	alive
86076	P14	112	Burseraceae	Tetragastris	panamensis	tet2pa	\N	1007	\N	0404	1387	89.00000	87.70000	9.00000	7.70000	417003	516680	416993	1	\N		268	4	240	1.30	2013-04-16	19464	\N	1	\N	alive
2414221	P14	112	Burseraceae	Tetragastris	panamensis	tet2pa	\N	1007	\N	0404	1387	89.00000	87.70000	9.00000	7.70000	417003	516680	416993	1	\N	\N	278	5	240	1.30	2014-04-09	19822	\N	1	\N	alive
2422605	P14	112	Burseraceae	Tetragastris	panamensis	tet2pa	\N	1007	\N	0404	1387	89.00000	87.70000	9.00000	7.70000	417003	516680	416993	1	\N	\N	286	6	245	1.30	2015-06-24	20263	\N	1	\N	alive
79418	P14	112	Rubiaceae	Coussarea	curvigemmia	cou2cu	\N	280	\N	0404	1387	88.10000	90.20000	8.10000	10.20000	417004	516681	416994	1	\N	main	123	1	131	1.30	1996-12-02	13485	M	1	\N	alive
79648	P14	112	Burseraceae	Tetragastris	panamensis	tet2pa	\N	1007	\N	0404	1387	85.60000	90.20000	5.60000	10.20000	417005	516682	416995	1	\N	main	123	1	280	1.30	1996-12-02	13485	\N	1	\N	alive
2409019	P14	112	Burseraceae	Tetragastris	panamensis	tet2pa	\N	1007	\N	0404	1387	85.60000	90.20000	5.60000	10.20000	417005	516682	416995	1	\N	main	204	2	308	1.30	2010-11-17	18583	\N	1	\N	alive
97384	P14	112	Burseraceae	Tetragastris	panamensis	tet2pa	\N	1007	\N	0404	1387	85.60000	90.20000	5.60000	10.20000	417005	516682	416995	1	\N		256	3	309	1.30	2012-05-01	19114	\N	1	\N	alive
86183	P14	112	Burseraceae	Tetragastris	panamensis	tet2pa	\N	1007	\N	0404	1387	85.60000	90.20000	5.60000	10.20000	417005	516682	416995	1	\N		268	4	310	1.30	2013-04-16	19464	\N	1	\N	alive
2414222	P14	112	Burseraceae	Tetragastris	panamensis	tet2pa	\N	1007	\N	0404	1387	85.60000	90.20000	5.60000	10.20000	417005	516682	416995	1	\N	\N	278	5	312	1.30	2014-04-09	19822	\N	1	\N	alive
2422606	P14	112	Burseraceae	Tetragastris	panamensis	tet2pa	\N	1007	\N	0404	1387	85.60000	90.20000	5.60000	10.20000	417005	516682	416995	1	\N	\N	286	6	313	1.30	2015-06-24	20263	\N	1	\N	alive
79763	P14	112	Sapotaceae	Pouteria	stipitata	poutst	\N	817	\N	0404	1387	83.70000	91.50000	3.70000	11.50000	417006	516683	416996	1	\N	main	123	1	293	1.30	1996-12-02	13485	\N	1	\N	alive
2409020	P14	112	Sapotaceae	Pouteria	stipitata	poutst	\N	817	\N	0404	1387	83.70000	91.50000	3.70000	11.50000	417006	516683	416996	1	\N	main	204	2	300	1.30	2010-11-17	18583	\N	1	\N	alive
97480	P14	112	Sapotaceae	Pouteria	stipitata	poutst	\N	817	\N	0404	1387	83.70000	91.50000	3.70000	11.50000	417006	516683	416996	1	\N		256	3	302	1.30	2012-05-01	19114	\N	1	\N	alive
86290	P14	112	Sapotaceae	Pouteria	stipitata	poutst	\N	817	\N	0404	1387	83.70000	91.50000	3.70000	11.50000	417006	516683	416996	1	\N		268	4	302	1.30	2013-04-16	19464	\N	1	\N	alive
2414220	P14	112	Sapotaceae	Pouteria	stipitata	poutst	\N	817	\N	0404	1387	83.70000	91.50000	3.70000	11.50000	417006	516683	416996	1	\N	\N	278	5	302	1.30	2014-04-09	19822	\N	1	\N	alive
2422604	P14	112	Sapotaceae	Pouteria	stipitata	poutst	\N	817	\N	0404	1387	83.70000	91.50000	3.70000	11.50000	417006	516683	416996	1	\N	\N	286	6	302	1.30	2015-06-24	20263	\N	1	\N	alive
79878	P14	112	Clusiaceae	Garcinia	intermedia	gar2in	\N	1125	\N	0404	1387	82.40000	92.30000	2.40000	12.30000	417007	516684	416997	1	\N	main	123	1	196	1.30	1996-12-02	13485	\N	1	\N	alive
2409021	P14	112	Clusiaceae	Garcinia	intermedia	gar2in	\N	1125	\N	0404	1387	82.40000	92.30000	2.40000	12.30000	417007	516684	416997	1	\N	main	204	2	228	1.30	2010-11-17	18583	\N	1	\N	alive
97576	P14	112	Clusiaceae	Garcinia	intermedia	gar2in	\N	1125	\N	0404	1387	82.40000	92.30000	2.40000	12.30000	417007	516684	416997	1	\N		256	3	\N	0.00	2012-05-01	19114	D;S	1	\N	dead
86398	P14	112	Clusiaceae	Garcinia	intermedia	gar2in	\N	1125	\N	0404	1387	82.40000	92.30000	2.40000	12.30000	417007	516684	416997	1	\N		268	4	\N	0.00	2013-04-16	19464	D;S	1	\N	dead
79992	P14	112	Fabaceae-papilionoideae	Platypodium	elegans	pla2el	\N	791	\N	0404	1387	82.40000	99.70000	2.40000	19.70000	417008	516685	416998	1	\N	main	123	1	1123	3.30	1996-12-02	13485	B	1	\N	alive
80106	P14	112	Fabaceae-papilionoideae	Platypodium	elegans	pla2el	\N	791	\N	0404	1387	82.40000	99.70000	2.40000	19.70000	417008	516685	416998	1	\N	main	123	1	1525	1.30	1997-01-02	13516	\N	0	\N	alive
2409022	P14	112	Fabaceae-papilionoideae	Platypodium	elegans	pla2el	\N	791	\N	0404	1387	82.40000	99.70000	2.40000	19.70000	417008	516685	416998	1	\N	main	204	2	\N	\N	2010-11-17	18583	D;N	1	\N	dead
97672	P14	112	Fabaceae-papilionoideae	Platypodium	elegans	pla2el	\N	791	\N	0404	1387	82.40000	99.70000	2.40000	19.70000	417008	516685	416998	1	\N		256	3	\N	0.00	2012-05-01	19114	D;C	1	\N	dead
80220	P14	112	Burseraceae	Protium	panamense	protpa	\N	827	\N	0404	1387	88.00000	99.80000	8.00000	19.80000	417009	516686	416999	1	\N	main	123	1	106	1.30	1996-12-02	13485	\N	1	\N	alive
2409023	P14	112	Burseraceae	Protium	panamense	protpa	\N	827	\N	0404	1387	88.00000	99.80000	8.00000	19.80000	417009	516686	416999	1	\N	main	204	2	\N	\N	2010-11-17	18583	D;N	1	\N	dead
97768	P14	112	Burseraceae	Protium	panamense	protpa	\N	827	\N	0404	1387	88.00000	99.80000	8.00000	19.80000	417009	516686	416999	1	\N		256	3	\N	0.00	2012-05-01	19114	D;N	1	\N	dead
80334	P14	112	Rubiaceae	Coussarea	curvigemmia	cou2cu	\N	280	\N	0404	1387	92.20000	99.80000	12.20000	19.80000	417010	516687	417000	1	\N	main	123	1	130	1.30	1996-12-02	13485	\N	1	\N	alive
2409024	P14	112	Rubiaceae	Coussarea	curvigemmia	cou2cu	\N	280	\N	0404	1387	92.20000	99.80000	12.20000	19.80000	417010	516687	417000	1	\N	main	204	2	\N	\N	2010-11-17	18583	D;N	1	\N	dead
97864	P14	112	Rubiaceae	Coussarea	curvigemmia	cou2cu	\N	280	\N	0404	1387	92.20000	99.80000	12.20000	19.80000	417010	516687	417000	1	\N		256	3	\N	0.00	2012-05-01	19114	D;N	1	\N	dead
80448	P14	112	Erythropalaceae	Heisteria	concinna	heisco	\N	469	\N	0404	1387	90.20000	94.70000	10.20000	14.70000	417011	516688	417001	1	\N	main	123	1	102	1.30	1996-12-02	13485	\N	1	\N	alive
2409025	P14	112	Erythropalaceae	Heisteria	concinna	heisco	\N	469	\N	0404	1387	90.20000	94.70000	10.20000	14.70000	417011	516688	417001	1	\N	main	204	2	128	1.30	2010-11-17	18583	\N	1	\N	alive
97960	P14	112	Erythropalaceae	Heisteria	concinna	heisco	\N	469	\N	0404	1387	90.20000	94.70000	10.20000	14.70000	417011	516688	417001	1	\N		256	3	130	1.30	2012-05-01	19114	\N	1	\N	alive
86504	P14	112	Erythropalaceae	Heisteria	concinna	heisco	\N	469	\N	0404	1387	90.20000	94.70000	10.20000	14.70000	417011	516688	417001	1	\N		268	4	133	1.30	2013-04-16	19464	\N	1	\N	alive
2414230	P14	112	Erythropalaceae	Heisteria	concinna	heisco	\N	469	\N	0404	1387	90.20000	94.70000	10.20000	14.70000	417011	516688	417001	1	\N	\N	278	5	133	1.30	2014-04-09	19822	\N	1	\N	alive
2422614	P14	112	Erythropalaceae	Heisteria	concinna	heisco	\N	469	\N	0404	1387	90.20000	94.70000	10.20000	14.70000	417011	516688	417001	1	\N	\N	286	6	134	1.30	2015-06-24	20263	\N	1	\N	alive
80562	P14	112	Burseraceae	Tetragastris	panamensis	tet2pa	\N	1007	\N	0404	1387	93.80000	94.00000	13.80000	14.00000	417012	516689	417002	1	\N	main	123	1	170	1.30	1996-12-02	13485	\N	1	\N	alive
2409026	P14	112	Burseraceae	Tetragastris	panamensis	tet2pa	\N	1007	\N	0404	1387	93.80000	94.00000	13.80000	14.00000	417012	516689	417002	1	\N	main	204	2	176	1.30	2010-11-17	18583	\N	1	\N	alive
98056	P14	112	Burseraceae	Tetragastris	panamensis	tet2pa	\N	1007	\N	0404	1387	93.80000	94.00000	13.80000	14.00000	417012	516689	417002	1	\N		256	3	176	1.30	2012-05-01	19114	\N	1	\N	alive
86610	P14	112	Burseraceae	Tetragastris	panamensis	tet2pa	\N	1007	\N	0404	1387	93.80000	94.00000	13.80000	14.00000	417012	516689	417002	1	\N		268	4	178	1.30	2013-04-16	19464	\N	1	\N	alive
2414231	P14	112	Burseraceae	Tetragastris	panamensis	tet2pa	\N	1007	\N	0404	1387	93.80000	94.00000	13.80000	14.00000	417012	516689	417002	1	\N	\N	278	5	177	1.30	2014-04-09	19822	\N	1	\N	alive
2422615	P14	112	Burseraceae	Tetragastris	panamensis	tet2pa	\N	1007	\N	0404	1387	93.80000	94.00000	13.80000	14.00000	417012	516689	417002	1	\N	\N	286	6	178	1.30	2015-06-24	20263	\N	1	\N	alive
80675	P14	112	Myrtaceae	Eugenia	galalonensis	eugega	\N	360	\N	0404	1387	93.30000	89.80000	13.30000	9.80000	417013	516690	417003	1	\N	main	123	1	177	1.30	1996-12-02	13485	\N	1	\N	alive
2409027	P14	112	Myrtaceae	Eugenia	galalonensis	eugega	\N	360	\N	0404	1387	93.30000	89.80000	13.30000	9.80000	417013	516690	417003	1	\N	main	204	2	198	1.30	2010-11-17	18583	\N	1	\N	alive
98152	P14	112	Myrtaceae	Eugenia	galalonensis	eugega	\N	360	\N	0404	1387	93.30000	89.80000	13.30000	9.80000	417013	516690	417003	1	\N		256	3	197	1.30	2012-05-01	19114	\N	1	\N	alive
86716	P14	112	Myrtaceae	Eugenia	galalonensis	eugega	\N	360	\N	0404	1387	93.30000	89.80000	13.30000	9.80000	417013	516690	417003	1	\N		268	4	198	1.30	2013-04-16	19464	\N	1	\N	alive
2414228	P14	112	Myrtaceae	Eugenia	galalonensis	eugega	\N	360	\N	0404	1387	93.30000	89.80000	13.30000	9.80000	417013	516690	417003	1	\N	\N	278	5	197	1.30	2014-04-09	19822	\N	1	\N	alive
2422612	P14	112	Myrtaceae	Eugenia	galalonensis	eugega	\N	360	\N	0404	1387	93.30000	89.80000	13.30000	9.80000	417013	516690	417003	1	\N	\N	286	6	198	1.30	2015-06-24	20263	\N	1	\N	alive
80789	P14	112	Chrysobalanaceae	Hirtella	triandra	hirttr	\N	487	\N	0404	1387	99.80000	99.70000	19.80000	19.70000	417014	516691	417004	1	\N	main	123	1	118	1.30	1996-12-02	13485	\N	1	\N	alive
2409028	P14	112	Chrysobalanaceae	Hirtella	triandra	hirttr	\N	487	\N	0404	1387	99.80000	99.70000	19.80000	19.70000	417014	516691	417004	1	\N	main	204	2	120	1.30	2010-11-17	18583	\N	1	\N	alive
98248	P14	112	Chrysobalanaceae	Hirtella	triandra	hirttr	\N	487	\N	0404	1387	99.80000	99.70000	19.80000	19.70000	417014	516691	417004	1	\N		256	3	118	1.30	2012-05-01	19114	\N	1	\N	alive
86822	P14	112	Chrysobalanaceae	Hirtella	triandra	hirttr	\N	487	\N	0404	1387	99.80000	99.70000	19.80000	19.70000	417014	516691	417004	1	\N		268	4	118	1.30	2013-04-16	19464	\N	1	\N	alive
2414237	P14	112	Chrysobalanaceae	Hirtella	triandra	hirttr	\N	487	\N	0404	1387	99.80000	99.70000	19.80000	19.70000	417014	516691	417004	1	\N	\N	278	5	117	1.30	2014-04-09	19822	\N	1	\N	alive
2422621	P14	112	Chrysobalanaceae	Hirtella	triandra	hirttr	\N	487	\N	0404	1387	99.80000	99.70000	19.80000	19.70000	417014	516691	417004	1	\N	\N	286	6	117	1.30	2015-06-24	20263	\N	1	\N	alive
80902	P14	112	Burseraceae	Tetragastris	panamensis	tet2pa	\N	1007	\N	0404	1387	87.10000	94.10000	7.10000	14.10000	417015	516692	417005	1	\N	main	123	1	175	1.30	1996-12-02	13485	\N	1	\N	alive
2409029	P14	112	Burseraceae	Tetragastris	panamensis	tet2pa	\N	1007	\N	0404	1387	87.10000	94.10000	7.10000	14.10000	417015	516692	417005	1	\N	main	204	2	197	1.30	2010-11-17	18583	\N	1	\N	alive
98344	P14	112	Burseraceae	Tetragastris	panamensis	tet2pa	\N	1007	\N	0404	1387	87.10000	94.10000	7.10000	14.10000	417015	516692	417005	1	\N		256	3	201	1.30	2012-05-01	19114	\N	1	\N	alive
86928	P14	112	Burseraceae	Tetragastris	panamensis	tet2pa	\N	1007	\N	0404	1387	87.10000	94.10000	7.10000	14.10000	417015	516692	417005	1	\N		268	4	209	1.30	2013-04-16	19464	\N	1	\N	alive
2414223	P14	112	Burseraceae	Tetragastris	panamensis	tet2pa	\N	1007	\N	0404	1387	87.10000	94.10000	7.10000	14.10000	417015	516692	417005	1	\N	\N	278	5	211	1.30	2014-04-09	19822	\N	1	\N	alive
2422607	P14	112	Burseraceae	Tetragastris	panamensis	tet2pa	\N	1007	\N	0404	1387	87.10000	94.10000	7.10000	14.10000	417015	516692	417005	1	\N	\N	286	6	219	1.30	2015-06-24	20263	\N	1	\N	alive
81014	P14	112	Burseraceae	Tetragastris	panamensis	tet2pa	\N	1007	\N	0404	1387	88.90000	92.00000	8.90000	12.00000	417016	516693	417006	1	\N	main	123	1	109	1.30	1996-12-02	13485	\N	1	\N	alive
2409030	P14	112	Burseraceae	Tetragastris	panamensis	tet2pa	\N	1007	\N	0404	1387	88.90000	92.00000	8.90000	12.00000	417016	516693	417006	1	\N	main	204	2	178	1.30	2010-11-17	18583	\N	1	\N	alive
98440	P14	112	Burseraceae	Tetragastris	panamensis	tet2pa	\N	1007	\N	0404	1387	88.90000	92.00000	8.90000	12.00000	417016	516693	417006	1	\N		256	3	180	1.30	2012-05-01	19114	\N	1	\N	alive
87034	P14	112	Burseraceae	Tetragastris	panamensis	tet2pa	\N	1007	\N	0404	1387	88.90000	92.00000	8.90000	12.00000	417016	516693	417006	1	\N		268	4	180	1.30	2013-04-16	19464	\N	1	\N	alive
2414224	P14	112	Burseraceae	Tetragastris	panamensis	tet2pa	\N	1007	\N	0404	1387	88.90000	92.00000	8.90000	12.00000	417016	516693	417006	1	\N	\N	278	5	179	1.30	2014-04-09	19822	\N	1	\N	alive
2422608	P14	112	Burseraceae	Tetragastris	panamensis	tet2pa	\N	1007	\N	0404	1387	88.90000	92.00000	8.90000	12.00000	417016	516693	417006	1	\N	\N	286	6	180	1.30	2015-06-24	20263	\N	1	\N	alive
81126	P14	112	Fabaceae-papilionoideae	Dipteryx	oleifera	diptpa	\N	1123	\N	0201	685	41.00000	20.40000	1.00000	0.40000	417017	516801	417007	1	\N	main	123	1	73	1.30	1996-11-15	13468	\N	1	\N	alive
2405660	P14	112	Fabaceae-papilionoideae	Dipteryx	oleifera	diptpa	\N	1123	\N	0201	685	41.00000	20.40000	1.00000	0.40000	417017	516801	417007	1	\N	main	204	2	88	1.30	2010-11-11	18577	\N	1	\N	alive
81238	P14	112	Arecaceae	Oenocarpus	mapora	oenoma	\N	1145	\N	0201	685	43.80000	24.40000	3.80000	4.40000	417018	516802	417008	1	\N	main	123	1	94	1.30	1996-11-15	13468	M	1	\N	alive
82022	P14	112	Burseraceae	Tetragastris	panamensis	tet2pa	\N	1007	\N	0201	685	41.30000	25.10000	1.30000	5.10000	417019	516803	417009	1	\N	main	123	1	215	1.30	1996-11-15	13468	\N	1	\N	alive
2405664	P14	112	Burseraceae	Tetragastris	panamensis	tet2pa	\N	1007	\N	0201	685	41.30000	25.10000	1.30000	5.10000	417019	516803	417009	1	\N	main	204	2	\N	\N	2010-11-11	18577	D;N	1	\N	dead
82134	P14	112	Rubiaceae	Faramea	occidentalis	faraoc	\N	379	\N	0201	685	41.60000	28.40000	1.60000	8.40000	417020	516804	417010	1	\N	main	123	1	32	1.30	1996-11-15	13468	\N	1	\N	alive
2405665	P14	112	Rubiaceae	Faramea	occidentalis	faraoc	\N	379	\N	0201	685	41.60000	28.40000	1.60000	8.40000	417020	516804	417010	1	\N	main	204	2	41	1.30	2010-11-11	18577	\N	1	\N	alive
82246	P14	112	Fabaceae-mimosoideae	Inga	pezizifera	ingape	\N	516	\N	0201	685	41.30000	29.30000	1.30000	9.30000	417021	516805	417011	1	\N	main	123	1	20	1.30	1996-11-15	13468	\N	1	\N	alive
2405666	P14	112	Fabaceae-mimosoideae	Inga	pezizifera	ingape	\N	516	\N	0201	685	41.30000	29.30000	1.30000	9.30000	417021	516805	417011	1	\N	main	204	2	22	1.30	2010-11-11	18577	\N	1	\N	alive
82358	P14	112	Rubiaceae	Faramea	occidentalis	faraoc	\N	379	\N	0201	685	42.40000	29.50000	2.40000	9.50000	417022	516806	417012	1	\N	main	123	1	20	1.30	1996-11-15	13468	\N	1	\N	alive
82469	P14	112	Annonaceae	Desmopsis	panamensis	des2pa	\N	316	\N	0201	685	42.30000	29.00000	2.30000	9.00000	417023	516807	417013	1	\N	main	123	1	14	1.30	1996-11-15	13468	\N	1	\N	alive
2405668	P14	112	Annonaceae	Desmopsis	panamensis	des2pa	\N	316	\N	0201	685	42.30000	29.00000	2.30000	9.00000	417023	516807	417013	1	\N	main	204	2	16	1.30	2010-11-11	18577	\N	1	\N	alive
82581	P14	112	Rubiaceae	Alseis	blackiana	alsebl	\N	33	\N	0201	685	43.00000	28.30000	3.00000	8.30000	417024	516808	417014	1	\N	main	123	1	519	1.30	1996-11-15	13468	M	1	\N	alive
83025	P14	112	Erythropalaceae	Heisteria	concinna	heisco	\N	469	\N	0201	685	40.80000	31.90000	0.80000	11.90000	417025	516809	417015	1	\N	main	123	1	195	1.30	1996-11-15	13468	\N	1	\N	alive
2405669	P14	112	Erythropalaceae	Heisteria	concinna	heisco	\N	469	\N	0201	685	40.80000	31.90000	0.80000	11.90000	417025	516809	417015	1	\N	main	204	2	\N	\N	2010-11-11	18577	D;S	1	\N	dead
83135	P14	112	Violaceae	Hybanthus	prunifolius	hybapr	\N	494	\N	0201	685	41.30000	30.70000	1.30000	10.70000	417026	516810	417016	1	\N	main	123	1	32	1.30	1996-11-15	13468	\N	1	\N	alive
2405670	P14	112	Violaceae	Hybanthus	prunifolius	hybapr	\N	494	\N	0201	685	41.30000	30.70000	1.30000	10.70000	417026	516810	417016	1	\N	main	204	2	40	1.30	2010-11-11	18577	L	1	\N	alive
83245	P14	112	Sapindaceae	Cupania	seemannii	cupasy	\N	1120	\N	0201	685	41.30000	34.50000	1.30000	14.50000	417027	516811	417017	1	\N	main	123	1	14	1.30	1996-11-15	13468	\N	1	\N	alive
2405671	P14	112	Sapindaceae	Cupania	seemannii	cupasy	\N	1120	\N	0201	685	41.30000	34.50000	1.30000	14.50000	417027	516811	417017	1	\N	main	204	2	34	1.30	2010-11-11	18577	\N	1	\N	alive
83355	P14	112	Lauraceae	Nectandra	purpurea	nectpu	\N	690	\N	0201	685	41.40000	34.20000	1.40000	14.20000	417028	516812	417018	1	\N	main	123	1	37	1.30	1996-11-15	13468	\N	1	\N	alive
2405672	P14	112	Lauraceae	Nectandra	purpurea	nectpu	\N	690	\N	0201	685	41.40000	34.20000	1.40000	14.20000	417028	516812	417018	1	\N	main	204	2	134	1.30	2010-11-11	18577	\N	1	\N	alive
56600	P14	112	Lauraceae	Nectandra	purpurea	nectpu	\N	690	\N	0201	685	41.40000	34.20000	1.40000	14.20000	417028	516812	417018	1	\N		256	3	\N	0.00	2012-05-01	19114	D;C	1	\N	dead
49545	P14	112	Lauraceae	Nectandra	purpurea	nectpu	\N	690	\N	0201	685	41.40000	34.20000	1.40000	14.20000	417028	516812	417018	1	\N		268	4	\N	0.00	2013-04-15	19463	D;N	1	\N	dead
83465	P14	112	Burseraceae	Tetragastris	panamensis	tet2pa	\N	1007	\N	0201	685	42.00000	34.60000	2.00000	14.60000	417029	516813	417019	1	\N	main	123	1	62	1.30	1996-11-15	13468	\N	1	\N	alive
2405673	P14	112	Burseraceae	Tetragastris	panamensis	tet2pa	\N	1007	\N	0201	685	42.00000	34.60000	2.00000	14.60000	417029	516813	417019	1	\N	main	204	2	148	1.30	2010-11-11	18577	\N	1	\N	alive
56726	P14	112	Burseraceae	Tetragastris	panamensis	tet2pa	\N	1007	\N	0201	685	42.00000	34.60000	2.00000	14.60000	417029	516813	417019	1	\N		256	3	150	1.30	2012-05-01	19114	\N	1	\N	alive
49671	P14	112	Burseraceae	Tetragastris	panamensis	tet2pa	\N	1007	\N	0201	685	42.00000	34.60000	2.00000	14.60000	417029	516813	417019	1	\N		268	4	152	1.30	2013-04-15	19463	\N	1	\N	alive
2413920	P14	112	Burseraceae	Tetragastris	panamensis	tet2pa	\N	1007	\N	0201	685	42.00000	34.60000	2.00000	14.60000	417029	516813	417019	1	\N	\N	278	5	155	1.30	2014-04-09	19822	\N	1	\N	alive
2422379	P14	112	Burseraceae	Tetragastris	panamensis	tet2pa	\N	1007	\N	0201	685	42.00000	34.60000	2.00000	14.60000	417029	516813	417019	1	\N	\N	286	6	159	1.30	2015-06-25	20264	\N	1	\N	alive
83575	P14	112	Burseraceae	Tetragastris	panamensis	tet2pa	\N	1007	\N	0201	685	42.90000	31.00000	2.90000	11.00000	417030	516814	417020	1	\N	main	123	1	38	1.30	1996-11-15	13468	\N	1	\N	alive
2405674	P14	112	Burseraceae	Tetragastris	panamensis	tet2pa	\N	1007	\N	0201	685	42.90000	31.00000	2.90000	11.00000	417030	516814	417020	1	\N	main	204	2	75	1.30	2010-11-11	18577	\N	1	\N	alive
83685	P14	112	Clusiaceae	Garcinia	intermedia	gar2in	\N	1125	\N	0201	685	42.50000	30.90000	2.50000	10.90000	417031	516815	417021	1	\N	main	123	1	11	1.30	1996-11-15	13468	\N	1	\N	alive
2405675	P14	112	Clusiaceae	Garcinia	intermedia	gar2in	\N	1125	\N	0201	685	42.50000	30.90000	2.50000	10.90000	417031	516815	417021	1	\N	main	204	2	14	1.30	2010-11-11	18577	\N	1	\N	alive
83795	P14	112	Sapindaceae	Cupania	seemannii	cupasy	\N	1120	\N	0201	685	44.30000	31.40000	4.30000	11.40000	417032	516816	417022	1	\N	main	123	1	13	1.30	1996-11-15	13468	\N	1	\N	alive
2405676	P14	112	Sapindaceae	Cupania	seemannii	cupasy	\N	1120	\N	0201	685	44.30000	31.40000	4.30000	11.40000	417032	516816	417022	1	\N	main	204	2	\N	\N	2010-11-11	18577	D;T	1	\N	dead
83905	P14	112	Fabaceae-papilionoideae	Swartzia	simplex	swars2	var.ochnacea	980	8	0201	685	40.70000	35.80000	0.70000	15.80000	417033	516817	417023	1	\N	main	123	1	16	1.30	1996-11-15	13468	\N	1	\N	alive
2405677	P14	112	Fabaceae-papilionoideae	Swartzia	simplex	swars2	var.ochnacea	980	8	0201	685	40.70000	35.80000	0.70000	15.80000	417033	516817	417023	1	\N	main	204	2	19	1.30	2010-11-11	18577	\N	1	\N	alive
84015	P14	112	Euphorbiaceae	Croton	billbergianus	crotbi	\N	289	\N	0201	685	40.50000	36.70000	0.50000	16.70000	417034	516818	417024	1	\N	main	123	1	11	1.30	1996-11-15	13468	\N	1	\N	alive
2405678	P14	112	Euphorbiaceae	Croton	billbergianus	crotbi	\N	289	\N	0201	685	40.50000	36.70000	0.50000	16.70000	417034	516818	417024	1	\N	main	204	2	\N	\N	2010-11-11	18577	D;N	1	\N	dead
84125	P14	112	Euphorbiaceae	Croton	billbergianus	crotbi	\N	289	\N	0201	685	41.70000	36.90000	1.70000	16.90000	417035	516819	417025	1	\N	main	123	1	11	1.30	1996-11-15	13468	\N	1	\N	alive
2405679	P14	112	Euphorbiaceae	Croton	billbergianus	crotbi	\N	289	\N	0201	685	41.70000	36.90000	1.70000	16.90000	417035	516819	417025	1	\N	main	204	2	\N	\N	2010-11-11	18577	D;N	1	\N	dead
84235	P14	112	Euphorbiaceae	Croton	billbergianus	crotbi	\N	289	\N	0201	685	41.60000	37.70000	1.60000	17.70000	417036	516820	417026	1	\N	main	123	1	10	1.30	1996-11-15	13468	\N	1	\N	alive
2405680	P14	112	Euphorbiaceae	Croton	billbergianus	crotbi	\N	289	\N	0201	685	41.60000	37.70000	1.60000	17.70000	417036	516820	417026	1	\N	main	204	2	101	1.30	2010-11-11	18577	\N	1	\N	alive
56851	P14	112	Euphorbiaceae	Croton	billbergianus	crotbi	\N	289	\N	0201	685	41.60000	37.70000	1.60000	17.70000	417036	516820	417026	1	\N		256	3	108	1.30	2012-05-01	19114	\N	1	\N	alive
49797	P14	112	Euphorbiaceae	Croton	billbergianus	crotbi	\N	289	\N	0201	685	41.60000	37.70000	1.60000	17.70000	417036	516820	417026	1	\N		268	4	115	1.30	2013-04-15	19463	\N	1	\N	alive
2413921	P14	112	Euphorbiaceae	Croton	billbergianus	crotbi	\N	289	\N	0201	685	41.60000	37.70000	1.60000	17.70000	417036	516820	417026	1	\N	\N	278	5	120	1.30	2014-04-09	19822	\N	1	\N	alive
2422380	P14	112	Euphorbiaceae	Croton	billbergianus	crotbi	\N	289	\N	0201	685	41.60000	37.70000	1.60000	17.70000	417036	516820	417026	1	\N	\N	286	6	123	1.30	2015-06-25	20264	\N	1	\N	alive
84346	P14	112	Melastomataceae	Mouriri	myrtilloides	mourmy	\N	671	\N	0201	685	41.90000	37.60000	1.90000	17.60000	417037	516821	417027	1	\N	main	123	1	19	1.30	1996-11-15	13468	\N	1	\N	alive
2405681	P14	112	Melastomataceae	Mouriri	myrtilloides	mourmy	\N	671	\N	0201	685	41.90000	37.60000	1.90000	17.60000	417037	516821	417027	1	\N	main	204	2	23	1.30	2010-11-11	18577	\N	1	\N	alive
84457	P14	112	Sapindaceae	Cupania	seemannii	cupasy	\N	1120	\N	0201	685	42.70000	38.00000	2.70000	18.00000	417038	516822	417028	1	\N	main	123	1	12	1.30	1996-11-15	13468	\N	1	\N	alive
2405682	P14	112	Sapindaceae	Cupania	seemannii	cupasy	\N	1120	\N	0201	685	42.70000	38.00000	2.70000	18.00000	417038	516822	417028	1	\N	main	204	2	27	1.30	2010-11-11	18577	\N	1	\N	alive
84567	P14	112	Sapindaceae	Cupania	seemannii	cupasy	\N	1120	\N	0201	685	40.70000	39.70000	0.70000	19.70000	417039	516823	417029	1	\N	main	123	1	13	1.30	1996-11-15	13468	\N	1	\N	alive
2405683	P14	112	Sapindaceae	Cupania	seemannii	cupasy	\N	1120	\N	0201	685	40.70000	39.70000	0.70000	19.70000	417039	516823	417029	1	\N	main	204	2	14	1.30	2010-11-11	18577	\N	1	\N	alive
84677	P14	112	Burseraceae	Tetragastris	panamensis	tet2pa	\N	1007	\N	0201	685	42.90000	39.60000	2.90000	19.60000	417040	516824	417030	1	\N	main	123	1	10	1.30	1996-11-15	13468	\N	1	\N	alive
2405684	P14	112	Burseraceae	Tetragastris	panamensis	tet2pa	\N	1007	\N	0201	685	42.90000	39.60000	2.90000	19.60000	417040	516824	417030	1	\N	main	204	2	35	1.30	2010-11-11	18577	\N	1	\N	alive
84787	P14	112	Rubiaceae	Faramea	occidentalis	faraoc	\N	379	\N	0201	685	48.30000	35.20000	8.30000	15.20000	417041	516825	417031	1	\N	main	123	1	53	1.30	1996-11-15	13468	\N	1	\N	alive
2405685	P14	112	Rubiaceae	Faramea	occidentalis	faraoc	\N	379	\N	0201	685	48.30000	35.20000	8.30000	15.20000	417041	516825	417031	1	\N	main	204	2	\N	\N	2010-11-11	18577	D;S	1	\N	dead
84897	P14	112	Fabaceae-mimosoideae	Inga	cocleensis	ingaco	\N	529	\N	0201	685	49.00000	32.70000	9.00000	12.70000	417042	516826	417032	1	\N	main	123	1	15	1.30	1996-11-15	13468	\N	1	\N	alive
2405686	P14	112	Fabaceae-mimosoideae	Inga	cocleensis	ingaco	\N	529	\N	0201	685	49.00000	32.70000	9.00000	12.70000	417042	516826	417032	1	\N	main	204	2	24	1.30	2010-11-11	18577	\N	1	\N	alive
85007	P14	112	Burseraceae	Protium	tenuifolium	protte		828	15	0201	685	48.80000	31.90000	8.80000	11.90000	417043	516827	417033	1	\N	main	123	1	266	1.30	1996-11-15	13468	\N	1	\N	alive
2405687	P14	112	Burseraceae	Protium	tenuifolium	protte		828	15	0201	685	48.80000	31.90000	8.80000	11.90000	417043	516827	417033	1	\N	main	204	2	296	1.30	2010-11-11	18577	\N	1	\N	alive
56976	P14	112	Burseraceae	Protium	tenuifolium	protte		828	15	0201	685	48.80000	31.90000	8.80000	11.90000	417043	516827	417033	1	\N		256	3	298	1.30	2012-05-01	19114	\N	1	\N	alive
49923	P14	112	Burseraceae	Protium	tenuifolium	protte		828	15	0201	685	48.80000	31.90000	8.80000	11.90000	417043	516827	417033	1	\N		268	4	298	1.30	2013-04-15	19463	\N	1	\N	alive
2413928	P14	112	Burseraceae	Protium	tenuifolium	protte		828	15	0201	685	48.80000	31.90000	8.80000	11.90000	417043	516827	417033	1	\N	\N	278	5	298	1.30	2014-04-09	19822	\N	1	\N	alive
2422382	P14	112	Burseraceae	Protium	tenuifolium	protte		828	15	0201	685	48.80000	31.90000	8.80000	11.90000	417043	516827	417033	1	\N	\N	286	6	298	1.30	2015-06-25	20264	\N	1	\N	alive
85117	P14	112	Clusiaceae	Garcinia	intermedia	gar2in	\N	1125	\N	0201	685	49.30000	31.90000	9.30000	11.90000	417044	516828	417034	1	\N	main	123	1	15	1.30	1996-11-15	13468	\N	1	\N	alive
2405688	P14	112	Clusiaceae	Garcinia	intermedia	gar2in	\N	1125	\N	0201	685	49.30000	31.90000	9.30000	11.90000	417044	516828	417034	1	\N	main	204	2	21	1.30	2010-11-11	18577	\N	1	\N	alive
85226	P14	112	Lacistemataceae	Lacistema	aggregatum	laciag	\N	548	\N	0201	685	49.00000	31.60000	9.00000	11.60000	417045	516829	417035	1	\N	main	123	1	33	1.30	1996-11-15	13468	\N	1	\N	alive
2405689	P14	112	Lacistemataceae	Lacistema	aggregatum	laciag	\N	548	\N	0201	685	49.00000	31.60000	9.00000	11.60000	417045	516829	417035	1	\N	main	204	2	\N	\N	2010-11-11	18577	D;S	1	\N	dead
85336	P14	112	Rubiaceae	Faramea	occidentalis	faraoc	\N	379	\N	0201	685	49.50000	30.10000	9.50000	10.10000	417046	516830	417036	1	\N	main	123	1	12	1.30	1996-11-15	13468	L	1	\N	alive
2405690	P14	112	Rubiaceae	Faramea	occidentalis	faraoc	\N	379	\N	0201	685	49.50000	30.10000	9.50000	10.10000	417046	516830	417036	1	\N	main	204	2	13	1.30	2010-11-11	18577	\N	1	\N	alive
85446	P14	112	Arecaceae	Oenocarpus	mapora	oenoma	\N	1145	\N	0201	685	46.60000	29.20000	6.60000	9.20000	417047	516831	417037	1	\N	main	123	1	90	1.30	1996-11-15	13468	M	1	\N	alive
85666	P14	112	Melastomataceae	Mouriri	myrtilloides	mourmy	\N	671	\N	0201	685	48.50000	29.30000	8.50000	9.30000	417048	516832	417038	1	\N	main	123	1	17	1.30	1996-11-15	13468	L	1	\N	alive
2405693	P14	112	Melastomataceae	Mouriri	myrtilloides	mourmy	\N	671	\N	0201	685	48.50000	29.30000	8.50000	9.30000	417048	516832	417038	1	\N	main	204	2	\N	\N	2010-11-11	18577	D;C	1	\N	dead
85776	P14	112	Burseraceae	Protium	panamense	protpa	\N	827	\N	0201	685	49.20000	27.60000	9.20000	7.60000	417049	516833	417039	1	\N	main	123	1	12	1.30	1996-11-15	13468	\N	1	\N	alive
85886	P14	112	Violaceae	Hybanthus	prunifolius	hybapr	\N	494	\N	0201	685	48.80000	25.80000	8.80000	5.80000	417050	516834	417040	1	\N	main	123	1	38	1.30	1996-11-15	13468	\N	1	\N	alive
2405695	P14	112	Violaceae	Hybanthus	prunifolius	hybapr	\N	494	\N	0201	685	48.80000	25.80000	8.80000	5.80000	417050	516834	417040	1	\N	main	204	2	\N	\N	2010-11-11	18577	D;N	1	\N	dead
85996	P14	112	Melastomataceae	Mouriri	myrtilloides	mourmy	\N	671	\N	0201	685	49.90000	25.30000	9.90000	5.30000	417051	516835	417041	1	\N	main	123	1	14	1.30	1996-11-15	13468	\N	1	\N	alive
2405696	P14	112	Melastomataceae	Mouriri	myrtilloides	mourmy	\N	671	\N	0201	685	49.90000	25.30000	9.90000	5.30000	417051	516835	417041	1	\N	main	204	2	16	1.30	2010-11-11	18577	\N	1	\N	alive
86104	P14	112	Burseraceae	Tetragastris	panamensis	tet2pa	\N	1007	\N	0201	685	48.10000	25.20000	8.10000	5.20000	417052	516836	417042	1	\N	main	123	1	24	1.30	1996-11-15	13468	\N	1	\N	alive
2405697	P14	112	Burseraceae	Tetragastris	panamensis	tet2pa	\N	1007	\N	0201	685	48.10000	25.20000	8.10000	5.20000	417052	516836	417042	1	\N	main	204	2	36	1.30	2010-11-11	18577	\N	1	\N	alive
86211	P14	112	Burseraceae	Protium	panamense	protpa	\N	827	\N	0201	685	49.50000	24.90000	9.50000	4.90000	417053	516837	417043	1	\N	main	123	1	10	1.30	1996-11-15	13468	\N	1	\N	alive
2405698	P14	112	Burseraceae	Protium	panamense	protpa	\N	827	\N	0201	685	49.50000	24.90000	9.50000	4.90000	417053	516837	417043	1	\N	main	204	2	12	1.30	2010-11-11	18577	\N	1	\N	alive
86318	P14	112	Sapindaceae	Cupania	seemannii	cupasy	\N	1120	\N	0201	685	49.10000	24.60000	9.10000	4.60000	417054	516838	417044	1	\N	main	123	1	90	1.30	1996-11-15	13468	M	1	\N	alive
86744	P14	112	Arecaceae	Oenocarpus	mapora	oenoma	\N	1145	\N	0201	685	49.50000	22.00000	9.50000	2.00000	417055	516839	417045	1	\N	main	123	1	100	1.30	1996-11-15	13468	M	1	\N	alive
87062	P14	112	Sapotaceae	Pouteria	reticulata	poutre	\N	1155	\N	0201	685	51.90000	20.10000	11.90000	0.10000	417056	516840	417046	1	\N	main	123	1	130	1.30	1996-11-15	13468	\N	1	\N	alive
2405703	P14	112	Sapotaceae	Pouteria	reticulata	poutre	\N	1155	\N	0201	685	51.90000	20.10000	11.90000	0.10000	417056	516840	417046	1	\N	main	204	2	141	1.30	2010-11-11	18577	\N	1	\N	alive
57726	P14	112	Sapotaceae	Pouteria	reticulata	poutre	\N	1155	\N	0201	685	51.90000	20.10000	11.90000	0.10000	417056	516840	417046	1	\N		256	3	143	1.30	2012-05-01	19114	\N	1	\N	alive
50685	P14	112	Sapotaceae	Pouteria	reticulata	poutre	\N	1155	\N	0201	685	51.90000	20.10000	11.90000	0.10000	417056	516840	417046	1	\N		268	4	143	1.30	2013-04-15	19463	\N	1	\N	alive
2413929	P14	112	Sapotaceae	Pouteria	reticulata	poutre	\N	1155	\N	0201	685	51.90000	20.10000	11.90000	0.10000	417056	516840	417046	1	\N	\N	278	5	140	1.30	2014-04-09	19822	\N	1	\N	alive
2422383	P14	112	Sapotaceae	Pouteria	reticulata	poutre	\N	1155	\N	0201	685	51.90000	20.10000	11.90000	0.10000	417056	516840	417046	1	\N	\N	286	6	150	1.30	2015-06-25	20264	\N	1	\N	alive
87168	P14	112	Rubiaceae	Coussarea	curvigemmia	cou2cu	\N	280	\N	0201	685	52.50000	21.70000	12.50000	1.70000	417057	516841	417047	1	\N	main	123	1	25	1.30	1996-11-15	13468	\N	1	\N	alive
2405704	P14	112	Rubiaceae	Coussarea	curvigemmia	cou2cu	\N	280	\N	0201	685	52.50000	21.70000	12.50000	1.70000	417057	516841	417047	1	\N	main	204	2	29	1.30	2010-11-11	18577	\N	1	\N	alive
87274	P14	112	Rubiaceae	Coussarea	curvigemmia	cou2cu	\N	280	\N	0201	685	51.80000	22.80000	11.80000	2.80000	417058	516842	417048	1	\N	main	123	1	71	1.30	1996-11-15	13468	\N	1	\N	alive
2405705	P14	112	Rubiaceae	Coussarea	curvigemmia	cou2cu	\N	280	\N	0201	685	51.80000	22.80000	11.80000	2.80000	417058	516842	417048	1	\N	main	204	2	72	1.30	2010-11-11	18577	\N	1	\N	alive
87380	P14	112	Burseraceae	Tetragastris	panamensis	tet2pa	\N	1007	\N	0201	685	52.50000	23.30000	12.50000	3.30000	417059	516843	417049	1	\N	main	123	1	22	1.30	1996-11-15	13468	\N	1	\N	alive
2405706	P14	112	Burseraceae	Tetragastris	panamensis	tet2pa	\N	1007	\N	0201	685	52.50000	23.30000	12.50000	3.30000	417059	516843	417049	1	\N	main	204	2	24	1.30	2010-11-11	18577	\N	1	\N	alive
87486	P14	112	Melastomataceae	Mouriri	myrtilloides	mourmy	\N	671	\N	0201	685	54.80000	24.70000	14.80000	4.70000	417060	516844	417050	1	\N	main	123	1	10	1.30	1996-11-15	13468	\N	1	\N	alive
2405707	P14	112	Melastomataceae	Mouriri	myrtilloides	mourmy	\N	671	\N	0201	685	54.80000	24.70000	14.80000	4.70000	417060	516844	417050	1	\N	main	204	2	14	1.30	2010-11-11	18577	\N	1	\N	alive
87592	P14	112	Rubiaceae	Coussarea	curvigemmia	cou2cu	\N	280	\N	0201	685	54.60000	23.30000	14.60000	3.30000	417061	516845	417051	1	\N	main	123	1	20	1.30	1996-11-15	13468	\N	1	\N	alive
2405708	P14	112	Rubiaceae	Coussarea	curvigemmia	cou2cu	\N	280	\N	0201	685	54.60000	23.30000	14.60000	3.30000	417061	516845	417051	1	\N	main	204	2	25	1.30	2010-11-11	18577	\N	1	\N	alive
87698	P14	112	Myristicaceae	Virola	sebifera	virose	\N	1072	\N	0201	685	54.30000	22.90000	14.30000	2.90000	417062	516846	417052	1	\N	main	123	1	27	1.30	1996-11-15	13468	\N	1	\N	alive
2405709	P14	112	Myristicaceae	Virola	sebifera	virose	\N	1072	\N	0201	685	54.30000	22.90000	14.30000	2.90000	417062	516846	417052	1	\N	main	204	2	32	1.30	2010-11-11	18577	\N	1	\N	alive
87804	P14	112	Arecaceae	Socratea	exorrhiza	socrex	\N	1163	\N	0201	685	54.50000	20.80000	14.50000	0.80000	417063	516847	417053	1	\N	main	123	1	86	1.30	1996-11-15	13468	\N	1	\N	alive
2405710	P14	112	Arecaceae	Socratea	exorrhiza	socrex	\N	1163	\N	0201	685	54.50000	20.80000	14.50000	0.80000	417063	516847	417053	1	\N	main	204	2	\N	\N	2010-11-11	18577	D;N	1	\N	dead
87910	P14	112	Burseraceae	Protium	tenuifolium	protte		828	15	0201	685	51.80000	25.80000	11.80000	5.80000	417064	516848	417054	1	\N	main	123	1	212	1.30	1996-11-15	13468	\N	1	\N	alive
2405711	P14	112	Burseraceae	Protium	tenuifolium	protte		828	15	0201	685	51.80000	25.80000	11.80000	5.80000	417064	516848	417054	1	\N	main	204	2	274	1.30	2010-11-11	18577	\N	1	\N	alive
57851	P14	112	Burseraceae	Protium	tenuifolium	protte		828	15	0201	685	51.80000	25.80000	11.80000	5.80000	417064	516848	417054	1	\N		256	3	274	1.30	2012-05-01	19114	\N	1	\N	alive
50812	P14	112	Burseraceae	Protium	tenuifolium	protte		828	15	0201	685	51.80000	25.80000	11.80000	5.80000	417064	516848	417054	1	\N		268	4	276	1.30	2013-04-15	19463	\N	1	\N	alive
2413930	P14	112	Burseraceae	Protium	tenuifolium	protte		828	15	0201	685	51.80000	25.80000	11.80000	5.80000	417064	516848	417054	1	\N	\N	278	5	276	1.30	2014-04-09	19822	\N	1	\N	alive
2422384	P14	112	Burseraceae	Protium	tenuifolium	protte		828	15	0201	685	51.80000	25.80000	11.80000	5.80000	417064	516848	417054	1	\N	\N	286	6	238	2.50	2015-06-25	20264	B;cylN	1	\N	alive
88017	P14	112	Myristicaceae	Virola	sebifera	virose	\N	1072	\N	0201	685	50.20000	26.90000	10.20000	6.90000	417065	516849	417055	1	\N	main	123	1	22	1.30	1996-11-15	13468	M	1	\N	alive
88228	P14	112	Clusiaceae	Calophyllum	longifolium	calolo	\N	135	\N	0201	685	51.90000	29.60000	11.90000	9.60000	417066	516850	417056	1	\N	main	123	1	94	1.30	1996-11-15	13468	\N	1	\N	alive
2405713	P14	112	Clusiaceae	Calophyllum	longifolium	calolo	\N	135	\N	0201	685	51.90000	29.60000	11.90000	9.60000	417066	516850	417056	1	\N	main	204	2	\N	\N	2010-11-11	18577	D;N	1	\N	dead
88333	P14	112	Arecaceae	Oenocarpus	mapora	oenoma	\N	1145	\N	0201	685	54.00000	27.00000	14.00000	7.00000	417067	516851	417057	1	\N	main	123	1	96	1.30	1996-11-15	13468	M	1	\N	alive
88543	P14	112	Rubiaceae	Faramea	occidentalis	faraoc	\N	379	\N	0201	685	51.60000	30.20000	11.60000	10.20000	417068	516852	417058	1	\N	main	123	1	43	1.30	1996-11-15	13468	M	1	\N	alive
88753	P14	112	Rubiaceae	Faramea	occidentalis	faraoc	\N	379	\N	0201	685	50.80000	32.40000	10.80000	12.40000	417069	516853	417059	1	\N	main	123	1	50	1.30	1996-11-15	13468	M	1	\N	alive
89070	P14	112	Violaceae	Hybanthus	prunifolius	hybapr	\N	494	\N	0201	685	53.30000	34.80000	13.30000	14.80000	417070	516854	417060	1	\N	main	123	1	29	1.30	1996-11-15	13468	\N	1	\N	alive
2405720	P14	112	Violaceae	Hybanthus	prunifolius	hybapr	\N	494	\N	0201	685	53.30000	34.80000	13.30000	14.80000	417070	516854	417060	1	\N	main	204	2	41	1.30	2010-11-11	18577	\N	1	\N	alive
89176	P14	112	Violaceae	Hybanthus	prunifolius	hybapr	\N	494	\N	0201	685	54.00000	32.50000	14.00000	12.50000	417071	516855	417061	1	\N	main	123	1	20	1.30	1996-11-15	13468	L	1	\N	alive
2405721	P14	112	Violaceae	Hybanthus	prunifolius	hybapr	\N	494	\N	0201	685	54.00000	32.50000	14.00000	12.50000	417071	516855	417061	1	\N	main	204	2	\N	\N	2010-11-11	18577	D;N	1	\N	dead
89282	P14	112	Melastomataceae	Mouriri	myrtilloides	mourmy	\N	671	\N	0201	685	52.60000	30.20000	12.60000	10.20000	417072	516856	417062	1	\N	main	123	1	10	1.30	1996-11-15	13468	\N	1	\N	alive
2405722	P14	112	Melastomataceae	Mouriri	myrtilloides	mourmy	\N	671	\N	0201	685	52.60000	30.20000	12.60000	10.20000	417072	516856	417062	1	\N	main	204	2	15	1.30	2010-11-11	18577	\N	1	\N	alive
89388	P14	112	Boraginaceae	Cordia	lasiocalyx	cordla	\N	269	\N	0201	685	52.70000	31.70000	12.70000	11.70000	417073	516857	417063	1	\N	main	123	1	33	1.30	1996-11-15	13468	\N	1	\N	alive
2405723	P14	112	Boraginaceae	Cordia	lasiocalyx	cordla	\N	269	\N	0201	685	52.70000	31.70000	12.70000	11.70000	417073	516857	417063	1	\N	main	204	2	42	1.30	2010-11-11	18577	\N	1	\N	alive
89493	P14	112	Rubiaceae	Randia	armata	randar	\N	879	\N	0201	685	51.30000	36.40000	11.30000	16.40000	417074	516858	417064	1	\N	main	123	1	164	1.30	1996-11-15	13468	\N	1	\N	alive
2405724	P14	112	Rubiaceae	Randia	armata	randar	\N	879	\N	0201	685	51.30000	36.40000	11.30000	16.40000	417074	516858	417064	1	\N	main	204	2	175	1.30	2010-11-11	18577	L	1	\N	alive
58226	P14	112	Rubiaceae	Randia	armata	randar	\N	879	\N	0201	685	51.30000	36.40000	11.30000	16.40000	417074	516858	417064	1	\N		256	3	175	1.30	2012-05-01	19114	L	1	\N	alive
51320	P14	112	Rubiaceae	Randia	armata	randar	\N	879	\N	0201	685	51.30000	36.40000	11.30000	16.40000	417074	516858	417064	1	\N		268	4	175	1.30	2013-04-15	19463	L	1	\N	alive
2413934	P14	112	Rubiaceae	Randia	armata	randar	\N	879	\N	0201	685	51.30000	36.40000	11.30000	16.40000	417074	516858	417064	1	\N	\N	278	5	189	1.30	2014-04-09	19822	Q;L	1	\N	alive
2422386	P14	112	Rubiaceae	Randia	armata	randar	\N	879	\N	0201	685	51.30000	36.40000	11.30000	16.40000	417074	516858	417064	1	\N	\N	286	6	\N	1.30	2015-06-25	20264	D	1	\N	dead
89598	P14	112	Violaceae	Hybanthus	prunifolius	hybapr	\N	494	\N	0201	685	54.20000	35.30000	14.20000	15.30000	417075	516859	417065	1	\N	main	123	1	13	1.30	1996-11-15	13468	\N	1	\N	alive
89703	P14	112	Meliaceae	Guarea	guidonia	guargu	\N	435	\N	0201	685	58.50000	39.90000	18.50000	19.90000	417076	516860	417066	1	\N	main	123	1	180	1.30	1996-11-15	13468	\N	1	\N	alive
2405726	P14	112	Meliaceae	Guarea	guidonia	guargu	\N	435	\N	0201	685	58.50000	39.90000	18.50000	19.90000	417076	516860	417066	1	\N	main	204	2	189	1.30	2010-11-11	18577	\N	1	\N	alive
58351	P14	112	Meliaceae	Guarea	guidonia	guargu	\N	435	\N	0201	685	58.50000	39.90000	18.50000	19.90000	417076	516860	417066	1	\N		256	3	190	1.30	2012-05-01	19114	\N	1	\N	alive
51447	P14	112	Meliaceae	Guarea	guidonia	guargu	\N	435	\N	0201	685	58.50000	39.90000	18.50000	19.90000	417076	516860	417066	1	\N		268	4	190	1.30	2013-04-15	19463	\N	1	\N	alive
2413939	P14	112	Meliaceae	Guarea	guidonia	guargu	\N	435	\N	0201	685	58.50000	39.90000	18.50000	19.90000	417076	516860	417066	1	\N	\N	278	5	191	1.30	2014-04-09	19822	\N	1	\N	alive
2422391	P14	112	Meliaceae	Guarea	guidonia	guargu	\N	435	\N	0201	685	58.50000	39.90000	18.50000	19.90000	417076	516860	417066	1	\N	\N	286	6	191	1.30	2015-06-25	20264	\N	1	\N	alive
89808	P14	112	Violaceae	Hybanthus	prunifolius	hybapr	\N	494	\N	0201	685	59.90000	36.50000	19.90000	16.50000	417077	516861	417067	1	\N	main	123	1	47	1.30	1996-11-15	13468	L	1	\N	alive
2405727	P14	112	Violaceae	Hybanthus	prunifolius	hybapr	\N	494	\N	0201	685	59.90000	36.50000	19.90000	16.50000	417077	516861	417067	1	\N	main	204	2	\N	\N	2010-11-11	18577	D;T	1	\N	dead
89913	P14	112	Violaceae	Hybanthus	prunifolius	hybapr	\N	494	\N	0201	685	56.50000	30.50000	16.50000	10.50000	417078	516862	417068	1	\N	main	123	1	23	1.30	1996-11-15	13468	M	1	\N	alive
2405728	P14	112	Violaceae	Hybanthus	prunifolius	hybapr	\N	494	\N	0201	685	56.50000	30.50000	16.50000	10.50000	417078	516862	417068	1	\N	main	204	2	\N	\N	2010-11-11	18577	D;T	1	\N	dead
90123	P14	112	Erythropalaceae	Heisteria	concinna	heisco	\N	469	\N	0201	685	56.40000	31.10000	16.40000	11.10000	417079	516863	417069	1	\N	main	123	1	19	1.30	1996-11-15	13468	\N	1	\N	alive
2405729	P14	112	Erythropalaceae	Heisteria	concinna	heisco	\N	469	\N	0201	685	56.40000	31.10000	16.40000	11.10000	417079	516863	417069	1	\N	main	204	2	44	1.30	2010-11-11	18577	\N	1	\N	alive
90228	P14	112	Rubiaceae	Faramea	occidentalis	faraoc	\N	379	\N	0201	685	56.20000	32.10000	16.20000	12.10000	417080	516864	417070	1	\N	main	123	1	50	1.30	1996-11-15	13468	\N	1	\N	alive
2405730	P14	112	Rubiaceae	Faramea	occidentalis	faraoc	\N	379	\N	0201	685	56.20000	32.10000	16.20000	12.10000	417080	516864	417070	1	\N	main	204	2	65	1.30	2010-11-11	18577	\N	1	\N	alive
90333	P14	112	Violaceae	Hybanthus	prunifolius	hybapr	\N	494	\N	0201	685	56.90000	32.20000	16.90000	12.20000	417081	516865	417071	1	\N	main	123	1	24	1.30	1996-11-15	13468	M	1	\N	alive
2405731	P14	112	Violaceae	Hybanthus	prunifolius	hybapr	\N	494	\N	0201	685	56.90000	32.20000	16.90000	12.20000	417081	516865	417071	1	\N	main	204	2	\N	\N	2010-11-11	18577	D;N	1	\N	dead
90542	P14	112	Violaceae	Hybanthus	prunifolius	hybapr	\N	494	\N	0201	685	55.00000	31.90000	15.00000	11.90000	417082	516866	417072	1	\N	main	123	1	17	1.30	1996-11-15	13468	M	1	\N	alive
90750	P14	112	Violaceae	Hybanthus	prunifolius	hybapr	\N	494	\N	0201	685	55.10000	33.30000	15.10000	13.30000	417083	516867	417073	1	\N	main	123	1	14	1.30	1996-11-15	13468	\N	1	\N	alive
2405733	P14	112	Violaceae	Hybanthus	prunifolius	hybapr	\N	494	\N	0201	685	55.10000	33.30000	15.10000	13.30000	417083	516867	417073	1	\N	main	204	2	23	1.30	2010-11-11	18577	\N	1	\N	alive
90855	P14	112	Violaceae	Hybanthus	prunifolius	hybapr	\N	494	\N	0201	685	55.70000	34.80000	15.70000	14.80000	417084	516868	417074	1	\N	main	123	1	22	1.30	1996-11-15	13468	M	1	\N	alive
91063	P14	112	Euphorbiaceae	Croton	billbergianus	crotbi	\N	289	\N	0201	685	57.00000	34.80000	17.00000	14.80000	417085	516869	417075	1	\N	main	123	1	245	1.30	1996-11-15	13468	\N	1	\N	alive
2405736	P14	112	Euphorbiaceae	Croton	billbergianus	crotbi	\N	289	\N	0201	685	57.00000	34.80000	17.00000	14.80000	417085	516869	417075	1	\N	main	204	2	\N	\N	2010-11-11	18577	D;N	1	\N	dead
91166	P14	112	Apocynaceae	Tabernaemontana	arborea	tab2ar	\N	990	\N	0201	685	56.70000	34.70000	16.70000	14.70000	417086	516870	417076	1	\N	main	123	1	19	1.30	1996-11-15	13468	\N	1	\N	alive
2405737	P14	112	Apocynaceae	Tabernaemontana	arborea	tab2ar	\N	990	\N	0201	685	56.70000	34.70000	16.70000	14.70000	417086	516870	417076	1	\N	main	204	2	\N	\N	2010-11-11	18577	D;N	1	\N	dead
91268	P14	112	Rubiaceae	Faramea	occidentalis	faraoc	\N	379	\N	0201	685	57.30000	33.80000	17.30000	13.80000	417087	516871	417077	1	\N	main	123	1	19	1.30	1996-11-15	13468	M	1	\N	alive
2405738	P14	112	Rubiaceae	Faramea	occidentalis	faraoc	\N	379	\N	0201	685	57.30000	33.80000	17.30000	13.80000	417087	516871	417077	1	\N	main	204	2	\N	\N	2010-11-11	18577	D;C	1	\N	dead
91472	P14	112	Fabaceae-caesalpinioideae	Tachigali	versicolor	tachve	\N	995	\N	0201	685	59.60000	34.40000	19.60000	14.40000	417088	516872	417078	1	\N	main	123	1	11	1.30	1996-11-15	13468	\N	1	\N	alive
2405739	P14	112	Fabaceae-caesalpinioideae	Tachigali	versicolor	tachve	\N	995	\N	0201	685	59.60000	34.40000	19.60000	14.40000	417088	516872	417078	1	\N	main	204	2	\N	\N	2010-11-11	18577	D;T	1	\N	dead
91574	P14	112	Violaceae	Hybanthus	prunifolius	hybapr	\N	494	\N	0201	685	59.80000	33.20000	19.80000	13.20000	417089	516873	417079	1	\N	main	123	1	18	1.30	1996-11-15	13468	\N	1	\N	alive
2405740	P14	112	Violaceae	Hybanthus	prunifolius	hybapr	\N	494	\N	0201	685	59.80000	33.20000	19.80000	13.20000	417089	516873	417079	1	\N	main	204	2	26	1.30	2010-11-11	18577	\N	1	\N	alive
91676	P14	112	Violaceae	Hybanthus	prunifolius	hybapr	\N	494	\N	0201	685	55.10000	25.10000	15.10000	5.10000	417090	516874	417080	1	\N	main	123	1	33	1.30	1996-11-15	13468	M	1	\N	alive
2405741	P14	112	Violaceae	Hybanthus	prunifolius	hybapr	\N	494	\N	0201	685	55.10000	25.10000	15.10000	5.10000	417090	516874	417080	1	\N	main	204	2	\N	\N	2010-11-11	18577	D;N	1	\N	dead
91881	P14	112	Annonaceae	Guatteria	dumetorum	guatdu	\N	445	\N	0201	685	56.30000	26.30000	16.30000	6.30000	417091	516875	417081	1	\N	main	123	1	29	1.30	1996-11-15	13468	\N	1	\N	alive
2405742	P14	112	Annonaceae	Guatteria	dumetorum	guatdu	\N	445	\N	0201	685	56.30000	26.30000	16.30000	6.30000	417091	516875	417081	1	\N	main	204	2	\N	\N	2010-11-11	18577	D;T	1	\N	dead
91983	P14	112	Burseraceae	Tetragastris	panamensis	tet2pa	\N	1007	\N	0201	685	56.60000	27.80000	16.60000	7.80000	417092	516876	417082	1	\N	main	123	1	21	1.30	1996-11-15	13468	\N	1	\N	alive
2405743	P14	112	Burseraceae	Tetragastris	panamensis	tet2pa	\N	1007	\N	0201	685	56.60000	27.80000	16.60000	7.80000	417092	516876	417082	1	\N	main	204	2	25	1.30	2010-11-11	18577	\N	1	\N	alive
92085	P14	112	Annonaceae	Desmopsis	panamensis	des2pa	\N	316	\N	0201	685	56.20000	29.80000	16.20000	9.80000	417093	516877	417083	1	\N	main	123	1	21	1.30	1996-11-15	13468	\N	1	\N	alive
2405744	P14	112	Annonaceae	Desmopsis	panamensis	des2pa	\N	316	\N	0201	685	56.20000	29.80000	16.20000	9.80000	417093	516877	417083	1	\N	main	204	2	\N	\N	2010-11-11	18577	D;N	1	\N	dead
92186	P14	112	Violaceae	Hybanthus	prunifolius	hybapr	\N	494	\N	0201	685	57.40000	29.60000	17.40000	9.60000	417094	516878	417084	1	\N	main	123	1	22	1.30	1996-11-15	13468	M	1	\N	alive
92489	P14	112	Violaceae	Hybanthus	prunifolius	hybapr	\N	494	\N	0201	685	58.40000	28.60000	18.40000	8.60000	417095	516879	417085	1	\N	main	123	1	19	1.30	1996-11-15	13468	\N	1	\N	alive
2405746	P14	112	Violaceae	Hybanthus	prunifolius	hybapr	\N	494	\N	0201	685	58.40000	28.60000	18.40000	8.60000	417095	516879	417085	1	\N	main	204	2	\N	\N	2010-11-11	18577	D;C	1	\N	dead
92590	P14	112	Arecaceae	Socratea	exorrhiza	socrex	\N	1163	\N	0201	685	58.00000	27.40000	18.00000	7.40000	417096	516880	417086	1	\N	main	123	1	60	1.30	1996-11-15	13468	\N	1	\N	alive
2405747	P14	112	Arecaceae	Socratea	exorrhiza	socrex	\N	1163	\N	0201	685	58.00000	27.40000	18.00000	7.40000	417096	516880	417086	1	\N	main	204	2	\N	\N	2010-11-11	18577	D;N	1	\N	dead
92690	P14	112	Sapotaceae	Pouteria	fossicola	poutfo	\N	809	\N	0201	685	58.40000	26.00000	18.40000	6.00000	417097	516881	417087	1	\N	main	123	1	401	3.70	1996-11-15	13468	B	1	\N	alive
92790	P14	112	Sapotaceae	Pouteria	fossicola	poutfo	\N	809	\N	0201	685	58.40000	26.00000	18.40000	6.00000	417097	516881	417087	1	\N	main	123	1	590	1.30	1997-01-02	13516	\N	0	\N	alive
2410298	P14	112	Sapotaceae	Pouteria	fossicola	poutfo	\N	809	\N	0201	685	58.40000	26.00000	18.40000	6.00000	417097	516881	417087	1	\N	main	204	2	452	3.70	2010-11-18	18584	B	1	\N	alive
58476	P14	112	Sapotaceae	Pouteria	fossicola	poutfo	\N	809	\N	0201	685	58.40000	26.00000	18.40000	6.00000	417097	516881	417087	1	\N		256	3	452	3.70	2012-05-02	19115	B;cylN	1	\N	alive
51573	P14	112	Sapotaceae	Pouteria	fossicola	poutfo	\N	809	\N	0201	685	58.40000	26.00000	18.40000	6.00000	417097	516881	417087	1	\N		268	4	453	3.70	2013-04-12	19460	B;cylN	1	\N	alive
2413938	P14	112	Sapotaceae	Pouteria	fossicola	poutfo	\N	809	\N	0201	685	58.40000	26.00000	18.40000	6.00000	417097	516881	417087	1	\N	\N	278	5	453	3.70	2014-04-09	19822	B;cylN	1	\N	alive
2422390	P14	112	Sapotaceae	Pouteria	fossicola	poutfo	\N	809	\N	0201	685	58.40000	26.00000	18.40000	6.00000	417097	516881	417087	1	\N	\N	286	6	451	3.70	2015-06-25	20264	B;cylN	1	\N	alive
92890	P14	112	Fabaceae-mimosoideae	Inga	pezizifera	ingape	\N	516	\N	0201	685	58.60000	25.20000	18.60000	5.20000	417098	516882	417088	1	\N	main	123	1	29	1.30	1996-11-15	13468	\N	1	\N	alive
2405748	P14	112	Fabaceae-mimosoideae	Inga	pezizifera	ingape	\N	516	\N	0201	685	58.60000	25.20000	18.60000	5.20000	417098	516882	417088	1	\N	main	204	2	\N	\N	2010-11-11	18577	D;N	1	\N	dead
92990	P14	112	Burseraceae	Protium	panamense	protpa	\N	827	\N	0201	685	55.20000	20.20000	15.20000	0.20000	417099	516883	417089	1	\N	main	123	1	16	1.30	1996-11-15	13468	\N	1	\N	alive
93090	P14	112	Fabaceae-papilionoideae	Swartzia	simplex	swars2	var.ochnacea	980	8	0201	685	56.00000	20.40000	16.00000	0.40000	417100	516884	417090	1	\N	main	123	1	56	1.30	1996-11-15	13468	\N	1	\N	alive
2405750	P14	112	Fabaceae-papilionoideae	Swartzia	simplex	swars2	var.ochnacea	980	8	0201	685	56.00000	20.40000	16.00000	0.40000	417100	516884	417090	1	\N	main	204	2	\N	\N	2010-11-11	18577	D;N	1	\N	dead
93190	P14	112	Rubiaceae	Coussarea	curvigemmia	cou2cu	\N	280	\N	0201	685	56.70000	20.50000	16.70000	0.50000	417101	516885	417091	1	\N	main	123	1	22	1.30	1996-11-15	13468	\N	1	\N	alive
93290	P14	112	Piperaceae	Piper	cordulatum	pipeco	\N	771	\N	0201	685	57.20000	20.40000	17.20000	0.40000	417102	516886	417092	1	\N	main	123	1	13	1.30	1996-11-15	13468	L	1	\N	alive
2405752	P14	112	Piperaceae	Piper	cordulatum	pipeco	\N	771	\N	0201	685	57.20000	20.40000	17.20000	0.40000	417102	516886	417092	1	\N	main	204	2	\N	\N	2010-11-11	18577	D;N	1	\N	dead
93390	P14	112	Melastomataceae	Mouriri	myrtilloides	mourmy	\N	671	\N	0201	685	59.90000	23.30000	19.90000	3.30000	417103	516887	417093	1	\N	main	123	1	38	1.30	1996-11-15	13468	L	1	\N	alive
2407762	P14	112	Melastomataceae	Mouriri	myrtilloides	mourmy	\N	671	\N	0201	685	59.90000	23.30000	19.90000	3.30000	417103	516887	417093	1	\N	main	204	2	\N	\N	2010-11-16	18582	D;N	1	\N	dead
93489	P14	112	Burseraceae	Protium	panamense	protpa	\N	827	\N	0201	685	59.90000	21.40000	19.90000	1.40000	417104	516888	417094	1	\N	main	123	1	55	1.30	1996-11-15	13468	\N	1	\N	alive
2405753	P14	112	Burseraceae	Protium	panamense	protpa	\N	827	\N	0201	685	59.90000	21.40000	19.90000	1.40000	417104	516888	417094	1	\N	main	204	2	59	1.30	2010-11-11	18577	\N	1	\N	alive
93588	P14	112	Rubiaceae	Posoqueria	latifolia	posola	\N	799	\N	0201	685	58.60000	20.50000	18.60000	0.50000	417105	516889	417095	1	\N	main	123	1	209	1.30	1996-11-15	13468	\N	1	\N	alive
2405754	P14	112	Rubiaceae	Posoqueria	latifolia	posola	\N	799	\N	0201	685	58.60000	20.50000	18.60000	0.50000	417105	516889	417095	1	\N	main	204	2	213	1.30	2010-11-11	18577	\N	1	\N	alive
58601	P14	112	Rubiaceae	Posoqueria	latifolia	posola	\N	799	\N	0201	685	58.60000	20.50000	18.60000	0.50000	417105	516889	417095	1	\N		256	3	215	1.30	2012-05-01	19114	\N	1	\N	alive
51699	P14	112	Rubiaceae	Posoqueria	latifolia	posola	\N	799	\N	0201	685	58.60000	20.50000	18.60000	0.50000	417105	516889	417095	1	\N		268	4	218	1.30	2013-04-15	19463	\N	1	\N	alive
2413937	P14	112	Rubiaceae	Posoqueria	latifolia	posola	\N	799	\N	0201	685	58.60000	20.50000	18.60000	0.50000	417105	516889	417095	1	\N	\N	278	5	218	1.30	2014-04-09	19822	\N	1	\N	alive
2422389	P14	112	Rubiaceae	Posoqueria	latifolia	posola	\N	799	\N	0201	685	58.60000	20.50000	18.60000	0.50000	417105	516889	417095	1	\N	\N	286	6	218	1.30	2015-06-25	20264	\N	1	\N	alive
93687	P14	112	Rubiaceae	Alseis	blackiana	alsebl	\N	33	\N	0202	739	40.30000	40.60000	0.30000	0.60000	417106	517501	417096	1	\N	main	123	1	15	1.30	1996-11-15	13468	\N	1	\N	alive
2406744	P14	112	Rubiaceae	Alseis	blackiana	alsebl	\N	33	\N	0202	739	40.30000	40.60000	0.30000	0.60000	417106	517501	417096	1	\N	main	204	2	19	1.30	2010-11-16	18582	\N	1	\N	alive
93786	P14	112	Violaceae	Hybanthus	prunifolius	hybapr	\N	494	\N	0202	739	40.70000	40.70000	0.70000	0.70000	417107	517502	417097	1	\N	main	123	1	19	1.30	1996-11-15	13468	M	1	\N	alive
2406745	P14	112	Violaceae	Hybanthus	prunifolius	hybapr	\N	494	\N	0202	739	40.70000	40.70000	0.70000	0.70000	417107	517502	417097	1	\N	main	204	2	\N	\N	2010-11-16	18582	D;N	1	\N	dead
94083	P14	112	Burseraceae	Tetragastris	panamensis	tet2pa	\N	1007	\N	0202	739	40.20000	41.10000	0.20000	1.10000	417108	517503	417098	1	\N	main	123	1	310	1.30	1996-11-15	13468	\N	1	\N	alive
2406746	P14	112	Burseraceae	Tetragastris	panamensis	tet2pa	\N	1007	\N	0202	739	40.20000	41.10000	0.20000	1.10000	417108	517503	417098	1	\N	main	204	2	339	1.30	2010-11-16	18582	\N	1	\N	alive
58976	P14	112	Burseraceae	Tetragastris	panamensis	tet2pa	\N	1007	\N	0202	739	40.20000	41.10000	0.20000	1.10000	417108	517503	417098	1	\N		256	3	340	1.30	2012-05-01	19114	\N	1	\N	alive
52077	P14	112	Burseraceae	Tetragastris	panamensis	tet2pa	\N	1007	\N	0202	739	40.20000	41.10000	0.20000	1.10000	417108	517503	417098	1	\N		268	4	338	1.30	2013-04-15	19463	\N	1	\N	alive
2413941	P14	112	Burseraceae	Tetragastris	panamensis	tet2pa	\N	1007	\N	0202	739	40.20000	41.10000	0.20000	1.10000	417108	517503	417098	1	\N	\N	278	5	\N	1.30	2014-04-09	19822	S;D	1	\N	dead
2422393	P14	112	Burseraceae	Tetragastris	panamensis	tet2pa	\N	1007	\N	0202	739	40.20000	41.10000	0.20000	1.10000	417108	517503	417098	1	\N	\N	286	6	\N	1.30	2015-06-25	20264	D	1	\N	dead
94182	P14	112	Burseraceae	Tetragastris	panamensis	tet2pa	\N	1007	\N	0202	739	42.30000	40.20000	2.30000	0.20000	417109	517504	417099	1	\N	main	123	1	12	1.30	1996-11-15	13468	\N	1	\N	alive
2406747	P14	112	Burseraceae	Tetragastris	panamensis	tet2pa	\N	1007	\N	0202	739	42.30000	40.20000	2.30000	0.20000	417109	517504	417099	1	\N	main	204	2	40	1.30	2010-11-16	18582	\N	1	\N	alive
94281	P14	112	Boraginaceae	Cordia	lasiocalyx	cordla	\N	269	\N	0202	739	44.10000	40.80000	4.10000	0.80000	417110	517505	417100	1	\N	main	123	1	25	1.30	1996-11-15	13468	\N	1	\N	alive
2406748	P14	112	Boraginaceae	Cordia	lasiocalyx	cordla	\N	269	\N	0202	739	44.10000	40.80000	4.10000	0.80000	417110	517505	417100	1	\N	main	204	2	65	1.30	2010-11-16	18582	\N	1	\N	alive
94379	P14	112	Apocynaceae	Tabernaemontana	arborea	tab2ar	\N	990	\N	0202	739	41.00000	42.10000	1.00000	2.10000	417111	517506	417101	1	\N	main	123	1	12	1.30	1996-11-15	13468	\N	1	\N	alive
2406749	P14	112	Apocynaceae	Tabernaemontana	arborea	tab2ar	\N	990	\N	0202	739	41.00000	42.10000	1.00000	2.10000	417111	517506	417101	1	\N	main	204	2	17	1.30	2010-11-16	18582	\N	1	\N	alive
94477	P14	112	Violaceae	Hybanthus	prunifolius	hybapr	\N	494	\N	0202	739	41.30000	44.80000	1.30000	4.80000	417112	517507	417102	1	\N	main	123	1	18	1.30	1996-11-15	13468	\N	1	\N	alive
2406750	P14	112	Violaceae	Hybanthus	prunifolius	hybapr	\N	494	\N	0202	739	41.30000	44.80000	1.30000	4.80000	417112	517507	417102	1	\N	main	204	2	21	1.30	2010-11-16	18582	\N	1	\N	alive
94575	P14	112	Fabaceae-mimosoideae	Enterolobium	schomburgkii	entesc	\N	340	\N	0202	739	41.60000	49.10000	1.60000	9.10000	417113	517508	417103	1	\N	main	123	1	14	1.30	1996-11-15	13468	\N	1	\N	alive
94673	P14	112	Violaceae	Hybanthus	prunifolius	hybapr	\N	494	\N	0202	739	42.10000	49.40000	2.10000	9.40000	417114	517509	417104	1	\N	main	123	1	22	1.30	1996-11-15	13468	\N	1	\N	alive
2406752	P14	112	Violaceae	Hybanthus	prunifolius	hybapr	\N	494	\N	0202	739	42.10000	49.40000	2.10000	9.40000	417114	517509	417104	1	\N	main	204	2	24	1.30	2010-11-16	18582	\N	1	\N	alive
94771	P14	112	Violaceae	Hybanthus	prunifolius	hybapr	\N	494	\N	0202	739	41.50000	49.80000	1.50000	9.80000	417115	517510	417105	1	\N	main	123	1	19	1.30	1996-11-15	13468	\N	1	\N	alive
2406753	P14	112	Violaceae	Hybanthus	prunifolius	hybapr	\N	494	\N	0202	739	41.50000	49.80000	1.50000	9.80000	417115	517510	417105	1	\N	main	204	2	\N	\N	2010-11-16	18582	D;C	1	\N	dead
94869	P14	112	Melastomataceae	Mouriri	myrtilloides	mourmy	\N	671	\N	0202	739	42.20000	49.90000	2.20000	9.90000	417116	517511	417106	1	\N	main	123	1	16	1.30	1996-11-15	13468	\N	1	\N	alive
2406754	P14	112	Melastomataceae	Mouriri	myrtilloides	mourmy	\N	671	\N	0202	739	42.20000	49.90000	2.20000	9.90000	417116	517511	417106	1	\N	main	204	2	17	1.30	2010-11-16	18582	\N	1	\N	alive
94967	P14	112	Apocynaceae	Lacmellea	panamensis	lacmpa	\N	549	\N	0202	739	43.20000	49.80000	3.20000	9.80000	417117	517512	417107	1	\N	main	123	1	57	1.30	1996-11-15	13468	\N	1	\N	alive
2406755	P14	112	Apocynaceae	Lacmellea	panamensis	lacmpa	\N	549	\N	0202	739	43.20000	49.80000	3.20000	9.80000	417117	517512	417107	1	\N	main	204	2	68	1.30	2010-11-16	18582	\N	1	\N	alive
95066	P14	112	Apocynaceae	Tabernaemontana	arborea	tab2ar	\N	990	\N	0202	739	43.80000	49.90000	3.80000	9.90000	417118	517513	417108	1	\N	main	123	1	21	1.30	1996-11-15	13468	\N	1	\N	alive
2406756	P14	112	Apocynaceae	Tabernaemontana	arborea	tab2ar	\N	990	\N	0202	739	43.80000	49.90000	3.80000	9.90000	417118	517513	417108	1	\N	main	204	2	\N	\N	2010-11-16	18582	D;N	1	\N	dead
95165	P14	112	Simaroubaceae	Quassia	amara	quasam	\N	875	\N	0202	739	44.70000	48.70000	4.70000	8.70000	417119	517514	417109	1	\N	main	123	1	31	1.30	1996-11-15	13468	M	1	\N	alive
2406757	P14	112	Simaroubaceae	Quassia	amara	quasam	\N	875	\N	0202	739	44.70000	48.70000	4.70000	8.70000	417119	517514	417109	1	\N	main	204	2	\N	\N	2010-11-16	18582	D;N	1	\N	dead
95462	P14	112	Violaceae	Hybanthus	prunifolius	hybapr	\N	494	\N	0202	739	44.40000	47.70000	4.40000	7.70000	417120	517515	417110	1	\N	main	123	1	19	1.30	1996-11-15	13468	\N	1	\N	alive
2406758	P14	112	Violaceae	Hybanthus	prunifolius	hybapr	\N	494	\N	0202	739	44.40000	47.70000	4.40000	7.70000	417120	517515	417110	1	\N	main	204	2	22	1.30	2010-11-16	18582	\N	1	\N	alive
95561	P14	112	Rubiaceae	Faramea	occidentalis	faraoc	\N	379	\N	0202	739	43.40000	45.20000	3.40000	5.20000	417121	517516	417111	1	\N	main	123	1	82	1.30	1996-11-15	13468	\N	1	\N	alive
2406759	P14	112	Rubiaceae	Faramea	occidentalis	faraoc	\N	379	\N	0202	739	43.40000	45.20000	3.40000	5.20000	417121	517516	417111	1	\N	main	204	2	81	1.20	2010-11-16	18582	\N	1	\N	alive
95660	P14	112	Burseraceae	Tetragastris	panamensis	tet2pa	\N	1007	\N	0202	739	40.80000	50.20000	0.80000	10.20000	417122	517517	417112	1	\N	main	123	1	134	1.30	1996-11-15	13468	\N	1	\N	alive
2406760	P14	112	Burseraceae	Tetragastris	panamensis	tet2pa	\N	1007	\N	0202	739	40.80000	50.20000	0.80000	10.20000	417122	517517	417112	1	\N	main	204	2	145	1.30	2010-11-16	18582	\N	1	\N	alive
59101	P14	112	Burseraceae	Tetragastris	panamensis	tet2pa	\N	1007	\N	0202	739	40.80000	50.20000	0.80000	10.20000	417122	517517	417112	1	\N		256	3	155	1.30	2012-05-01	19114	\N	1	\N	alive
52203	P14	112	Burseraceae	Tetragastris	panamensis	tet2pa	\N	1007	\N	0202	739	40.80000	50.20000	0.80000	10.20000	417122	517517	417112	1	\N		268	4	160	1.30	2013-04-15	19463	\N	1	\N	alive
2413942	P14	112	Burseraceae	Tetragastris	panamensis	tet2pa	\N	1007	\N	0202	739	40.80000	50.20000	0.80000	10.20000	417122	517517	417112	1	\N	\N	278	5	164	1.30	2014-04-09	19822	\N	1	\N	alive
2422394	P14	112	Burseraceae	Tetragastris	panamensis	tet2pa	\N	1007	\N	0202	739	40.80000	50.20000	0.80000	10.20000	417122	517517	417112	1	\N	\N	286	6	171	1.30	2015-06-25	20264	\N	1	\N	alive
95759	P14	112	Melastomataceae	Mouriri	myrtilloides	mourmy	\N	671	\N	0202	739	40.50000	50.20000	0.50000	10.20000	417123	517518	417113	1	\N	main	123	1	17	1.30	1996-11-15	13468	\N	1	\N	alive
2406761	P14	112	Melastomataceae	Mouriri	myrtilloides	mourmy	\N	671	\N	0202	739	40.50000	50.20000	0.50000	10.20000	417123	517518	417113	1	\N	main	204	2	18	1.30	2010-11-16	18582	\N	1	\N	alive
95858	P14	112	Erythropalaceae	Heisteria	concinna	heisco	\N	469	\N	0202	739	40.10000	50.40000	0.10000	10.40000	417124	517519	417114	1	\N	main	123	1	54	1.30	1996-11-15	13468	\N	1	\N	alive
2406762	P14	112	Erythropalaceae	Heisteria	concinna	heisco	\N	469	\N	0202	739	40.10000	50.40000	0.10000	10.40000	417124	517519	417114	1	\N	main	204	2	98	1.30	2010-11-16	18582	\N	1	\N	alive
59226	P14	112	Erythropalaceae	Heisteria	concinna	heisco	\N	469	\N	0202	739	40.10000	50.40000	0.10000	10.40000	417124	517519	417114	1	\N		256	3	104	1.30	2012-05-01	19114	\N	1	\N	alive
52329	P14	112	Erythropalaceae	Heisteria	concinna	heisco	\N	469	\N	0202	739	40.10000	50.40000	0.10000	10.40000	417124	517519	417114	1	\N		268	4	105	1.30	2013-04-15	19463	\N	1	\N	alive
2413943	P14	112	Erythropalaceae	Heisteria	concinna	heisco	\N	469	\N	0202	739	40.10000	50.40000	0.10000	10.40000	417124	517519	417114	1	\N	\N	278	5	109	1.30	2014-04-09	19822	\N	1	\N	alive
2422395	P14	112	Erythropalaceae	Heisteria	concinna	heisco	\N	469	\N	0202	739	40.10000	50.40000	0.10000	10.40000	417124	517519	417114	1	\N	\N	286	6	111	1.30	2015-06-25	20264	\N	1	\N	alive
95957	P14	112	Moraceae	Brosimum	alicastrum	brosal	\N	108	\N	0202	739	40.90000	52.40000	0.90000	12.40000	417125	517520	417115	1	\N	main	123	1	21	1.30	1996-11-15	13468	\N	1	\N	alive
2406763	P14	112	Moraceae	Brosimum	alicastrum	brosal	\N	108	\N	0202	739	40.90000	52.40000	0.90000	12.40000	417125	517520	417115	1	\N	main	204	2	32	1.30	2010-11-16	18582	\N	1	\N	alive
96056	P14	112	Rubiaceae	Alseis	blackiana	alsebl	\N	33	\N	0202	739	40.30000	54.80000	0.30000	14.80000	417126	517521	417116	1	\N	main	123	1	260	1.30	1996-11-15	13468	Q	1	\N	alive
2406764	P14	112	Rubiaceae	Alseis	blackiana	alsebl	\N	33	\N	0202	739	40.30000	54.80000	0.30000	14.80000	417126	517521	417116	1	\N	main	204	2	\N	\N	2010-11-16	18582	D;N	1	\N	dead
96155	P14	112	Annonaceae	Desmopsis	panamensis	des2pa	\N	316	\N	0202	739	40.50000	54.90000	0.50000	14.90000	417127	517522	417117	1	\N	main	123	1	14	1.30	1996-11-15	13468	\N	1	\N	alive
2406765	P14	112	Annonaceae	Desmopsis	panamensis	des2pa	\N	316	\N	0202	739	40.50000	54.90000	0.50000	14.90000	417127	517522	417117	1	\N	main	204	2	\N	\N	2010-11-16	18582	D;T	1	\N	dead
96254	P14	112	Myristicaceae	Virola	sebifera	virose	\N	1072	\N	0202	739	42.00000	53.00000	2.00000	13.00000	417128	517523	417118	1	\N	main	123	1	290	1.30	1996-11-15	13468	\N	1	\N	alive
2406766	P14	112	Myristicaceae	Virola	sebifera	virose	\N	1072	\N	0202	739	42.00000	53.00000	2.00000	13.00000	417128	517523	417118	1	\N	main	204	2	\N	\N	2010-11-16	18582	D;N	1	\N	dead
96352	P14	112	Violaceae	Hybanthus	prunifolius	hybapr	\N	494	\N	0202	739	41.70000	53.10000	1.70000	13.10000	417129	517524	417119	1	\N	main	123	1	43	1.30	1996-11-15	13468	\N	1	\N	alive
96450	P14	112	Meliaceae	Guarea	guidonia	guargu	\N	435	\N	0202	739	43.40000	54.90000	3.40000	14.90000	417130	517525	417120	1	\N	main	123	1	42	1.30	1996-11-15	13468	\N	1	\N	alive
96547	P14	112	Apocynaceae	Tabernaemontana	arborea	tab2ar	\N	990	\N	0202	739	40.30000	55.20000	0.30000	15.20000	417131	517526	417121	1	\N	main	123	1	256	1.30	1996-11-15	13468	\N	1	\N	alive
96644	P14	112	Rubiaceae	Faramea	occidentalis	faraoc	\N	379	\N	0202	739	41.20000	57.40000	1.20000	17.40000	417132	517527	417122	1	\N	main	123	1	17	1.30	1996-11-15	13468	\N	1	\N	alive
2406770	P14	112	Rubiaceae	Faramea	occidentalis	faraoc	\N	379	\N	0202	739	41.20000	57.40000	1.20000	17.40000	417132	517527	417122	1	\N	main	204	2	18	1.30	2010-11-16	18582	\N	1	\N	alive
96741	P14	112	Annonaceae	Desmopsis	panamensis	des2pa	\N	316	\N	0202	739	41.50000	57.70000	1.50000	17.70000	417133	517528	417123	1	\N	main	123	1	10	1.30	1996-11-15	13468	\N	1	\N	alive
2406771	P14	112	Annonaceae	Desmopsis	panamensis	des2pa	\N	316	\N	0202	739	41.50000	57.70000	1.50000	17.70000	417133	517528	417123	1	\N	main	204	2	13	1.30	2010-11-16	18582	\N	1	\N	alive
96838	P14	112	Piperaceae	Piper	cordulatum	pipeco	\N	771	\N	0202	739	40.80000	59.10000	0.80000	19.10000	417134	517529	417124	1	\N	main	123	1	15	1.30	1996-11-15	13468	\N	1	\N	alive
2406772	P14	112	Piperaceae	Piper	cordulatum	pipeco	\N	771	\N	0202	739	40.80000	59.10000	0.80000	19.10000	417134	517529	417124	1	\N	main	204	2	\N	\N	2010-11-16	18582	D;N	1	\N	dead
96935	P14	112	Rubiaceae	Faramea	occidentalis	faraoc	\N	379	\N	0202	739	43.30000	59.50000	3.30000	19.50000	417135	517530	417125	1	\N	main	123	1	20	1.30	1996-11-15	13468	\N	1	\N	alive
2406773	P14	112	Rubiaceae	Faramea	occidentalis	faraoc	\N	379	\N	0202	739	43.30000	59.50000	3.30000	19.50000	417135	517530	417125	1	\N	main	204	2	\N	\N	2010-11-16	18582	D;N	1	\N	dead
97032	P14	112	Boraginaceae	Cordia	lasiocalyx	cordla	\N	269	\N	0202	739	44.70000	55.80000	4.70000	15.80000	417136	517531	417126	1	\N	main	123	1	26	1.30	1996-11-15	13468	\N	1	\N	alive
97129	P14	112	Burseraceae	Protium	panamense	protpa	\N	827	\N	0202	739	44.30000	56.80000	4.30000	16.80000	417137	517532	417127	1	\N	main	123	1	18	1.30	1996-11-15	13468	\N	1	\N	alive
97226	P14	112	Meliaceae	Guarea	guidonia	guargu	\N	435	\N	0202	739	45.20000	56.00000	5.20000	16.00000	417138	517533	417128	1	\N	main	123	1	18	1.30	1996-11-15	13468	\N	1	\N	alive
2406776	P14	112	Meliaceae	Guarea	guidonia	guargu	\N	435	\N	0202	739	45.20000	56.00000	5.20000	16.00000	417138	517533	417128	1	\N	main	204	2	\N	\N	2010-11-16	18582	D;N	1	\N	dead
97322	P14	112	Annonaceae	Desmopsis	panamensis	des2pa	\N	316	\N	0202	739	45.90000	55.50000	5.90000	15.50000	417139	517534	417129	1	\N	main	123	1	28	1.30	1996-11-15	13468	\N	1	\N	alive
2406777	P14	112	Annonaceae	Desmopsis	panamensis	des2pa	\N	316	\N	0202	739	45.90000	55.50000	5.90000	15.50000	417139	517534	417129	1	\N	main	204	2	\N	\N	2010-11-16	18582	D;N	1	\N	dead
97418	P14	112	Erythropalaceae	Heisteria	concinna	heisco	\N	469	\N	0202	739	46.90000	55.40000	6.90000	15.40000	417140	517535	417130	1	\N	main	123	1	52	1.30	1996-11-15	13468	\N	1	\N	alive
2406778	P14	112	Erythropalaceae	Heisteria	concinna	heisco	\N	469	\N	0202	739	46.90000	55.40000	6.90000	15.40000	417140	517535	417130	1	\N	main	204	2	88	1.30	2010-11-16	18582	\N	1	\N	alive
97514	P14	112	Boraginaceae	Cordia	lasiocalyx	cordla	\N	269	\N	0202	739	46.80000	56.40000	6.80000	16.40000	417141	517536	417131	1	\N	main	123	1	20	1.30	1996-11-15	13468	\N	1	\N	alive
2406779	P14	112	Boraginaceae	Cordia	lasiocalyx	cordla	\N	269	\N	0202	739	46.80000	56.40000	6.80000	16.40000	417141	517536	417131	1	\N	main	204	2	\N	\N	2010-11-16	18582	D;N	1	\N	dead
97610	P14	112	Erythropalaceae	Heisteria	concinna	heisco	\N	469	\N	0202	739	49.80000	57.50000	9.80000	17.50000	417142	517537	417132	1	\N	main	123	1	34	1.30	1996-11-15	13468	\N	1	\N	alive
2406780	P14	112	Erythropalaceae	Heisteria	concinna	heisco	\N	469	\N	0202	739	49.80000	57.50000	9.80000	17.50000	417142	517537	417132	1	\N	main	204	2	71	1.30	2010-11-16	18582	\N	1	\N	alive
97706	P14	112	Rubiaceae	Randia	armata	randar	\N	879	\N	0202	739	49.50000	55.90000	9.50000	15.90000	417143	517538	417133	1	\N	main	123	1	170	1.30	1996-11-15	13468	L	1	\N	alive
97802	P14	112	Violaceae	Hybanthus	prunifolius	hybapr	\N	494	\N	0202	739	46.70000	53.40000	6.70000	13.40000	417144	517539	417134	1	\N	main	123	1	16	1.30	1996-11-15	13468	M	1	\N	alive
97994	P14	112	Fabaceae-papilionoideae	Swartzia	simplex	swars2	var.ochnacea	980	8	0202	739	47.20000	53.30000	7.20000	13.30000	417145	517540	417135	1	\N	main	123	1	57	1.30	1996-11-15	13468	\N	1	\N	alive
2406784	P14	112	Fabaceae-papilionoideae	Swartzia	simplex	swars2	var.ochnacea	980	8	0202	739	47.20000	53.30000	7.20000	13.30000	417145	517540	417135	1	\N	main	204	2	58	1.30	2010-11-16	18582	\N	1	\N	alive
98090	P14	112	Violaceae	Hybanthus	prunifolius	hybapr	\N	494	\N	0202	739	48.00000	52.90000	8.00000	12.90000	417146	517541	417136	1	\N	main	123	1	21	1.30	1996-11-15	13468	\N	1	\N	alive
98186	P14	112	Myrtaceae	Eugenia	oerstediana	eugeoe	\N	362	\N	0202	739	49.00000	54.10000	9.00000	14.10000	417147	517542	417137	1	\N	main	123	1	13	1.30	1996-11-15	13468	\N	1	\N	alive
2406786	P14	112	Myrtaceae	Eugenia	oerstediana	eugeoe	\N	362	\N	0202	739	49.00000	54.10000	9.00000	14.10000	417147	517542	417137	1	\N	main	204	2	22	1.30	2010-11-16	18582	\N	1	\N	alive
98282	P14	112	Violaceae	Hybanthus	prunifolius	hybapr	\N	494	\N	0202	739	49.70000	50.70000	9.70000	10.70000	417148	517544	417138	1	\N	main	123	1	27	1.30	1996-11-15	13468	L;M	1	\N	alive
2406787	P14	112	Violaceae	Hybanthus	prunifolius	hybapr	\N	494	\N	0202	739	49.70000	50.70000	9.70000	10.70000	417148	517544	417138	1	\N	main	204	2	\N	\N	2010-11-16	18582	D;N	1	\N	dead
98474	P14	112	Rubiaceae	Randia	armata	randar	\N	879	\N	0202	739	47.60000	50.20000	7.60000	10.20000	417149	517545	417139	1	\N	main	123	1	178	1.20	1996-11-15	13468	\N	1	\N	alive
2406788	P14	112	Rubiaceae	Randia	armata	randar	\N	879	\N	0202	739	47.60000	50.20000	7.60000	10.20000	417149	517545	417139	1	\N	main	204	2	\N	\N	2010-11-16	18582	D;N	1	\N	dead
98570	P14	112	Rubiaceae	Faramea	occidentalis	faraoc	\N	379	\N	0202	739	45.00000	46.50000	5.00000	6.50000	417150	517546	417140	1	\N	main	123	1	11	1.30	1996-11-15	13468	\N	1	\N	alive
98665	P14	112	Violaceae	Hybanthus	prunifolius	hybapr	\N	494	\N	0202	739	46.10000	47.30000	6.10000	7.30000	417151	517547	417141	1	\N	main	123	1	20	1.30	1996-11-15	13468	\N	1	\N	alive
2406790	P14	112	Violaceae	Hybanthus	prunifolius	hybapr	\N	494	\N	0202	739	46.10000	47.30000	6.10000	7.30000	417151	517547	417141	1	\N	main	204	2	21	1.30	2010-11-16	18582	\N	1	\N	alive
98760	P14	112	Violaceae	Hybanthus	prunifolius	hybapr	\N	494	\N	0202	739	45.30000	49.10000	5.30000	9.10000	417152	517548	417142	1	\N	main	123	1	17	1.30	1996-11-15	13468	\N	1	\N	alive
2406791	P14	112	Violaceae	Hybanthus	prunifolius	hybapr	\N	494	\N	0202	739	45.30000	49.10000	5.30000	9.10000	417152	517548	417142	1	\N	main	204	2	24	1.30	2010-11-16	18582	\N	1	\N	alive
98855	P14	112	Violaceae	Hybanthus	prunifolius	hybapr	\N	494	\N	0202	739	46.70000	48.90000	6.70000	8.90000	417153	517549	417143	1	\N	main	123	1	20	1.30	1996-11-15	13468	\N	1	\N	alive
2406792	P14	112	Violaceae	Hybanthus	prunifolius	hybapr	\N	494	\N	0202	739	46.70000	48.90000	6.70000	8.90000	417153	517549	417143	1	\N	main	204	2	\N	\N	2010-11-16	18582	D;T	1	\N	dead
98950	P14	112	Myrtaceae	Eugenia	galalonensis	eugega	\N	360	\N	0202	739	46.80000	48.30000	6.80000	8.30000	417154	517550	417144	1	\N	main	123	1	12	1.30	1996-11-15	13468	\N	1	\N	alive
2406793	P14	112	Myrtaceae	Eugenia	galalonensis	eugega	\N	360	\N	0202	739	46.80000	48.30000	6.80000	8.30000	417154	517550	417144	1	\N	main	204	2	12	1.30	2010-11-16	18582	\N	1	\N	alive
99045	P14	112	Sapotaceae	Pouteria	reticulata	poutre	\N	1155	\N	0202	739	47.10000	48.70000	7.10000	8.70000	417155	517551	417145	1	\N	main	123	1	499	3.00	1996-11-15	13468	B	1	\N	alive
99140	P14	112	Sapotaceae	Pouteria	reticulata	poutre	\N	1155	\N	0202	739	47.10000	48.70000	7.10000	8.70000	417155	517551	417145	1	\N	main	123	1	601	1.30	1997-01-02	13516	\N	0	\N	alive
2410299	P14	112	Sapotaceae	Pouteria	reticulata	poutre	\N	1155	\N	0202	739	47.10000	48.70000	7.10000	8.70000	417155	517551	417145	1	\N	main	204	2	511	3.00	2010-11-18	18584	B	1	\N	alive
59975	P14	112	Sapotaceae	Pouteria	reticulata	poutre	\N	1155	\N	0202	739	47.10000	48.70000	7.10000	8.70000	417155	517551	417145	1	\N		256	3	511	3.00	2012-05-02	19115	B;cylN	1	\N	alive
53084	P14	112	Sapotaceae	Pouteria	reticulata	poutre	\N	1155	\N	0202	739	47.10000	48.70000	7.10000	8.70000	417155	517551	417145	1	\N		268	4	513	3.00	2013-04-12	19460	B;cylN	1	\N	alive
2413947	P14	112	Sapotaceae	Pouteria	reticulata	poutre	\N	1155	\N	0202	739	47.10000	48.70000	7.10000	8.70000	417155	517551	417145	1	\N	\N	278	5	513	3.00	2014-04-09	19822	B;cylN	1	\N	alive
2422397	P14	112	Sapotaceae	Pouteria	reticulata	poutre	\N	1155	\N	0202	739	47.10000	48.70000	7.10000	8.70000	417155	517551	417145	1	\N	\N	286	6	514	3.00	2015-06-25	20264	B;cylN	1	\N	alive
99235	P14	112	Rubiaceae	Faramea	occidentalis	faraoc	\N	379	\N	0202	739	45.60000	49.80000	5.60000	9.80000	417156	517552	417146	1	\N	main	123	1	20	1.30	1996-11-15	13468	\N	1	\N	alive
2406794	P14	112	Rubiaceae	Faramea	occidentalis	faraoc	\N	379	\N	0202	739	45.60000	49.80000	5.60000	9.80000	417156	517552	417146	1	\N	main	204	2	26	1.30	2010-11-16	18582	\N	1	\N	alive
99330	P14	112	Violaceae	Hybanthus	prunifolius	hybapr	\N	494	\N	0202	739	47.30000	49.50000	7.30000	9.50000	417157	517553	417147	1	\N	main	123	1	17	1.30	1996-11-15	13468	\N	1	\N	alive
2406795	P14	112	Violaceae	Hybanthus	prunifolius	hybapr	\N	494	\N	0202	739	47.30000	49.50000	7.30000	9.50000	417157	517553	417147	1	\N	main	204	2	\N	\N	2010-11-16	18582	D;N	1	\N	dead
99425	P14	112	Fabaceae-papilionoideae	Swartzia	simplex	swars2	var.ochnacea	980	8	0202	739	47.40000	48.50000	7.40000	8.50000	417158	517554	417148	1	\N	main	123	1	75	1.30	1996-11-15	13468	\N	1	\N	alive
2406796	P14	112	Fabaceae-papilionoideae	Swartzia	simplex	swars2	var.ochnacea	980	8	0202	739	47.40000	48.50000	7.40000	8.50000	417158	517554	417148	1	\N	main	204	2	\N	\N	2010-11-16	18582	D;S	1	\N	dead
99520	P14	112	Rubiaceae	Faramea	occidentalis	faraoc	\N	379	\N	0202	739	48.40000	48.30000	8.40000	8.30000	417159	517555	417149	1	\N	main	123	1	38	1.30	1996-11-15	13468	M	1	\N	alive
2406797	P14	112	Rubiaceae	Faramea	occidentalis	faraoc	\N	379	\N	0202	739	48.40000	48.30000	8.40000	8.30000	417159	517555	417149	1	\N	main	204	2	\N	\N	2010-11-16	18582	D;C	1	\N	dead
99710	P14	112	Myristicaceae	Virola	sebifera	virose	\N	1072	\N	0202	739	48.10000	48.00000	8.10000	8.00000	417160	517556	417150	1	\N	main	123	1	208	1.30	1996-11-15	13468	\N	1	\N	alive
2406798	P14	112	Myristicaceae	Virola	sebifera	virose	\N	1072	\N	0202	739	48.10000	48.00000	8.10000	8.00000	417160	517556	417150	1	\N	main	204	2	\N	\N	2010-11-16	18582	D;N	1	\N	dead
99805	P14	112	Violaceae	Hybanthus	prunifolius	hybapr	\N	494	\N	0202	739	47.90000	47.10000	7.90000	7.10000	417161	517558	417151	1	\N	main	123	1	26	1.30	1996-11-15	13468	\N	1	\N	alive
2406799	P14	112	Violaceae	Hybanthus	prunifolius	hybapr	\N	494	\N	0202	739	47.90000	47.10000	7.90000	7.10000	417161	517558	417151	1	\N	main	204	2	\N	\N	2010-11-16	18582	D;N	1	\N	dead
99900	P14	112	Violaceae	Hybanthus	prunifolius	hybapr	\N	494	\N	0202	739	47.10000	46.60000	7.10000	6.60000	417162	517559	417152	1	\N	main	123	1	22	1.30	1996-11-15	13468	\N	1	\N	alive
2406800	P14	112	Violaceae	Hybanthus	prunifolius	hybapr	\N	494	\N	0202	739	47.10000	46.60000	7.10000	6.60000	417162	517559	417152	1	\N	main	204	2	\N	\N	2010-11-16	18582	D;N	1	\N	dead
99995	P14	112	Violaceae	Hybanthus	prunifolius	hybapr	\N	494	\N	0202	739	46.70000	45.30000	6.70000	5.30000	417163	517560	417153	1	\N	main	123	1	14	1.30	1996-11-15	13468	\N	1	\N	alive
2406801	P14	112	Violaceae	Hybanthus	prunifolius	hybapr	\N	494	\N	0202	739	46.70000	45.30000	6.70000	5.30000	417163	517560	417153	1	\N	main	204	2	\N	\N	2010-11-16	18582	D;N	1	\N	dead
100090	P14	112	Violaceae	Hybanthus	prunifolius	hybapr	\N	494	\N	0202	739	46.40000	42.50000	6.40000	2.50000	417164	517561	417154	1	\N	main	123	1	31	1.30	1996-11-15	13468	\N	1	\N	alive
2406802	P14	112	Violaceae	Hybanthus	prunifolius	hybapr	\N	494	\N	0202	739	46.40000	42.50000	6.40000	2.50000	417164	517561	417154	1	\N	main	204	2	\N	\N	2010-11-16	18582	D;N	1	\N	dead
100185	P14	112	Simaroubaceae	Simarouba	amara	simaam	\N	935	\N	0202	739	46.50000	44.50000	6.50000	4.50000	417165	517562	417155	1	\N	main	123	1	23	1.30	1996-11-15	13468	\N	1	\N	alive
2406803	P14	112	Simaroubaceae	Simarouba	amara	simaam	\N	935	\N	0202	739	46.50000	44.50000	6.50000	4.50000	417165	517562	417155	1	\N	main	204	2	\N	\N	2010-11-16	18582	D;N	1	\N	dead
100280	P14	112	Sapotaceae	Pouteria	stipitata	poutst	\N	817	\N	0202	739	46.90000	43.90000	6.90000	3.90000	417166	517563	417156	1	\N	main	123	1	14	1.30	1996-11-15	13468	\N	1	\N	alive
2406804	P14	112	Sapotaceae	Pouteria	stipitata	poutst	\N	817	\N	0202	739	46.90000	43.90000	6.90000	3.90000	417166	517563	417156	1	\N	main	204	2	16	1.30	2010-11-16	18582	L	1	\N	alive
100375	P14	112	Meliaceae	Guarea	guidonia	guargu	\N	435	\N	0202	739	50.90000	42.30000	10.90000	2.30000	417167	517564	417157	1	\N	main	123	1	146	1.30	1996-11-15	13468	\N	1	\N	alive
2406805	P14	112	Meliaceae	Guarea	guidonia	guargu	\N	435	\N	0202	739	50.90000	42.30000	10.90000	2.30000	417167	517564	417157	1	\N	main	204	2	195	1.30	2010-11-16	18582	\N	1	\N	alive
60099	P14	112	Meliaceae	Guarea	guidonia	guargu	\N	435	\N	0202	739	50.90000	42.30000	10.90000	2.30000	417167	517564	417157	1	\N		256	3	205	1.30	2012-05-01	19114	\N	1	\N	alive
53210	P14	112	Meliaceae	Guarea	guidonia	guargu	\N	435	\N	0202	739	50.90000	42.30000	10.90000	2.30000	417167	517564	417157	1	\N		268	4	212	1.30	2013-04-15	19463	\N	1	\N	alive
2413950	P14	112	Meliaceae	Guarea	guidonia	guargu	\N	435	\N	0202	739	50.90000	42.30000	10.90000	2.30000	417167	517564	417157	1	\N	\N	278	5	212	1.30	2014-04-09	19822	\N	1	\N	alive
2422399	P14	112	Meliaceae	Guarea	guidonia	guargu	\N	435	\N	0202	739	50.90000	42.30000	10.90000	2.30000	417167	517564	417157	1	\N	\N	286	6	216	1.30	2015-06-25	20264	\N	1	\N	alive
100470	P14	112	Fabaceae-papilionoideae	Pterocarpus	rohrii	pterro	\N	869	\N	0202	739	51.50000	44.90000	11.50000	4.90000	417168	517565	417158	1	\N	main	123	1	44	1.30	1996-11-15	13468	\N	1	\N	alive
2406806	P14	112	Fabaceae-papilionoideae	Pterocarpus	rohrii	pterro	\N	869	\N	0202	739	51.50000	44.90000	11.50000	4.90000	417168	517565	417158	1	\N	main	204	2	62	1.30	2010-11-16	18582	\N	1	\N	alive
100565	P14	112	Violaceae	Hybanthus	prunifolius	hybapr	\N	494	\N	0202	739	51.90000	44.60000	11.90000	4.60000	417169	517566	417159	1	\N	main	123	1	14	1.30	1996-11-15	13468	\N	1	\N	alive
2406807	P14	112	Violaceae	Hybanthus	prunifolius	hybapr	\N	494	\N	0202	739	51.90000	44.60000	11.90000	4.60000	417169	517566	417159	1	\N	main	204	2	\N	\N	2010-11-16	18582	D;N	1	\N	dead
100660	P14	112	Violaceae	Hybanthus	prunifolius	hybapr	\N	494	\N	0202	739	52.40000	44.80000	12.40000	4.80000	417170	517567	417160	1	\N	main	123	1	30	1.30	1996-11-15	13468	\N	1	\N	alive
2406808	P14	112	Violaceae	Hybanthus	prunifolius	hybapr	\N	494	\N	0202	739	52.40000	44.80000	12.40000	4.80000	417170	517567	417160	1	\N	main	204	2	35	1.30	2010-11-16	18582	\N	1	\N	alive
100755	P14	112	Moraceae	Sorocea	affinis	soroaf	\N	958	\N	0202	739	53.30000	44.80000	13.30000	4.80000	417171	517568	417161	1	\N	main	123	1	33	1.30	1996-11-15	13468	\N	1	\N	alive
2406809	P14	112	Moraceae	Sorocea	affinis	soroaf	\N	958	\N	0202	739	53.30000	44.80000	13.30000	4.80000	417171	517568	417161	1	\N	main	204	2	40	1.30	2010-11-16	18582	\N	1	\N	alive
100850	P14	112	Boraginaceae	Cordia	lasiocalyx	cordla	\N	269	\N	0202	739	54.00000	43.70000	14.00000	3.70000	417172	517569	417162	1	\N	main	123	1	42	1.30	1996-11-15	13468	\N	1	\N	alive
2406810	P14	112	Boraginaceae	Cordia	lasiocalyx	cordla	\N	269	\N	0202	739	54.00000	43.70000	14.00000	3.70000	417172	517569	417162	1	\N	main	204	2	\N	\N	2010-11-16	18582	D;N	1	\N	dead
100945	P14	112	Erythropalaceae	Heisteria	concinna	heisco	\N	469	\N	0202	739	53.00000	45.20000	13.00000	5.20000	417173	517570	417163	1	\N	main	123	1	25	1.30	1996-11-15	13468	\N	1	\N	alive
2406811	P14	112	Erythropalaceae	Heisteria	concinna	heisco	\N	469	\N	0202	739	53.00000	45.20000	13.00000	5.20000	417173	517570	417163	1	\N	main	204	2	32	1.30	2010-11-16	18582	\N	1	\N	alive
101040	P14	112	Rubiaceae	Coussarea	curvigemmia	cou2cu	\N	280	\N	0202	739	51.00000	45.30000	11.00000	5.30000	417174	517571	417164	1	\N	main	123	1	38	1.30	1996-11-15	13468	\N	1	\N	alive
2406812	P14	112	Rubiaceae	Coussarea	curvigemmia	cou2cu	\N	280	\N	0202	739	51.00000	45.30000	11.00000	5.30000	417174	517571	417164	1	\N	main	204	2	77	1.30	2010-11-16	18582	\N	1	\N	alive
101135	P14	112	Rubiaceae	Alibertia	edulis	alibed	\N	27	\N	0202	739	51.30000	47.60000	11.30000	7.60000	417175	517572	417165	1	\N	main	123	1	40	1.30	1996-11-15	13468	\N	1	\N	alive
2406813	P14	112	Rubiaceae	Alibertia	edulis	alibed	\N	27	\N	0202	739	51.30000	47.60000	11.30000	7.60000	417175	517572	417165	1	\N	main	204	2	64	1.30	2010-11-16	18582	\N	1	\N	alive
101230	P14	112	Violaceae	Hybanthus	prunifolius	hybapr	\N	494	\N	0202	739	51.70000	49.90000	11.70000	9.90000	417176	517573	417166	1	\N	main	123	1	41	1.30	1996-11-15	13468	\N	1	\N	alive
2406814	P14	112	Violaceae	Hybanthus	prunifolius	hybapr	\N	494	\N	0202	739	51.70000	49.90000	11.70000	9.90000	417176	517573	417166	1	\N	main	204	2	43	1.30	2010-11-16	18582	\N	1	\N	alive
101325	P14	112	Moraceae	Sorocea	affinis	soroaf	\N	958	\N	0202	739	52.20000	50.00000	12.20000	10.00000	417177	517574	417167	1	\N	main	123	1	68	1.30	1996-11-15	13468	\N	1	\N	alive
101420	P14	112	Fabaceae-papilionoideae	Swartzia	simplex	swars2	var.ochnacea	980	8	0202	739	54.20000	49.00000	14.20000	9.00000	417178	517575	417168	1	\N	main	123	1	56	1.30	1996-11-15	13468	\N	1	\N	alive
2406816	P14	112	Fabaceae-papilionoideae	Swartzia	simplex	swars2	var.ochnacea	980	8	0202	739	54.20000	49.00000	14.20000	9.00000	417178	517575	417168	1	\N	main	204	2	\N	\N	2010-11-16	18582	D;C	1	\N	dead
101515	P14	112	Rubiaceae	Coussarea	curvigemmia	cou2cu	\N	280	\N	0202	739	53.10000	46.90000	13.10000	6.90000	417179	517576	417169	1	\N	main	123	1	15	1.30	1996-11-15	13468	\N	1	\N	alive
2406817	P14	112	Rubiaceae	Coussarea	curvigemmia	cou2cu	\N	280	\N	0202	739	53.10000	46.90000	13.10000	6.90000	417179	517576	417169	1	\N	main	204	2	21	1.30	2010-11-16	18582	\N	1	\N	alive
101609	P14	112	Violaceae	Hybanthus	prunifolius	hybapr	\N	494	\N	0202	739	53.60000	46.70000	13.60000	6.70000	417180	517577	417170	1	\N	main	123	1	27	1.30	1996-11-15	13468	M	1	\N	alive
101891	P14	112	Annonaceae	Desmopsis	panamensis	des2pa	\N	316	\N	0202	739	53.50000	50.10000	13.50000	10.10000	417181	517578	417171	1	\N	main	123	1	15	1.30	1996-11-15	13468	\N	1	\N	alive
2406821	P14	112	Annonaceae	Desmopsis	panamensis	des2pa	\N	316	\N	0202	739	53.50000	50.10000	13.50000	10.10000	417181	517578	417171	1	\N	main	204	2	19	1.30	2010-11-16	18582	\N	1	\N	alive
101985	P14	112	Violaceae	Hybanthus	prunifolius	hybapr	\N	494	\N	0202	739	52.30000	52.50000	12.30000	12.50000	417182	517579	417172	1	\N	main	123	1	20	1.30	1996-11-15	13468	\N	1	\N	alive
2406822	P14	112	Violaceae	Hybanthus	prunifolius	hybapr	\N	494	\N	0202	739	52.30000	52.50000	12.30000	12.50000	417182	517579	417172	1	\N	main	204	2	31	1.30	2010-11-16	18582	\N	1	\N	alive
102079	P14	112	Fabaceae-papilionoideae	Swartzia	simplex	swars2	var.ochnacea	980	8	0202	739	53.30000	52.60000	13.30000	12.60000	417183	517580	417173	1	\N	main	123	1	75	1.30	1996-11-15	13468	\N	1	\N	alive
2406823	P14	112	Fabaceae-papilionoideae	Swartzia	simplex	swars2	var.ochnacea	980	8	0202	739	53.30000	52.60000	13.30000	12.60000	417183	517580	417173	1	\N	main	204	2	75	1.30	2010-11-16	18582	\N	1	\N	alive
102173	P14	112	Elaeocarpaceae	Sloanea	terniflora	sloate	\N	1162	\N	0202	739	53.50000	54.90000	13.50000	14.90000	417184	517581	417174	1	\N	main	123	1	65	1.30	1996-11-15	13468	\N	1	\N	alive
2406824	P14	112	Elaeocarpaceae	Sloanea	terniflora	sloate	\N	1162	\N	0202	739	53.50000	54.90000	13.50000	14.90000	417184	517581	417174	1	\N	main	204	2	67	1.30	2010-11-16	18582	\N	1	\N	alive
102267	P14	112	Myrtaceae	Eugenia	coloradoensis	eugeco	\N	358	\N	0202	739	54.30000	54.90000	14.30000	14.90000	417185	517582	417175	1	\N	main	123	1	11	1.30	1996-11-15	13468	\N	1	\N	alive
2406825	P14	112	Myrtaceae	Eugenia	coloradoensis	eugeco	\N	358	\N	0202	739	54.30000	54.90000	14.30000	14.90000	417185	517582	417175	1	\N	main	204	2	13	1.30	2010-11-16	18582	\N	1	\N	alive
102361	P14	112	Violaceae	Hybanthus	prunifolius	hybapr	\N	494	\N	0202	739	54.60000	54.20000	14.60000	14.20000	417186	517583	417176	1	\N	main	123	1	11	1.30	1996-11-15	13468	\N	1	\N	alive
2406826	P14	112	Violaceae	Hybanthus	prunifolius	hybapr	\N	494	\N	0202	739	54.60000	54.20000	14.60000	14.20000	417186	517583	417176	1	\N	main	204	2	\N	\N	2010-11-16	18582	D;N	1	\N	dead
102455	P14	112	Violaceae	Hybanthus	prunifolius	hybapr	\N	494	\N	0202	739	54.20000	53.70000	14.20000	13.70000	417187	517584	417177	1	\N	main	123	1	15	1.30	1996-11-15	13468	M	1	\N	alive
102643	P14	112	Violaceae	Hybanthus	prunifolius	hybapr	\N	494	\N	0202	739	53.70000	51.00000	13.70000	11.00000	417188	517585	417178	1	\N	main	123	1	21	1.30	1996-11-15	13468	\N	1	\N	alive
2406829	P14	112	Violaceae	Hybanthus	prunifolius	hybapr	\N	494	\N	0202	739	53.70000	51.00000	13.70000	11.00000	417188	517585	417178	1	\N	main	204	2	27	1.30	2010-11-16	18582	\N	1	\N	alive
102737	P14	112	Rubiaceae	Faramea	occidentalis	faraoc	\N	379	\N	0202	739	53.50000	55.20000	13.50000	15.20000	417189	517586	417179	1	\N	main	123	1	13	1.30	1996-11-15	13468	\N	1	\N	alive
2406830	P14	112	Rubiaceae	Faramea	occidentalis	faraoc	\N	379	\N	0202	739	53.50000	55.20000	13.50000	15.20000	417189	517586	417179	1	\N	main	204	2	30	1.30	2010-11-16	18582	\N	1	\N	alive
102831	P14	112	Boraginaceae	Cordia	bicolor	cordbi	\N	263	\N	0202	739	51.20000	55.80000	11.20000	15.80000	417190	517587	417180	1	\N	main	123	1	16	1.30	1996-11-15	13468	\N	1	\N	alive
2406831	P14	112	Boraginaceae	Cordia	bicolor	cordbi	\N	263	\N	0202	739	51.20000	55.80000	11.20000	15.80000	417190	517587	417180	1	\N	main	204	2	\N	\N	2010-11-16	18582	D;N	1	\N	dead
102925	P14	112	Rubiaceae	Faramea	occidentalis	faraoc	\N	379	\N	0202	739	50.10000	58.50000	10.10000	18.50000	417191	517588	417181	1	\N	main	123	1	64	1.30	1996-11-15	13468	\N	1	\N	alive
2406832	P14	112	Rubiaceae	Faramea	occidentalis	faraoc	\N	379	\N	0202	739	50.10000	58.50000	10.10000	18.50000	417191	517588	417181	1	\N	main	204	2	\N	\N	2010-11-16	18582	D;N	1	\N	dead
103019	P14	112	Violaceae	Hybanthus	prunifolius	hybapr	\N	494	\N	0202	739	52.00000	59.70000	12.00000	19.70000	417192	517589	417182	1	\N	main	123	1	11	1.30	1996-11-15	13468	\N	1	\N	alive
2406833	P14	112	Violaceae	Hybanthus	prunifolius	hybapr	\N	494	\N	0202	739	52.00000	59.70000	12.00000	19.70000	417192	517589	417182	1	\N	main	204	2	14	1.30	2010-11-16	18582	\N	1	\N	alive
103113	P14	112	Erythropalaceae	Heisteria	concinna	heisco	\N	469	\N	0202	739	54.10000	58.00000	14.10000	18.00000	417193	517590	417183	1	\N	main	123	1	82	1.30	1996-11-15	13468	\N	1	\N	alive
2406834	P14	112	Erythropalaceae	Heisteria	concinna	heisco	\N	469	\N	0202	739	54.10000	58.00000	14.10000	18.00000	417193	517590	417183	1	\N	main	204	2	102	1.30	2010-11-16	18582	\N	1	\N	alive
60223	P14	112	Erythropalaceae	Heisteria	concinna	heisco	\N	469	\N	0202	739	54.10000	58.00000	14.10000	18.00000	417193	517590	417183	1	\N		256	3	103	1.30	2012-05-01	19114	\N	1	\N	alive
53336	P14	112	Erythropalaceae	Heisteria	concinna	heisco	\N	469	\N	0202	739	54.10000	58.00000	14.10000	18.00000	417193	517590	417183	1	\N		268	4	102	1.30	2013-04-15	19463	\N	1	\N	alive
2413951	P14	112	Erythropalaceae	Heisteria	concinna	heisco	\N	469	\N	0202	739	54.10000	58.00000	14.10000	18.00000	417193	517590	417183	1	\N	\N	278	5	102	1.30	2014-04-09	19822	\N	1	\N	alive
2422400	P14	112	Erythropalaceae	Heisteria	concinna	heisco	\N	469	\N	0202	739	54.10000	58.00000	14.10000	18.00000	417193	517590	417183	1	\N	\N	286	6	102	1.30	2015-06-25	20264	\N	1	\N	alive
103207	P14	112	Rubiaceae	Psychotria	marginata	psycma	\N	853	\N	0202	739	54.50000	57.60000	14.50000	17.60000	417194	517591	417184	1	\N	main	123	1	10	1.30	1996-11-15	13468	\N	1	\N	alive
2406835	P14	112	Rubiaceae	Psychotria	marginata	psycma	\N	853	\N	0202	739	54.50000	57.60000	14.50000	17.60000	417194	517591	417184	1	\N	main	204	2	\N	\N	2010-11-16	18582	D;N	1	\N	dead
103301	P14	112	Violaceae	Hybanthus	prunifolius	hybapr	\N	494	\N	0202	739	54.20000	56.00000	14.20000	16.00000	417195	517592	417185	1	\N	main	123	1	29	1.30	1996-11-15	13468	\N	1	\N	alive
2406836	P14	112	Violaceae	Hybanthus	prunifolius	hybapr	\N	494	\N	0202	739	54.20000	56.00000	14.20000	16.00000	417195	517592	417185	1	\N	main	204	2	\N	\N	2010-11-16	18582	D;N	1	\N	dead
103395	P14	112	Myrtaceae	Eugenia	coloradoensis	eugeco	\N	358	\N	0202	739	54.50000	55.80000	14.50000	15.80000	417196	517593	417186	1	\N	main	123	1	33	1.30	1996-11-15	13468	\N	1	\N	alive
2406837	P14	112	Myrtaceae	Eugenia	coloradoensis	eugeco	\N	358	\N	0202	739	54.50000	55.80000	14.50000	15.80000	417196	517593	417186	1	\N	main	204	2	\N	\N	2010-11-16	18582	D;N	1	\N	dead
103489	P14	112	Violaceae	Hybanthus	prunifolius	hybapr	\N	494	\N	0202	739	56.10000	56.40000	16.10000	16.40000	417197	517594	417187	1	\N	main	123	1	26	1.30	1996-11-15	13468	L	1	\N	alive
2406838	P14	112	Violaceae	Hybanthus	prunifolius	hybapr	\N	494	\N	0202	739	56.10000	56.40000	16.10000	16.40000	417197	517594	417187	1	\N	main	204	2	27	1.30	2010-11-16	18582	\N	1	\N	alive
103583	P14	112	Violaceae	Hybanthus	prunifolius	hybapr	\N	494	\N	0202	739	56.80000	57.00000	16.80000	17.00000	417198	517595	417188	1	\N	main	123	1	33	1.30	1996-11-15	13468	\N	1	\N	alive
2406839	P14	112	Violaceae	Hybanthus	prunifolius	hybapr	\N	494	\N	0202	739	56.80000	57.00000	16.80000	17.00000	417198	517595	417188	1	\N	main	204	2	\N	\N	2010-11-16	18582	D;N	1	\N	dead
103677	P14	112	Violaceae	Hybanthus	prunifolius	hybapr	\N	494	\N	0202	739	56.60000	58.60000	16.60000	18.60000	417199	517596	417189	1	\N	main	123	1	23	1.30	1996-11-15	13468	\N	1	\N	alive
2406840	P14	112	Violaceae	Hybanthus	prunifolius	hybapr	\N	494	\N	0202	739	56.60000	58.60000	16.60000	18.60000	417199	517596	417189	1	\N	main	204	2	26	1.30	2010-11-16	18582	\N	1	\N	alive
103771	P14	112	Fabaceae-papilionoideae	Swartzia	simplex	swars2	var.ochnacea	980	8	0202	739	58.70000	59.70000	18.70000	19.70000	417200	517597	417190	1	\N	main	123	1	63	1.30	1996-11-15	13468	\N	1	\N	alive
2406841	P14	112	Fabaceae-papilionoideae	Swartzia	simplex	swars2	var.ochnacea	980	8	0202	739	58.70000	59.70000	18.70000	19.70000	417200	517597	417190	1	\N	main	204	2	66	1.30	2010-11-16	18582	\N	1	\N	alive
103865	P14	112	Violaceae	Hybanthus	prunifolius	hybapr	\N	494	\N	0202	739	58.00000	58.60000	18.00000	18.60000	417201	517598	417191	1	\N	main	123	1	14	1.30	1996-11-15	13468	\N	1	\N	alive
2406842	P14	112	Violaceae	Hybanthus	prunifolius	hybapr	\N	494	\N	0202	739	58.00000	58.60000	18.00000	18.60000	417201	517598	417191	1	\N	main	204	2	\N	\N	2010-11-16	18582	D;N	1	\N	dead
103959	P14	112	Rubiaceae	Psychotria	horizontalis	psycho	\N	850	\N	0202	739	58.90000	57.20000	18.90000	17.20000	417202	517599	417192	1	\N	main	123	1	23	1.30	1996-11-15	13468	M	1	\N	alive
2406843	P14	112	Rubiaceae	Psychotria	horizontalis	psycho	\N	850	\N	0202	739	58.90000	57.20000	18.90000	17.20000	417202	517599	417192	1	\N	main	204	2	\N	\N	2010-11-16	18582	D;N	1	\N	dead
104241	P14	112	Rubiaceae	Faramea	occidentalis	faraoc	\N	379	\N	0202	739	59.30000	57.00000	19.30000	17.00000	417203	517600	417193	1	\N	main	123	1	20	1.30	1996-11-15	13468	\N	1	\N	alive
2406844	P14	112	Rubiaceae	Faramea	occidentalis	faraoc	\N	379	\N	0202	739	59.30000	57.00000	19.30000	17.00000	417203	517600	417193	1	\N	main	204	2	22	1.30	2010-11-16	18582	\N	1	\N	alive
104335	P14	112	Violaceae	Hybanthus	prunifolius	hybapr	\N	494	\N	0202	739	58.80000	56.40000	18.80000	16.40000	417204	517601	417194	1	\N	main	123	1	22	1.30	1996-11-15	13468	M	1	\N	alive
2406845	P14	112	Violaceae	Hybanthus	prunifolius	hybapr	\N	494	\N	0202	739	58.80000	56.40000	18.80000	16.40000	417204	517601	417194	1	\N	main	204	2	\N	\N	2010-11-16	18582	D;S	1	\N	dead
104523	P14	112	Violaceae	Hybanthus	prunifolius	hybapr	\N	494	\N	0202	739	57.70000	50.20000	17.70000	10.20000	417205	517602	417195	1	\N	main	123	1	15	1.30	1996-11-15	13468	\N	1	\N	alive
2406846	P14	112	Violaceae	Hybanthus	prunifolius	hybapr	\N	494	\N	0202	739	57.70000	50.20000	17.70000	10.20000	417205	517602	417195	1	\N	main	204	2	\N	\N	2010-11-16	18582	D;N	1	\N	dead
104617	P14	112	Rubiaceae	Faramea	occidentalis	faraoc	\N	379	\N	0202	739	56.60000	50.80000	16.60000	10.80000	417206	517603	417196	1	\N	main	123	1	18	1.30	1996-11-15	13468	\N	1	\N	alive
104711	P14	112	Rubiaceae	Alibertia	edulis	alibed	\N	27	\N	0202	739	56.30000	50.60000	16.30000	10.60000	417207	517604	417197	1	\N	main	123	1	38	1.30	1996-11-15	13468	\N	1	\N	alive
2406848	P14	112	Rubiaceae	Alibertia	edulis	alibed	\N	27	\N	0202	739	56.30000	50.60000	16.30000	10.60000	417207	517604	417197	1	\N	main	204	2	\N	\N	2010-11-16	18582	D;T	1	\N	dead
104806	P14	112	Violaceae	Hybanthus	prunifolius	hybapr	\N	494	\N	0202	739	56.20000	50.80000	16.20000	10.80000	417208	517605	417198	1	\N	main	123	1	21	1.30	1996-11-15	13468	M	1	\N	alive
2406849	P14	112	Violaceae	Hybanthus	prunifolius	hybapr	\N	494	\N	0202	739	56.20000	50.80000	16.20000	10.80000	417208	517605	417198	1	\N	main	204	2	\N	\N	2010-11-16	18582	D;S	1	\N	dead
104996	P14	112	Rutaceae	Zanthoxylum	acuminatum	zantpr	\N	1099	\N	0202	739	55.90000	52.00000	15.90000	12.00000	417209	517606	417199	1	\N	main	123	1	166	1.30	1996-11-15	13468	\N	1	\N	alive
2406850	P14	112	Rutaceae	Zanthoxylum	acuminatum	zantpr	\N	1099	\N	0202	739	55.90000	52.00000	15.90000	12.00000	417209	517606	417199	1	\N	main	204	2	197	1.30	2010-11-16	18582	\N	1	\N	alive
60347	P14	112	Rutaceae	Zanthoxylum	acuminatum	zantpr	\N	1099	\N	0202	739	55.90000	52.00000	15.90000	12.00000	417209	517606	417199	1	\N		256	3	198	1.30	2012-05-01	19114	\N	1	\N	alive
53462	P14	112	Rutaceae	Zanthoxylum	acuminatum	zantpr	\N	1099	\N	0202	739	55.90000	52.00000	15.90000	12.00000	417209	517606	417199	1	\N		268	4	200	1.30	2013-04-15	19463	\N	1	\N	alive
2413953	P14	112	Rutaceae	Zanthoxylum	acuminatum	zantpr	\N	1099	\N	0202	739	55.90000	52.00000	15.90000	12.00000	417209	517606	417199	1	\N	\N	278	5	200	1.30	2014-04-09	19822	\N	1	\N	alive
2422402	P14	112	Rutaceae	Zanthoxylum	acuminatum	zantpr	\N	1099	\N	0202	739	55.90000	52.00000	15.90000	12.00000	417209	517606	417199	1	\N	\N	286	6	204	1.30	2015-06-25	20264	\N	1	\N	alive
105091	P14	112	Violaceae	Hybanthus	prunifolius	hybapr	\N	494	\N	0202	739	57.00000	52.30000	17.00000	12.30000	417210	517607	417200	1	\N	main	123	1	43	1.30	1996-11-15	13468	\N	1	\N	alive
2406851	P14	112	Violaceae	Hybanthus	prunifolius	hybapr	\N	494	\N	0202	739	57.00000	52.30000	17.00000	12.30000	417210	517607	417200	1	\N	main	204	2	48	1.30	2010-11-16	18582	\N	1	\N	alive
105186	P14	112	Meliaceae	Guarea	guidonia	guargu	\N	435	\N	0202	739	57.20000	52.10000	17.20000	12.10000	417211	517608	417201	1	\N	main	123	1	15	1.30	1996-11-15	13468	\N	1	\N	alive
2406852	P14	112	Meliaceae	Guarea	guidonia	guargu	\N	435	\N	0202	739	57.20000	52.10000	17.20000	12.10000	417211	517608	417201	1	\N	main	204	2	17	1.30	2010-11-16	18582	\N	1	\N	alive
105281	P14	112	Myrtaceae	Eugenia	oerstediana	eugeoe	\N	362	\N	0202	739	57.20000	53.00000	17.20000	13.00000	417212	517609	417202	1	\N	main	123	1	96	1.30	1996-11-15	13468	\N	1	\N	alive
2406853	P14	112	Myrtaceae	Eugenia	oerstediana	eugeoe	\N	362	\N	0202	739	57.20000	53.00000	17.20000	13.00000	417212	517609	417202	1	\N	main	204	2	119	1.30	2010-11-16	18582	\N	1	\N	alive
60471	P14	112	Myrtaceae	Eugenia	oerstediana	eugeoe	\N	362	\N	0202	739	57.20000	53.00000	17.20000	13.00000	417212	517609	417202	1	\N		256	3	123	1.30	2012-05-01	19114	\N	1	\N	alive
53588	P14	112	Myrtaceae	Eugenia	oerstediana	eugeoe	\N	362	\N	0202	739	57.20000	53.00000	17.20000	13.00000	417212	517609	417202	1	\N		268	4	122	1.30	2013-04-15	19463	\N	1	\N	alive
2413954	P14	112	Myrtaceae	Eugenia	oerstediana	eugeoe	\N	362	\N	0202	739	57.20000	53.00000	17.20000	13.00000	417212	517609	417202	1	\N	\N	278	5	123	1.30	2014-04-09	19822	\N	1	\N	alive
2422403	P14	112	Myrtaceae	Eugenia	oerstediana	eugeoe	\N	362	\N	0202	739	57.20000	53.00000	17.20000	13.00000	417212	517609	417202	1	\N	\N	286	6	123	1.30	2015-06-25	20264	\N	1	\N	alive
105376	P14	112	Sapindaceae	Cupania	seemannii	cupasy	\N	1120	\N	0202	739	56.10000	53.90000	16.10000	13.90000	417213	517610	417203	1	\N	main	123	1	21	1.30	1996-11-15	13468	\N	1	\N	alive
105471	P14	112	Violaceae	Hybanthus	prunifolius	hybapr	\N	494	\N	0202	739	56.70000	53.80000	16.70000	13.80000	417214	517611	417204	1	\N	main	123	1	13	1.30	1996-11-15	13468	\N	1	\N	alive
2406855	P14	112	Violaceae	Hybanthus	prunifolius	hybapr	\N	494	\N	0202	739	56.70000	53.80000	16.70000	13.80000	417214	517611	417204	1	\N	main	204	2	15	1.30	2010-11-16	18582	\N	1	\N	alive
105566	P14	112	Fabaceae-mimosoideae	Inga	marginata	ingama	\N	511	\N	0202	739	58.00000	54.10000	18.00000	14.10000	417215	517612	417205	1	\N	main	123	1	46	1.30	1996-11-15	13468	\N	1	\N	alive
2406856	P14	112	Fabaceae-mimosoideae	Inga	marginata	ingama	\N	511	\N	0202	739	58.00000	54.10000	18.00000	14.10000	417215	517612	417205	1	\N	main	204	2	\N	\N	2010-11-16	18582	D;N	1	\N	dead
105661	P14	112	Violaceae	Hybanthus	prunifolius	hybapr	\N	494	\N	0202	739	59.70000	54.90000	19.70000	14.90000	417216	517613	417206	1	\N	main	123	1	18	1.30	1996-11-15	13468	\N	1	\N	alive
2406857	P14	112	Violaceae	Hybanthus	prunifolius	hybapr	\N	494	\N	0202	739	59.70000	54.90000	19.70000	14.90000	417216	517613	417206	1	\N	main	204	2	23	1.30	2010-11-16	18582	\N	1	\N	alive
105756	P14	112	Erythropalaceae	Heisteria	acuminata	heisac	\N	468	\N	0202	739	58.50000	53.70000	18.50000	13.70000	417217	517615	417207	1	\N	main	123	1	13	1.30	1996-11-15	13468	\N	1	\N	alive
2406858	P14	112	Erythropalaceae	Heisteria	acuminata	heisac	\N	468	\N	0202	739	58.50000	53.70000	18.50000	13.70000	417217	517615	417207	1	\N	main	204	2	16	1.30	2010-11-16	18582	\N	1	\N	alive
105851	P14	112	Violaceae	Hybanthus	prunifolius	hybapr	\N	494	\N	0202	739	59.00000	51.90000	19.00000	11.90000	417218	517616	417208	1	\N	main	123	1	14	1.30	1996-11-15	13468	\N	1	\N	alive
2406859	P14	112	Violaceae	Hybanthus	prunifolius	hybapr	\N	494	\N	0202	739	59.00000	51.90000	19.00000	11.90000	417218	517616	417208	1	\N	main	204	2	16	1.30	2010-11-16	18582	\N	1	\N	alive
105946	P14	112	Chrysobalanaceae	Hirtella	triandra	hirttr	\N	487	\N	0202	739	59.00000	50.40000	19.00000	10.40000	417219	517617	417209	1	\N	main	123	1	230	1.10	1996-11-15	13468	M	1	\N	alive
106135	P14	112	Rubiaceae	Randia	armata	randar	\N	879	\N	0202	739	55.40000	46.20000	15.40000	6.20000	417220	517618	417210	1	\N	main	123	1	165	1.30	1996-11-15	13468	\N	1	\N	alive
2406861	P14	112	Rubiaceae	Randia	armata	randar	\N	879	\N	0202	739	55.40000	46.20000	15.40000	6.20000	417220	517618	417210	1	\N	main	204	2	174	1.30	2010-11-16	18582	\N	1	\N	alive
60719	P14	112	Rubiaceae	Randia	armata	randar	\N	879	\N	0202	739	55.40000	46.20000	15.40000	6.20000	417220	517618	417210	1	\N		256	3	175	1.30	2012-05-01	19114	\N	1	\N	alive
53840	P14	112	Rubiaceae	Randia	armata	randar	\N	879	\N	0202	739	55.40000	46.20000	15.40000	6.20000	417220	517618	417210	1	\N		268	4	175	1.30	2013-04-15	19463	\N	1	\N	alive
2413952	P14	112	Rubiaceae	Randia	armata	randar	\N	879	\N	0202	739	55.40000	46.20000	15.40000	6.20000	417220	517618	417210	1	\N	\N	278	5	175	1.30	2014-04-09	19822	\N	1	\N	alive
2422401	P14	112	Rubiaceae	Randia	armata	randar	\N	879	\N	0202	739	55.40000	46.20000	15.40000	6.20000	417220	517618	417210	1	\N	\N	286	6	175	1.30	2015-06-25	20264	\N	1	\N	alive
106229	P14	112	Violaceae	Hybanthus	prunifolius	hybapr	\N	494	\N	0202	739	57.00000	46.30000	17.00000	6.30000	417221	517619	417211	1	\N	main	123	1	17	1.30	1996-11-15	13468	\N	1	\N	alive
2406862	P14	112	Violaceae	Hybanthus	prunifolius	hybapr	\N	494	\N	0202	739	57.00000	46.30000	17.00000	6.30000	417221	517619	417211	1	\N	main	204	2	\N	\N	2010-11-16	18582	D;N	1	\N	dead
106323	P14	112	Rubiaceae	Palicourea	guianensis	paligu	\N	738	\N	0202	739	59.10000	48.00000	19.10000	8.00000	417222	517620	417212	1	\N	main	123	1	29	1.30	1996-11-15	13468	\N	1	\N	alive
2406863	P14	112	Rubiaceae	Palicourea	guianensis	paligu	\N	738	\N	0202	739	59.10000	48.00000	19.10000	8.00000	417222	517620	417212	1	\N	main	204	2	\N	\N	2010-11-16	18582	D;N	1	\N	dead
106417	P14	112	Boraginaceae	Cordia	lasiocalyx	cordla	\N	269	\N	0202	739	59.50000	40.70000	19.50000	0.70000	417223	517621	417213	1	\N	main	123	1	29	1.30	1996-11-15	13468	\N	1	\N	alive
2406864	P14	112	Boraginaceae	Cordia	lasiocalyx	cordla	\N	269	\N	0202	739	59.50000	40.70000	19.50000	0.70000	417223	517621	417213	1	\N	main	204	2	\N	\N	2010-11-16	18582	D;N	1	\N	dead
106511	P14	112	Anacardiaceae	Spondias	radlkoferi	sponra	\N	966	\N	0203	793	42.00000	60.30000	2.00000	0.30000	417224	517682	417214	1	\N	main	123	1	440	1.30	1996-11-13	13466	\N	1	\N	alive
2407270	P14	112	Anacardiaceae	Spondias	radlkoferi	sponra	\N	966	\N	0203	793	42.00000	60.30000	2.00000	0.30000	417224	517682	417214	1	\N	main	204	2	509	1.30	2010-11-15	18581	\N	1	\N	alive
60967	P14	112	Anacardiaceae	Spondias	radlkoferi	sponra	\N	966	\N	0203	793	42.00000	60.30000	2.00000	0.30000	417224	517682	417214	1	\N		256	3	510	1.30	2012-05-01	19114	\N	1	\N	alive
54092	P14	112	Anacardiaceae	Spondias	radlkoferi	sponra	\N	966	\N	0203	793	42.00000	60.30000	2.00000	0.30000	417224	517682	417214	1	\N		268	4	519	1.30	2013-04-15	19463	\N	1	\N	alive
2413955	P14	112	Anacardiaceae	Spondias	radlkoferi	sponra	\N	966	\N	0203	793	42.00000	60.30000	2.00000	0.30000	417224	517682	417214	1	\N	\N	278	5	520	1.30	2014-04-09	19822	\N	1	\N	alive
2422404	P14	112	Anacardiaceae	Spondias	radlkoferi	sponra	\N	966	\N	0203	793	42.00000	60.30000	2.00000	0.30000	417224	517682	417214	1	\N	\N	286	6	521	1.30	2015-06-25	20264	\N	1	\N	alive
106605	P14	112	Fabaceae-papilionoideae	Dipteryx	oleifera	diptpa	\N	1123	\N	0203	793	42.00000	60.70000	2.00000	0.70000	417225	517683	417215	1	\N	main	123	1	180	1.30	1996-11-13	13466	\N	1	\N	alive
2407271	P14	112	Fabaceae-papilionoideae	Dipteryx	oleifera	diptpa	\N	1123	\N	0203	793	42.00000	60.70000	2.00000	0.70000	417225	517683	417215	1	\N	main	204	2	194	1.30	2010-11-15	18581	\N	1	\N	alive
61090	P14	112	Fabaceae-papilionoideae	Dipteryx	oleifera	diptpa	\N	1123	\N	0203	793	42.00000	60.70000	2.00000	0.70000	417225	517683	417215	1	\N		256	3	\N	0.00	2012-05-01	19114	D;S	1	\N	dead
54218	P14	112	Fabaceae-papilionoideae	Dipteryx	oleifera	diptpa	\N	1123	\N	0203	793	42.00000	60.70000	2.00000	0.70000	417225	517683	417215	1	\N		268	4	\N	0.00	2013-04-15	19463	D;S	1	\N	dead
106699	P14	112	Lecythidaceae	Gustavia	superba	gustsu	\N	460	\N	0203	793	49.70000	62.00000	9.70000	2.00000	417226	517684	417216	1	\N	main	123	1	235	1.30	1996-11-13	13466	\N	1	\N	alive
2407272	P14	112	Lecythidaceae	Gustavia	superba	gustsu	\N	460	\N	0203	793	49.70000	62.00000	9.70000	2.00000	417226	517684	417216	1	\N	main	204	2	255	1.30	2010-11-15	18581	\N	1	\N	alive
61213	P14	112	Lecythidaceae	Gustavia	superba	gustsu	\N	460	\N	0203	793	49.70000	62.00000	9.70000	2.00000	417226	517684	417216	1	\N		256	3	258	1.30	2012-05-01	19114	\N	1	\N	alive
54344	P14	112	Lecythidaceae	Gustavia	superba	gustsu	\N	460	\N	0203	793	49.70000	62.00000	9.70000	2.00000	417226	517684	417216	1	\N		268	4	256	1.30	2013-04-15	19463	\N	1	\N	alive
2413958	P14	112	Lecythidaceae	Gustavia	superba	gustsu	\N	460	\N	0203	793	49.70000	62.00000	9.70000	2.00000	417226	517684	417216	1	\N	\N	278	5	256	1.30	2014-04-09	19822	\N	1	\N	alive
2422407	P14	112	Lecythidaceae	Gustavia	superba	gustsu	\N	460	\N	0203	793	49.70000	62.00000	9.70000	2.00000	417226	517684	417216	1	\N	\N	286	6	256	1.30	2015-06-25	20264	\N	1	\N	alive
106793	P14	112	Lecythidaceae	Gustavia	superba	gustsu	\N	460	\N	0203	793	47.90000	65.30000	7.90000	5.30000	417227	517685	417217	1	\N	main	123	1	250	1.30	1996-11-13	13466	\N	1	\N	alive
2407273	P14	112	Lecythidaceae	Gustavia	superba	gustsu	\N	460	\N	0203	793	47.90000	65.30000	7.90000	5.30000	417227	517685	417217	1	\N	main	204	2	\N	\N	2010-11-15	18581	D;N	1	\N	dead
61336	P14	112	Lecythidaceae	Gustavia	superba	gustsu	\N	460	\N	0203	793	47.90000	65.30000	7.90000	5.30000	417227	517685	417217	1	\N		256	3	\N	0.00	2012-05-01	19114	D;N	1	\N	dead
106887	P14	112	Burseraceae	Protium	panamense	protpa	\N	827	\N	0203	793	48.00000	65.80000	8.00000	5.80000	417228	517686	417218	1	\N	main	123	1	132	1.30	1996-11-13	13466	\N	1	\N	alive
2407274	P14	112	Burseraceae	Protium	panamense	protpa	\N	827	\N	0203	793	48.00000	65.80000	8.00000	5.80000	417228	517686	417218	1	\N	main	204	2	\N	\N	2010-11-15	18581	D;N	1	\N	dead
61459	P14	112	Burseraceae	Protium	panamense	protpa	\N	827	\N	0203	793	48.00000	65.80000	8.00000	5.80000	417228	517686	417218	1	\N		256	3	\N	0.00	2012-05-01	19114	D;N	1	\N	dead
106981	P14	112	Rubiaceae	Alseis	blackiana	alsebl	\N	33	\N	0203	793	51.10000	67.00000	11.10000	7.00000	417229	517687	417219	1	\N	main	123	1	330	1.30	1996-11-13	13466	\N	1	\N	alive
2407275	P14	112	Rubiaceae	Alseis	blackiana	alsebl	\N	33	\N	0203	793	51.10000	67.00000	11.10000	7.00000	417229	517687	417219	1	\N	main	204	2	360	1.30	2010-11-15	18581	\N	1	\N	alive
61582	P14	112	Rubiaceae	Alseis	blackiana	alsebl	\N	33	\N	0203	793	51.10000	67.00000	11.10000	7.00000	417229	517687	417219	1	\N		256	3	380	1.30	2012-05-01	19114	\N	1	\N	alive
54470	P14	112	Rubiaceae	Alseis	blackiana	alsebl	\N	33	\N	0203	793	51.10000	67.00000	11.10000	7.00000	417229	517687	417219	1	\N		268	4	380	1.30	2013-04-15	19463	\N	1	\N	alive
2413963	P14	112	Rubiaceae	Alseis	blackiana	alsebl	\N	33	\N	0203	793	51.10000	67.00000	11.10000	7.00000	417229	517687	417219	1	\N	\N	278	5	380	1.30	2014-04-09	19822	\N	1	\N	alive
2422413	P14	112	Rubiaceae	Alseis	blackiana	alsebl	\N	33	\N	0203	793	51.10000	67.00000	11.10000	7.00000	417229	517687	417219	1	\N	\N	286	6	380	1.30	2015-06-25	20264	\N	1	\N	alive
107075	P14	112	Arecaceae	Socratea	exorrhiza	socrex	\N	1163	\N	0203	793	49.60000	69.10000	9.60000	9.10000	417230	517688	417220	1	\N	main	123	1	124	1.30	1996-11-13	13466	\N	1	\N	alive
2407276	P14	112	Arecaceae	Socratea	exorrhiza	socrex	\N	1163	\N	0203	793	49.60000	69.10000	9.60000	9.10000	417230	517688	417220	1	\N	main	204	2	\N	\N	2010-11-15	18581	D;N	1	\N	dead
61705	P14	112	Arecaceae	Socratea	exorrhiza	socrex	\N	1163	\N	0203	793	49.60000	69.10000	9.60000	9.10000	417230	517688	417220	1	\N		256	3	\N	0.00	2012-05-01	19114	D;N	1	\N	dead
107169	P14	112	Arecaceae	Oenocarpus	mapora	oenoma	\N	1145	\N	0203	793	47.30000	69.00000	7.30000	9.00000	417231	517689	417221	1	\N	main	123	1	103	1.30	1996-11-13	13466	M	1	\N	alive
108297	P14	112	Rubiaceae	Alseis	blackiana	alsebl	\N	33	\N	0203	793	50.30000	71.00000	10.30000	11.00000	417232	517690	417222	1	\N	main	123	1	178	1.30	1996-11-13	13466	\N	1	\N	alive
2407282	P14	112	Rubiaceae	Alseis	blackiana	alsebl	\N	33	\N	0203	793	50.30000	71.00000	10.30000	11.00000	417232	517690	417222	1	\N	main	204	2	179	1.30	2010-11-15	18581	\N	1	\N	alive
62443	P14	112	Rubiaceae	Alseis	blackiana	alsebl	\N	33	\N	0203	793	50.30000	71.00000	10.30000	11.00000	417232	517690	417222	1	\N		256	3	180	1.30	2012-05-01	19114	\N	1	\N	alive
54596	P14	112	Rubiaceae	Alseis	blackiana	alsebl	\N	33	\N	0203	793	50.30000	71.00000	10.30000	11.00000	417232	517690	417222	1	\N		268	4	180	1.30	2013-04-15	19463	\N	1	\N	alive
2413964	P14	112	Rubiaceae	Alseis	blackiana	alsebl	\N	33	\N	0203	793	50.30000	71.00000	10.30000	11.00000	417232	517690	417222	1	\N	\N	278	5	177	1.30	2014-04-09	19822	\N	1	\N	alive
2422415	P14	112	Rubiaceae	Alseis	blackiana	alsebl	\N	33	\N	0203	793	50.30000	71.00000	10.30000	11.00000	417232	517690	417222	1	\N	\N	286	6	178	1.30	2015-06-25	20264	\N	1	\N	alive
108390	P14	112	Burseraceae	Tetragastris	panamensis	tet2pa	\N	1007	\N	0203	793	47.20000	71.00000	7.20000	11.00000	417233	517691	417223	1	\N	main	123	1	302	1.30	1996-11-13	13466	\N	1	\N	alive
2407283	P14	112	Burseraceae	Tetragastris	panamensis	tet2pa	\N	1007	\N	0203	793	47.20000	71.00000	7.20000	11.00000	417233	517691	417223	1	\N	main	204	2	321	1.30	2010-11-15	18581	\N	1	\N	alive
62566	P14	112	Burseraceae	Tetragastris	panamensis	tet2pa	\N	1007	\N	0203	793	47.20000	71.00000	7.20000	11.00000	417233	517691	417223	1	\N		256	3	325	1.30	2012-05-01	19114	\N	1	\N	alive
54722	P14	112	Burseraceae	Tetragastris	panamensis	tet2pa	\N	1007	\N	0203	793	47.20000	71.00000	7.20000	11.00000	417233	517691	417223	1	\N		268	4	325	1.30	2013-04-15	19463	\N	1	\N	alive
2413959	P14	112	Burseraceae	Tetragastris	panamensis	tet2pa	\N	1007	\N	0203	793	47.20000	71.00000	7.20000	11.00000	417233	517691	417223	1	\N	\N	278	5	321	1.30	2014-04-09	19822	Q	1	\N	alive
2422408	P14	112	Burseraceae	Tetragastris	panamensis	tet2pa	\N	1007	\N	0203	793	47.20000	71.00000	7.20000	11.00000	417233	517691	417223	1	\N	\N	286	6	325	1.30	2015-06-25	20264	\N	1	\N	alive
108483	P14	112	Burseraceae	Tetragastris	panamensis	tet2pa	\N	1007	\N	0203	793	42.00000	71.30000	2.00000	11.30000	417234	517692	417224	1	\N	main	123	1	278	1.30	1996-11-13	13466	\N	1	\N	alive
2407284	P14	112	Burseraceae	Tetragastris	panamensis	tet2pa	\N	1007	\N	0203	793	42.00000	71.30000	2.00000	11.30000	417234	517692	417224	1	\N	main	204	2	319	1.30	2010-11-15	18581	\N	1	\N	alive
62689	P14	112	Burseraceae	Tetragastris	panamensis	tet2pa	\N	1007	\N	0203	793	42.00000	71.30000	2.00000	11.30000	417234	517692	417224	1	\N		256	3	320	1.30	2012-05-01	19114	\N	1	\N	alive
54848	P14	112	Burseraceae	Tetragastris	panamensis	tet2pa	\N	1007	\N	0203	793	42.00000	71.30000	2.00000	11.30000	417234	517692	417224	1	\N		268	4	319	1.30	2013-04-15	19463	\N	1	\N	alive
2413957	P14	112	Burseraceae	Tetragastris	panamensis	tet2pa	\N	1007	\N	0203	793	42.00000	71.30000	2.00000	11.30000	417234	517692	417224	1	\N	\N	278	5	\N	1.30	2014-04-09	19822	S;D	1	\N	dead
2422406	P14	112	Burseraceae	Tetragastris	panamensis	tet2pa	\N	1007	\N	0203	793	42.00000	71.30000	2.00000	11.30000	417234	517692	417224	1	\N	\N	286	6	\N	1.30	2015-06-25	20264	D	1	\N	dead
108576	P14	112	Moraceae	Maquira	guianensis	maquco	\N	1137	\N	0203	793	41.80000	68.50000	1.80000	8.50000	417235	517693	417225	1	\N	main	123	1	102	1.30	1996-11-13	13466	\N	1	\N	alive
2407285	P14	112	Moraceae	Maquira	guianensis	maquco	\N	1137	\N	0203	793	41.80000	68.50000	1.80000	8.50000	417235	517693	417225	1	\N	main	204	2	\N	\N	2010-11-15	18581	D;N	1	\N	dead
62812	P14	112	Moraceae	Maquira	guianensis	maquco	\N	1137	\N	0203	793	41.80000	68.50000	1.80000	8.50000	417235	517693	417225	1	\N		256	3	\N	0.00	2012-05-01	19114	D;N	1	\N	dead
108669	P14	112	Myristicaceae	Virola	sebifera	virose	\N	1072	\N	0203	793	40.30000	66.90000	0.30000	6.90000	417236	517694	417226	1	\N	main	123	1	108	1.30	1996-11-13	13466	\N	1	\N	alive
2407286	P14	112	Myristicaceae	Virola	sebifera	virose	\N	1072	\N	0203	793	40.30000	66.90000	0.30000	6.90000	417236	517694	417226	1	\N	main	204	2	183	1.30	2010-11-15	18581	\N	1	\N	alive
62935	P14	112	Myristicaceae	Virola	sebifera	virose	\N	1072	\N	0203	793	40.30000	66.90000	0.30000	6.90000	417236	517694	417226	1	\N		256	3	185	1.30	2012-05-01	19114	\N	1	\N	alive
54974	P14	112	Myristicaceae	Virola	sebifera	virose	\N	1072	\N	0203	793	40.30000	66.90000	0.30000	6.90000	417236	517694	417226	1	\N		268	4	186	1.30	2013-04-15	19463	\N	1	\N	alive
2413956	P14	112	Myristicaceae	Virola	sebifera	virose	\N	1072	\N	0203	793	40.30000	66.90000	0.30000	6.90000	417236	517694	417226	1	\N	\N	278	5	186	1.30	2014-04-09	19822	\N	1	\N	alive
2422405	P14	112	Myristicaceae	Virola	sebifera	virose	\N	1072	\N	0203	793	40.30000	66.90000	0.30000	6.90000	417236	517694	417226	1	\N	\N	286	6	189	1.30	2015-06-25	20264	\N	1	\N	alive
108762	P14	112	Lacistemataceae	Lacistema	aggregatum	laciag	\N	548	\N	0203	793	41.30000	78.10000	1.30000	18.10000	417237	517695	417227	1	\N	main	123	1	258	1.30	1996-11-13	13466	\N	1	\N	alive
2407287	P14	112	Lacistemataceae	Lacistema	aggregatum	laciag	\N	548	\N	0203	793	41.30000	78.10000	1.30000	18.10000	417237	517695	417227	1	\N	main	204	2	\N	\N	2010-11-15	18581	D;S	1	\N	dead
63058	P14	112	Lacistemataceae	Lacistema	aggregatum	laciag	\N	548	\N	0203	793	41.30000	78.10000	1.30000	18.10000	417237	517695	417227	1	\N		256	3	\N	0.00	2012-05-01	19114	D;N	1	\N	dead
108855	P14	112	Rubiaceae	Coussarea	curvigemmia	cou2cu	\N	280	\N	0203	793	51.80000	78.20000	11.80000	18.20000	417238	517696	417228	1	\N	main	123	1	130	1.30	1996-11-13	13466	M	1	\N	alive
109134	P14	112	Burseraceae	Tetragastris	panamensis	tet2pa	\N	1007	\N	0203	793	59.60000	79.00000	19.60000	19.00000	417239	517697	417229	1	\N	main	123	1	101	1.30	1996-11-13	13466	\N	1	\N	alive
2407289	P14	112	Burseraceae	Tetragastris	panamensis	tet2pa	\N	1007	\N	0203	793	59.60000	79.00000	19.60000	19.00000	417239	517697	417229	1	\N	main	204	2	138	1.30	2010-11-15	18581	\N	1	\N	alive
63303	P14	112	Burseraceae	Tetragastris	panamensis	tet2pa	\N	1007	\N	0203	793	59.60000	79.00000	19.60000	19.00000	417239	517697	417229	1	\N		256	3	150	1.30	2012-05-01	19114	\N	1	\N	alive
55226	P14	112	Burseraceae	Tetragastris	panamensis	tet2pa	\N	1007	\N	0203	793	59.60000	79.00000	19.60000	19.00000	417239	517697	417229	1	\N		268	4	159	1.30	2013-04-15	19463	\N	1	\N	alive
2413967	P14	112	Burseraceae	Tetragastris	panamensis	tet2pa	\N	1007	\N	0203	793	59.60000	79.00000	19.60000	19.00000	417239	517697	417229	1	\N	\N	278	5	167	1.30	2014-04-09	19822	\N	1	\N	alive
2422418	P14	112	Burseraceae	Tetragastris	panamensis	tet2pa	\N	1007	\N	0203	793	59.60000	79.00000	19.60000	19.00000	417239	517697	417229	1	\N	\N	286	6	172	1.30	2015-06-25	20264	\N	1	\N	alive
109227	P14	112	Myristicaceae	Virola	sebifera	virose	\N	1072	\N	0203	793	56.10000	73.70000	16.10000	13.70000	417240	517698	417230	1	\N	main	123	1	208	1.30	1996-11-13	13466	\N	1	\N	alive
2407290	P14	112	Myristicaceae	Virola	sebifera	virose	\N	1072	\N	0203	793	56.10000	73.70000	16.10000	13.70000	417240	517698	417230	1	\N	main	204	2	\N	\N	2010-11-15	18581	D;N	1	\N	dead
63425	P14	112	Myristicaceae	Virola	sebifera	virose	\N	1072	\N	0203	793	56.10000	73.70000	16.10000	13.70000	417240	517698	417230	1	\N		256	3	\N	0.00	2012-05-01	19114	D;N	1	\N	dead
109319	P14	112	Rubiaceae	Faramea	occidentalis	faraoc	\N	379	\N	0203	793	59.80000	70.10000	19.80000	10.10000	417241	517699	417231	1	\N	main	123	1	108	1.30	1996-11-13	13466	\N	1	\N	alive
2407291	P14	112	Rubiaceae	Faramea	occidentalis	faraoc	\N	379	\N	0203	793	59.80000	70.10000	19.80000	10.10000	417241	517699	417231	1	\N	main	204	2	125	1.30	2010-11-15	18581	\N	1	\N	alive
63547	P14	112	Rubiaceae	Faramea	occidentalis	faraoc	\N	379	\N	0203	793	59.80000	70.10000	19.80000	10.10000	417241	517699	417231	1	\N		256	3	125	1.30	2012-05-01	19114	\N	1	\N	alive
55352	P14	112	Rubiaceae	Faramea	occidentalis	faraoc	\N	379	\N	0203	793	59.80000	70.10000	19.80000	10.10000	417241	517699	417231	1	\N		268	4	122	1.30	2013-04-15	19463	\N	1	\N	alive
2413966	P14	112	Rubiaceae	Faramea	occidentalis	faraoc	\N	379	\N	0203	793	59.80000	70.10000	19.80000	10.10000	417241	517699	417231	1	\N	\N	278	5	\N	1.30	2014-04-09	19822	S;D	1	\N	dead
2422417	P14	112	Rubiaceae	Faramea	occidentalis	faraoc	\N	379	\N	0203	793	59.80000	70.10000	19.80000	10.10000	417241	517699	417231	1	\N	\N	286	6	\N	1.30	2015-06-25	20264	D	1	\N	dead
109411	P14	112	Myristicaceae	Virola	sebifera	virose	\N	1072	\N	0203	793	58.80000	62.70000	18.80000	2.70000	417242	517700	417232	1	\N	main	123	1	158	1.30	1996-11-13	13466	\N	1	\N	alive
2407292	P14	112	Myristicaceae	Virola	sebifera	virose	\N	1072	\N	0203	793	58.80000	62.70000	18.80000	2.70000	417242	517700	417232	1	\N	main	204	2	168	1.30	2010-11-15	18581	\N	1	\N	alive
63669	P14	112	Myristicaceae	Virola	sebifera	virose	\N	1072	\N	0203	793	58.80000	62.70000	18.80000	2.70000	417242	517700	417232	1	\N		256	3	168	1.30	2012-05-01	19114	\N	1	\N	alive
55478	P14	112	Myristicaceae	Virola	sebifera	virose	\N	1072	\N	0203	793	58.80000	62.70000	18.80000	2.70000	417242	517700	417232	1	\N		268	4	170	1.30	2013-04-15	19463	\N	1	\N	alive
2413965	P14	112	Myristicaceae	Virola	sebifera	virose	\N	1072	\N	0203	793	58.80000	62.70000	18.80000	2.70000	417242	517700	417232	1	\N	\N	278	5	168	1.30	2014-04-09	19822	\N	1	\N	alive
2422416	P14	112	Myristicaceae	Virola	sebifera	virose	\N	1072	\N	0203	793	58.80000	62.70000	18.80000	2.70000	417242	517700	417232	1	\N	\N	286	6	168	1.30	2015-06-25	20264	\N	1	\N	alive
109503	P14	112	Erythropalaceae	Heisteria	concinna	heisco	\N	469	\N	0203	793	54.00000	62.40000	14.00000	2.40000	417243	517701	417233	1	\N	main	123	1	215	1.30	1996-11-13	13466	\N	1	\N	alive
2407293	P14	112	Erythropalaceae	Heisteria	concinna	heisco	\N	469	\N	0203	793	54.00000	62.40000	14.00000	2.40000	417243	517701	417233	1	\N	main	204	2	233	1.30	2010-11-15	18581	\N	1	\N	alive
63791	P14	112	Erythropalaceae	Heisteria	concinna	heisco	\N	469	\N	0203	793	54.00000	62.40000	14.00000	2.40000	417243	517701	417233	1	\N		256	3	240	1.30	2012-05-01	19114	\N	1	\N	alive
55604	P14	112	Erythropalaceae	Heisteria	concinna	heisco	\N	469	\N	0203	793	54.00000	62.40000	14.00000	2.40000	417243	517701	417233	1	\N		268	4	240	1.30	2013-04-15	19463	\N	1	\N	alive
2413961	P14	112	Erythropalaceae	Heisteria	concinna	heisco	\N	469	\N	0203	793	54.00000	62.40000	14.00000	2.40000	417243	517701	417233	1	\N	\N	278	5	240	1.30	2014-04-09	19822	\N	1	\N	alive
2422411	P14	112	Erythropalaceae	Heisteria	concinna	heisco	\N	469	\N	0203	793	54.00000	62.40000	14.00000	2.40000	417243	517701	417233	1	\N	\N	286	6	240	1.30	2015-06-25	20264	\N	1	\N	alive
109595	P14	112	Myristicaceae	Virola	sebifera	virose	\N	1072	\N	0203	793	53.70000	63.40000	13.70000	3.40000	417244	517702	417234	1	\N	main	123	1	155	1.30	1996-11-13	13466	\N	1	\N	alive
2407294	P14	112	Myristicaceae	Virola	sebifera	virose	\N	1072	\N	0203	793	53.70000	63.40000	13.70000	3.40000	417244	517702	417234	1	\N	main	204	2	167	1.30	2010-11-15	18581	\N	1	\N	alive
63913	P14	112	Myristicaceae	Virola	sebifera	virose	\N	1072	\N	0203	793	53.70000	63.40000	13.70000	3.40000	417244	517702	417234	1	\N		256	3	167	1.30	2012-05-01	19114	\N	1	\N	alive
55730	P14	112	Myristicaceae	Virola	sebifera	virose	\N	1072	\N	0203	793	53.70000	63.40000	13.70000	3.40000	417244	517702	417234	1	\N		268	4	166	1.30	2013-04-15	19463	\N	1	\N	alive
2413962	P14	112	Myristicaceae	Virola	sebifera	virose	\N	1072	\N	0203	793	53.70000	63.40000	13.70000	3.40000	417244	517702	417234	1	\N	\N	278	5	166	1.30	2014-04-09	19822	\N	1	\N	alive
2422412	P14	112	Myristicaceae	Virola	sebifera	virose	\N	1072	\N	0203	793	53.70000	63.40000	13.70000	3.40000	417244	517702	417234	1	\N	\N	286	6	166	1.30	2015-06-25	20264	\N	1	\N	alive
109687	P14	112	Burseraceae	Protium	tenuifolium	protte		828	15	0204	847	42.70000	82.10000	2.70000	2.10000	417245	517703	417235	1	\N	main	123	1	102	1.30	1996-11-13	13466	\N	1	\N	alive
2407450	P14	112	Burseraceae	Protium	tenuifolium	protte		828	15	0204	847	42.70000	82.10000	2.70000	2.10000	417245	517703	417235	1	\N	main	204	2	147	1.30	2010-11-17	18583	\N	1	\N	alive
64157	P14	112	Burseraceae	Protium	tenuifolium	protte		828	15	0204	847	42.70000	82.10000	2.70000	2.10000	417245	517703	417235	1	\N		256	3	150	1.30	2012-05-01	19114	\N	1	\N	alive
55982	P14	112	Burseraceae	Protium	tenuifolium	protte		828	15	0204	847	42.70000	82.10000	2.70000	2.10000	417245	517703	417235	1	\N		268	4	150	1.30	2013-04-15	19463	\N	1	\N	alive
2413968	P14	112	Burseraceae	Protium	tenuifolium	protte		828	15	0204	847	42.70000	82.10000	2.70000	2.10000	417245	517703	417235	1	\N	\N	278	5	150	1.30	2014-04-09	19822	\N	1	\N	alive
2422419	P14	112	Burseraceae	Protium	tenuifolium	protte		828	15	0204	847	42.70000	82.10000	2.70000	2.10000	417245	517703	417235	1	\N	\N	286	6	152	1.30	2015-06-25	20264	\N	1	\N	alive
109779	P14	112	Myrtaceae	Eugenia	coloradoensis	eugeco	\N	358	\N	0204	847	46.90000	81.40000	6.90000	1.40000	417246	517704	417236	1	\N	main	123	1	185	1.30	1996-11-13	13466	\N	1	\N	alive
2407451	P14	112	Myrtaceae	Eugenia	coloradoensis	eugeco	\N	358	\N	0204	847	46.90000	81.40000	6.90000	1.40000	417246	517704	417236	1	\N	main	204	2	\N	\N	2010-11-17	18583	D;C	1	\N	dead
64279	P14	112	Myrtaceae	Eugenia	coloradoensis	eugeco	\N	358	\N	0204	847	46.90000	81.40000	6.90000	1.40000	417246	517704	417236	1	\N		256	3	\N	0.00	2012-05-01	19114	D;N	1	\N	dead
109871	P14	112	Erythropalaceae	Heisteria	concinna	heisco	\N	469	\N	0204	847	46.90000	85.30000	6.90000	5.30000	417247	517705	417237	1	\N	main	123	1	245	1.30	1996-11-13	13466	\N	1	\N	alive
2407452	P14	112	Erythropalaceae	Heisteria	concinna	heisco	\N	469	\N	0204	847	46.90000	85.30000	6.90000	5.30000	417247	517705	417237	1	\N	main	204	2	\N	\N	2010-11-17	18583	D;C	1	\N	dead
64401	P14	112	Erythropalaceae	Heisteria	concinna	heisco	\N	469	\N	0204	847	46.90000	85.30000	6.90000	5.30000	417247	517705	417237	1	\N		256	3	\N	0.00	2012-05-01	19114	D;N	1	\N	dead
109963	P14	112	Malvaceae	Quararibea	asterolepis	quaras		871	13	0204	847	50.90000	86.90000	10.90000	6.90000	417248	517706	417238	1	\N	main	123	1	125	1.30	1996-11-13	13466	\N	1	\N	alive
2407453	P14	112	Malvaceae	Quararibea	asterolepis	quaras		871	13	0204	847	50.90000	86.90000	10.90000	6.90000	417248	517706	417238	1	\N	main	204	2	179	1.30	2010-11-17	18583	Q	1	\N	alive
64523	P14	112	Malvaceae	Quararibea	asterolepis	quaras		871	13	0204	847	50.90000	86.90000	10.90000	6.90000	417248	517706	417238	1	\N		256	3	188	1.30	2012-05-01	19114	\N	1	\N	alive
56108	P14	112	Malvaceae	Quararibea	asterolepis	quaras		871	13	0204	847	50.90000	86.90000	10.90000	6.90000	417248	517706	417238	1	\N		268	4	192	1.30	2013-04-15	19463	\N	1	\N	alive
2413978	P14	112	Malvaceae	Quararibea	asterolepis	quaras		871	13	0204	847	50.90000	86.90000	10.90000	6.90000	417248	517706	417238	1	\N	\N	278	5	197	1.30	2014-04-09	19822	\N	1	\N	alive
2422428	P14	112	Malvaceae	Quararibea	asterolepis	quaras		871	13	0204	847	50.90000	86.90000	10.90000	6.90000	417248	517706	417238	1	\N	\N	286	6	206	1.30	2015-06-25	20264	\N	1	\N	alive
110055	P14	112	Fabaceae-mimosoideae	Inga	cocleensis	ingaco	\N	529	\N	0204	847	51.10000	93.80000	11.10000	13.80000	417249	517707	417239	1	\N	main	123	1	107	1.30	1996-11-13	13466	\N	1	\N	alive
2407454	P14	112	Fabaceae-mimosoideae	Inga	cocleensis	ingaco	\N	529	\N	0204	847	51.10000	93.80000	11.10000	13.80000	417249	517707	417239	1	\N	main	204	2	187	1.30	2010-11-17	18583	\N	1	\N	alive
64645	P14	112	Fabaceae-mimosoideae	Inga	cocleensis	ingaco	\N	529	\N	0204	847	51.10000	93.80000	11.10000	13.80000	417249	517707	417239	1	\N		256	3	195	1.30	2012-05-01	19114	\N	1	\N	alive
56234	P14	112	Fabaceae-mimosoideae	Inga	cocleensis	ingaco	\N	529	\N	0204	847	51.10000	93.80000	11.10000	13.80000	417249	517707	417239	1	\N		268	4	199	1.30	2013-04-15	19463	\N	1	\N	alive
2413981	P14	112	Fabaceae-mimosoideae	Inga	cocleensis	ingaco	\N	529	\N	0204	847	51.10000	93.80000	11.10000	13.80000	417249	517707	417239	1	\N	\N	278	5	203	1.30	2014-04-09	19822	\N	1	\N	alive
2422432	P14	112	Fabaceae-mimosoideae	Inga	cocleensis	ingaco	\N	529	\N	0204	847	51.10000	93.80000	11.10000	13.80000	417249	517707	417239	1	\N	\N	286	6	213	1.30	2015-06-25	20264	\N	1	\N	alive
110147	P14	112	Boraginaceae	Cordia	lasiocalyx	cordla	\N	269	\N	0204	847	50.00000	93.80000	10.00000	13.80000	417250	517708	417240	1	\N	main	123	1	130	1.30	1996-11-13	13466	\N	1	\N	alive
2407455	P14	112	Boraginaceae	Cordia	lasiocalyx	cordla	\N	269	\N	0204	847	50.00000	93.80000	10.00000	13.80000	417250	517708	417240	1	\N	main	204	2	134	1.30	2010-11-17	18583	\N	1	\N	alive
64767	P14	112	Boraginaceae	Cordia	lasiocalyx	cordla	\N	269	\N	0204	847	50.00000	93.80000	10.00000	13.80000	417250	517708	417240	1	\N		256	3	135	1.30	2012-05-01	19114	\N	1	\N	alive
56360	P14	112	Boraginaceae	Cordia	lasiocalyx	cordla	\N	269	\N	0204	847	50.00000	93.80000	10.00000	13.80000	417250	517708	417240	1	\N		268	4	134	1.30	2013-04-15	19463	\N	1	\N	alive
2413982	P14	112	Boraginaceae	Cordia	lasiocalyx	cordla	\N	269	\N	0204	847	50.00000	93.80000	10.00000	13.80000	417250	517708	417240	1	\N	\N	278	5	134	1.30	2014-04-09	19822	\N	1	\N	alive
2422433	P14	112	Boraginaceae	Cordia	lasiocalyx	cordla	\N	269	\N	0204	847	50.00000	93.80000	10.00000	13.80000	417250	517708	417240	1	\N	\N	286	6	134	1.30	2015-06-25	20264	\N	1	\N	alive
110239	P14	112	Meliaceae	Trichilia	tuberculata	tri2tu	\N	1169	\N	0204	847	46.20000	93.90000	6.20000	13.90000	417251	517709	417241	1	\N	main	123	1	164	1.30	1996-11-13	13466	\N	1	\N	alive
2407456	P14	112	Meliaceae	Trichilia	tuberculata	tri2tu	\N	1169	\N	0204	847	46.20000	93.90000	6.20000	13.90000	417251	517709	417241	1	\N	main	204	2	204	1.30	2010-11-17	18583	\N	1	\N	alive
64889	P14	112	Meliaceae	Trichilia	tuberculata	tri2tu	\N	1169	\N	0204	847	46.20000	93.90000	6.20000	13.90000	417251	517709	417241	1	\N		256	3	209	1.30	2012-05-01	19114	\N	1	\N	alive
56486	P14	112	Meliaceae	Trichilia	tuberculata	tri2tu	\N	1169	\N	0204	847	46.20000	93.90000	6.20000	13.90000	417251	517709	417241	1	\N		268	4	209	1.30	2013-04-15	19463	\N	1	\N	alive
2413976	P14	112	Meliaceae	Trichilia	tuberculata	tri2tu	\N	1169	\N	0204	847	46.20000	93.90000	6.20000	13.90000	417251	517709	417241	1	\N	\N	278	5	209	1.30	2014-04-09	19822	\N	1	\N	alive
2422426	P14	112	Meliaceae	Trichilia	tuberculata	tri2tu	\N	1169	\N	0204	847	46.20000	93.90000	6.20000	13.90000	417251	517709	417241	1	\N	\N	286	6	213	1.30	2015-06-25	20264	\N	1	\N	alive
110331	P14	112	Boraginaceae	Cordia	alliodora	cordal	\N	262	\N	0204	847	41.80000	97.30000	1.80000	17.30000	417252	517710	417242	1	\N	main	123	1	242	1.30	1996-11-13	13466	\N	1	\N	alive
2407457	P14	112	Boraginaceae	Cordia	alliodora	cordal	\N	262	\N	0204	847	41.80000	97.30000	1.80000	17.30000	417252	517710	417242	1	\N	main	204	2	482	1.30	2010-11-17	18583	\N	1	\N	alive
65011	P14	112	Boraginaceae	Cordia	alliodora	cordal	\N	262	\N	0204	847	41.80000	97.30000	1.80000	17.30000	417252	517710	417242	1	\N		256	3	495	1.30	2012-05-01	19114	\N	1	\N	alive
56612	P14	112	Boraginaceae	Cordia	alliodora	cordal	\N	262	\N	0204	847	41.80000	97.30000	1.80000	17.30000	417252	517710	417242	1	\N		268	4	502	1.30	2013-04-15	19463	\N	1	\N	alive
2413972	P14	112	Boraginaceae	Cordia	alliodora	cordal	\N	262	\N	0204	847	41.80000	97.30000	1.80000	17.30000	417252	517710	417242	1	\N	\N	278	5	502	1.30	2014-04-09	19822	\N	1	\N	alive
2422423	P14	112	Boraginaceae	Cordia	alliodora	cordal	\N	262	\N	0204	847	41.80000	97.30000	1.80000	17.30000	417252	517710	417242	1	\N	\N	286	6	508	1.30	2015-06-25	20264	\N	1	\N	alive
110423	P14	112	Rubiaceae	Alseis	blackiana	alsebl	\N	33	\N	0204	847	58.70000	93.10000	18.70000	13.10000	417253	517711	417243	1	\N	main	123	1	345	4.50	1996-11-13	13466	B	1	\N	alive
110515	P14	112	Rubiaceae	Alseis	blackiana	alsebl	\N	33	\N	0204	847	58.70000	93.10000	18.70000	13.10000	417253	517711	417243	1	\N	main	123	1	475	1.30	1997-01-02	13516	\N	0	\N	alive
2410300	P14	112	Rubiaceae	Alseis	blackiana	alsebl	\N	33	\N	0204	847	58.70000	93.10000	18.70000	13.10000	417253	517711	417243	1	\N	main	204	2	384	4.50	2010-11-18	18584	B	1	\N	alive
65133	P14	112	Rubiaceae	Alseis	blackiana	alsebl	\N	33	\N	0204	847	58.70000	93.10000	18.70000	13.10000	417253	517711	417243	1	\N		256	3	384	4.50	2012-05-02	19115	B;cylN	1	\N	alive
56738	P14	112	Rubiaceae	Alseis	blackiana	alsebl	\N	33	\N	0204	847	58.70000	93.10000	18.70000	13.10000	417253	517711	417243	1	\N		268	4	385	4.50	2013-04-12	19460	B;cylN	1	\N	alive
2413985	P14	112	Rubiaceae	Alseis	blackiana	alsebl	\N	33	\N	0204	847	58.70000	93.10000	18.70000	13.10000	417253	517711	417243	1	\N	\N	278	5	387	4.50	2014-04-09	19822	B;cylN	1	\N	alive
2422436	P14	112	Rubiaceae	Alseis	blackiana	alsebl	\N	33	\N	0204	847	58.70000	93.10000	18.70000	13.10000	417253	517711	417243	1	\N	\N	286	6	389	4.50	2015-06-25	20264	B;cylN	1	\N	alive
110607	P14	112	Chrysobalanaceae	Hirtella	triandra	hirttr	\N	487	\N	0204	847	59.50000	90.40000	19.50000	10.40000	417254	517712	417244	1	\N	main	123	1	105	1.30	1996-11-13	13466	\N	1	\N	alive
2407458	P14	112	Chrysobalanaceae	Hirtella	triandra	hirttr	\N	487	\N	0204	847	59.50000	90.40000	19.50000	10.40000	417254	517712	417244	1	\N	main	204	2	125	1.30	2010-11-17	18583	\N	1	\N	alive
65255	P14	112	Chrysobalanaceae	Hirtella	triandra	hirttr	\N	487	\N	0204	847	59.50000	90.40000	19.50000	10.40000	417254	517712	417244	1	\N		256	3	125	1.30	2012-05-01	19114	\N	1	\N	alive
56863	P14	112	Chrysobalanaceae	Hirtella	triandra	hirttr	\N	487	\N	0204	847	59.50000	90.40000	19.50000	10.40000	417254	517712	417244	1	\N		268	4	128	1.30	2013-04-15	19463	\N	1	\N	alive
2413986	P14	112	Chrysobalanaceae	Hirtella	triandra	hirttr	\N	487	\N	0204	847	59.50000	90.40000	19.50000	10.40000	417254	517712	417244	1	\N	\N	278	5	128	1.30	2014-04-09	19822	\N	1	\N	alive
2422437	P14	112	Chrysobalanaceae	Hirtella	triandra	hirttr	\N	487	\N	0204	847	59.50000	90.40000	19.50000	10.40000	417254	517712	417244	1	\N	\N	286	6	128	1.30	2015-06-25	20264	\N	1	\N	alive
110699	P14	112	Fabaceae-caesalpinioideae	Tachigali	versicolor	tachve	\N	995	\N	0204	847	58.80000	80.90000	18.80000	0.90000	417255	517713	417245	1	\N	main	123	1	508	2.80	1996-11-13	13466	B	1	\N	alive
110791	P14	112	Fabaceae-caesalpinioideae	Tachigali	versicolor	tachve	\N	995	\N	0204	847	58.80000	80.90000	18.80000	0.90000	417255	517713	417245	1	\N	main	123	1	695	1.30	1997-01-02	13516	\N	0	\N	alive
2407459	P14	112	Fabaceae-caesalpinioideae	Tachigali	versicolor	tachve	\N	995	\N	0204	847	58.80000	80.90000	18.80000	0.90000	417255	517713	417245	1	\N	main	204	2	\N	\N	2010-11-17	18583	D;C	1	\N	dead
65377	P14	112	Fabaceae-caesalpinioideae	Tachigali	versicolor	tachve	\N	995	\N	0204	847	58.80000	80.90000	18.80000	0.90000	417255	517713	417245	1	\N		256	3	\N	0.00	2012-05-01	19114	D;N	1	\N	dead
110883	P14	112	Burseraceae	Protium	tenuifolium	protte		828	15	0300	901	62.10000	0.30000	2.10000	0.30000	417256	517714	417246	1	\N	main	123	1	300	1.30	1996-11-15	13468	\N	1	\N	alive
2410301	P14	112	Burseraceae	Protium	tenuifolium	protte		828	15	0300	901	62.10000	0.30000	2.10000	0.30000	417256	517714	417246	1	\N	main	204	2	332	1.30	2010-11-18	18584	B	0	\N	alive
2410302	P14	112	Burseraceae	Protium	tenuifolium	protte		828	15	0300	901	62.10000	0.30000	2.10000	0.30000	417256	517714	417246	1	\N	main	204	2	267	3.00	2010-11-18	18584	B;cylY	1	\N	alive
66710	P14	112	Burseraceae	Protium	tenuifolium	protte		828	15	0300	901	62.10000	0.30000	2.10000	0.30000	417256	517714	417246	1	\N		256	3	267	3.00	2012-05-02	19115	B;cylY	1	\N	alive
58863	P14	112	Burseraceae	Protium	tenuifolium	protte		828	15	0300	901	62.10000	0.30000	2.10000	0.30000	417256	517714	417246	1	\N		268	4	267	3.00	2013-04-12	19460	B;cylN	1	\N	alive
2413987	P14	112	Burseraceae	Protium	tenuifolium	protte		828	15	0300	901	62.10000	0.30000	2.10000	0.30000	417256	517714	417246	1	\N	\N	278	5	268	3.00	2014-04-08	19821	B;cylN	1	\N	alive
2422438	P14	112	Burseraceae	Protium	tenuifolium	protte		828	15	0300	901	62.10000	0.30000	2.10000	0.30000	417256	517714	417246	1	\N	\N	286	6	268	3.00	2015-06-24	20263	B;cylN	1	\N	alive
110975	P14	112	Rubiaceae	Posoqueria	latifolia	posola	\N	799	\N	0300	901	61.80000	5.20000	1.80000	5.20000	417257	517715	417247	1	\N	main	123	1	134	1.30	1996-11-15	13468	\N	1	\N	alive
2407609	P14	112	Rubiaceae	Posoqueria	latifolia	posola	\N	799	\N	0300	901	61.80000	5.20000	1.80000	5.20000	417257	517715	417247	1	\N	main	204	2	\N	\N	2010-11-16	18582	D;N	1	\N	dead
66831	P14	112	Rubiaceae	Posoqueria	latifolia	posola	\N	799	\N	0300	901	61.80000	5.20000	1.80000	5.20000	417257	517715	417247	1	\N		256	3	\N	0.00	2012-05-01	19114	D;N	1	\N	dead
111067	P14	112	Burseraceae	Protium	tenuifolium	protte		828	15	0300	901	63.30000	7.20000	3.30000	7.20000	417258	517716	417248	1	\N	main	123	1	119	1.30	1996-11-15	13468	\N	1	\N	alive
2407610	P14	112	Burseraceae	Protium	tenuifolium	protte		828	15	0300	901	63.30000	7.20000	3.30000	7.20000	417258	517716	417248	1	\N	main	204	2	181	1.30	2010-11-16	18582	\N	1	\N	alive
66952	P14	112	Burseraceae	Protium	tenuifolium	protte		828	15	0300	901	63.30000	7.20000	3.30000	7.20000	417258	517716	417248	1	\N		256	3	183	1.30	2012-05-01	19114	\N	1	\N	alive
58988	P14	112	Burseraceae	Protium	tenuifolium	protte		828	15	0300	901	63.30000	7.20000	3.30000	7.20000	417258	517716	417248	1	\N		268	4	187	1.30	2013-04-16	19464	\N	1	\N	alive
2413989	P14	112	Burseraceae	Protium	tenuifolium	protte		828	15	0300	901	63.30000	7.20000	3.30000	7.20000	417258	517716	417248	1	\N	\N	278	5	192	1.30	2014-04-08	19821	\N	1	\N	alive
2422440	P14	112	Burseraceae	Protium	tenuifolium	protte		828	15	0300	901	63.30000	7.20000	3.30000	7.20000	417258	517716	417248	1	\N	\N	286	6	192	1.30	2015-06-24	20263	\N	1	\N	alive
111159	P14	112	Arecaceae	Socratea	exorrhiza	socrex	\N	1163	\N	0300	901	62.00000	8.80000	2.00000	8.80000	417259	517717	417249	1	\N	main	123	1	139	1.30	1996-11-15	13468	\N	1	\N	alive
2410303	P14	112	Arecaceae	Socratea	exorrhiza	socrex	\N	1163	\N	0300	901	62.00000	8.80000	2.00000	8.80000	417259	517717	417249	1	\N	main	204	2	117	3.00	2010-11-18	18584	B;cylY	1	\N	alive
67073	P14	112	Arecaceae	Socratea	exorrhiza	socrex	\N	1163	\N	0300	901	62.00000	8.80000	2.00000	8.80000	417259	517717	417249	1	\N		256	3	117	3.00	2012-05-02	19115	B;cylY	1	\N	alive
59113	P14	112	Arecaceae	Socratea	exorrhiza	socrex	\N	1163	\N	0300	901	62.00000	8.80000	2.00000	8.80000	417259	517717	417249	1	\N		268	4	117	3.00	2013-04-12	19460	B;cylY	1	\N	alive
2413990	P14	112	Arecaceae	Socratea	exorrhiza	socrex	\N	1163	\N	0300	901	62.00000	8.80000	2.00000	8.80000	417259	517717	417249	1	\N	\N	278	5	117	3.00	2014-04-08	19821	B;cylY	1	\N	alive
2422441	P14	112	Arecaceae	Socratea	exorrhiza	socrex	\N	1163	\N	0300	901	62.00000	8.80000	2.00000	8.80000	417259	517717	417249	1	\N	\N	286	6	116	3.00	2015-06-24	20263	B;cylY	1	\N	alive
111251	P14	112	Boraginaceae	Cordia	alliodora	cordal	\N	262	\N	0300	901	62.80000	9.70000	2.80000	9.70000	417260	517718	417250	1	\N	main	123	1	259	1.30	1996-11-15	13468	\N	1	\N	alive
2410304	P14	112	Boraginaceae	Cordia	alliodora	cordal	\N	262	\N	0300	901	62.80000	9.70000	2.80000	9.70000	417260	517718	417250	1	\N	main	204	2	352	1.30	2010-11-18	18584	B	0	\N	alive
2410305	P14	112	Boraginaceae	Cordia	alliodora	cordal	\N	262	\N	0300	901	62.80000	9.70000	2.80000	9.70000	417260	517718	417250	1	\N	main	204	2	310	3.00	2010-11-18	18584	B;cylN	1	\N	alive
67194	P14	112	Boraginaceae	Cordia	alliodora	cordal	\N	262	\N	0300	901	62.80000	9.70000	2.80000	9.70000	417260	517718	417250	1	\N		256	3	325	3.00	2012-05-02	19115	B;cylN	1	\N	alive
59238	P14	112	Boraginaceae	Cordia	alliodora	cordal	\N	262	\N	0300	901	62.80000	9.70000	2.80000	9.70000	417260	517718	417250	1	\N		268	4	340	3.00	2013-04-12	19460	B;cylN	1	\N	alive
2413991	P14	112	Boraginaceae	Cordia	alliodora	cordal	\N	262	\N	0300	901	62.80000	9.70000	2.80000	9.70000	417260	517718	417250	1	\N	\N	278	5	348	3.00	2014-04-08	19821	B;cylN	1	\N	alive
2422442	P14	112	Boraginaceae	Cordia	alliodora	cordal	\N	262	\N	0300	901	62.80000	9.70000	2.80000	9.70000	417260	517718	417250	1	\N	\N	286	6	357	3.00	2015-06-24	20263	B;cylN	1	\N	alive
111343	P14	112	Burseraceae	Protium	tenuifolium	protte		828	15	0300	901	60.20000	10.30000	0.20000	10.30000	417261	517719	417251	1	\N	main	123	1	110	1.30	1996-11-15	13468	\N	1	\N	alive
2407611	P14	112	Burseraceae	Protium	tenuifolium	protte		828	15	0300	901	60.20000	10.30000	0.20000	10.30000	417261	517719	417251	1	\N	main	204	2	158	1.30	2010-11-16	18582	\N	1	\N	alive
67315	P14	112	Burseraceae	Protium	tenuifolium	protte		828	15	0300	901	60.20000	10.30000	0.20000	10.30000	417261	517719	417251	1	\N		256	3	165	1.30	2012-05-01	19114	\N	1	\N	alive
59363	P14	112	Burseraceae	Protium	tenuifolium	protte		828	15	0300	901	60.20000	10.30000	0.20000	10.30000	417261	517719	417251	1	\N		268	4	171	1.30	2013-04-16	19464	\N	1	\N	alive
2413992	P14	112	Burseraceae	Protium	tenuifolium	protte		828	15	0300	901	60.20000	10.30000	0.20000	10.30000	417261	517719	417251	1	\N	\N	278	5	178	1.30	2014-04-08	19821	\N	1	\N	alive
2422443	P14	112	Burseraceae	Protium	tenuifolium	protte		828	15	0300	901	60.20000	10.30000	0.20000	10.30000	417261	517719	417251	1	\N	\N	286	6	185	1.30	2015-06-24	20263	\N	1	\N	alive
111435	P14	112	Urticaceae	Cecropia	insignis	cecrin	\N	177	\N	0300	901	66.00000	9.00000	6.00000	9.00000	417262	517720	417252	1	\N	main	123	1	140	1.30	1996-11-15	13468	M	1	\N	alive
2407612	P14	112	Urticaceae	Cecropia	insignis	cecrin	\N	177	\N	0300	901	66.00000	9.00000	6.00000	9.00000	417262	517720	417252	1	\N	main	204	2	\N	\N	2010-11-16	18582	D;N	1	\N	dead
67435	P14	112	Urticaceae	Cecropia	insignis	cecrin	\N	177	\N	0300	901	66.00000	9.00000	6.00000	9.00000	417262	517720	417252	1	\N		256	3	\N	0.00	2012-05-01	19114	D;N	1	\N	dead
111619	P14	112	Euphorbiaceae	Croton	billbergianus	crotbi	\N	289	\N	0300	901	66.20000	3.50000	6.20000	3.50000	417263	517721	417253	1	\N	main	123	1	161	1.30	1996-11-15	13468	\N	1	\N	alive
2407613	P14	112	Euphorbiaceae	Croton	billbergianus	crotbi	\N	289	\N	0300	901	66.20000	3.50000	6.20000	3.50000	417263	517721	417253	1	\N	main	204	2	\N	\N	2010-11-16	18582	D;N	1	\N	dead
67556	P14	112	Euphorbiaceae	Croton	billbergianus	crotbi	\N	289	\N	0300	901	66.20000	3.50000	6.20000	3.50000	417263	517721	417253	1	\N		256	3	\N	0.00	2012-05-01	19114	D;N	1	\N	dead
111711	P14	112	Annonaceae	Guatteria	dumetorum	guatdu	\N	445	\N	0300	901	68.90000	1.30000	8.90000	1.30000	417264	517722	417254	1	\N	main	123	1	350	1.30	1996-11-15	13468	\N	1	\N	alive
2407614	P14	112	Annonaceae	Guatteria	dumetorum	guatdu	\N	445	\N	0300	901	68.90000	1.30000	8.90000	1.30000	417264	517722	417254	1	\N	main	204	2	\N	\N	2010-11-16	18582	D;N	1	\N	dead
67677	P14	112	Annonaceae	Guatteria	dumetorum	guatdu	\N	445	\N	0300	901	68.90000	1.30000	8.90000	1.30000	417264	517722	417254	1	\N		256	3	\N	0.00	2012-05-01	19114	D;N	1	\N	dead
111803	P14	112	Arecaceae	Oenocarpus	mapora	oenoma	\N	1145	\N	0300	901	70.60000	3.50000	10.60000	3.50000	417265	517723	417255	1	\N	main	123	1	144	1.30	1996-11-15	13468	M	1	\N	alive
112171	P14	112	Boraginaceae	Cordia	bicolor	cordbi	\N	263	\N	0300	901	61.90000	15.90000	1.90000	15.90000	417266	517724	417256	1	\N	main	123	1	159	1.30	1996-11-15	13468	\N	1	\N	alive
2407616	P14	112	Boraginaceae	Cordia	bicolor	cordbi	\N	263	\N	0300	901	61.90000	15.90000	1.90000	15.90000	417266	517724	417256	1	\N	main	204	2	182	1.30	2010-11-16	18582	Q	1	\N	alive
67919	P14	112	Boraginaceae	Cordia	bicolor	cordbi	\N	263	\N	0300	901	61.90000	15.90000	1.90000	15.90000	417266	517724	417256	1	\N		256	3	186	1.30	2012-05-01	19114	\N	1	\N	alive
59488	P14	112	Boraginaceae	Cordia	bicolor	cordbi	\N	263	\N	0300	901	61.90000	15.90000	1.90000	15.90000	417266	517724	417256	1	\N		268	4	191	1.30	2013-04-16	19464	\N	1	\N	alive
2413994	P14	112	Boraginaceae	Cordia	bicolor	cordbi	\N	263	\N	0300	901	61.90000	15.90000	1.90000	15.90000	417266	517724	417256	1	\N	\N	278	5	196	1.30	2014-04-08	19821	\N	1	\N	alive
2422445	P14	112	Boraginaceae	Cordia	bicolor	cordbi	\N	263	\N	0300	901	61.90000	15.90000	1.90000	15.90000	417266	517724	417256	1	\N	\N	286	6	200	1.30	2015-06-24	20263	\N	1	\N	alive
112263	P14	112	Lauraceae	Ocotea	oblonga	ocotob	\N	708	\N	0300	901	68.50000	14.20000	8.50000	14.20000	417267	517725	417257	1	\N	main	123	1	166	1.30	1996-11-15	13468	\N	1	\N	alive
2410306	P14	112	Lauraceae	Ocotea	oblonga	ocotob	\N	708	\N	0300	901	68.50000	14.20000	8.50000	14.20000	417267	517725	417257	1	\N	main	204	2	445	1.30	2010-11-18	18584	B	0	\N	alive
2410307	P14	112	Lauraceae	Ocotea	oblonga	ocotob	\N	708	\N	0300	901	68.50000	14.20000	8.50000	14.20000	417267	517725	417257	1	\N	main	204	2	380	3.00	2010-11-18	18584	B;cylY	1	\N	alive
68040	P14	112	Lauraceae	Ocotea	oblonga	ocotob	\N	708	\N	0300	901	68.50000	14.20000	8.50000	14.20000	417267	517725	417257	1	\N		256	3	409	3.00	2012-05-02	19115	B;cylY	1	\N	alive
59613	P14	112	Lauraceae	Ocotea	oblonga	ocotob	\N	708	\N	0300	901	68.50000	14.20000	8.50000	14.20000	417267	517725	417257	1	\N		268	4	420	3.00	2013-04-12	19460	B;cylY	1	\N	alive
2413999	P14	112	Lauraceae	Ocotea	oblonga	ocotob	\N	708	\N	0300	901	68.50000	14.20000	8.50000	14.20000	417267	517725	417257	1	\N	\N	278	5	429	3.00	2014-04-08	19821	B;cylY	1	\N	alive
2422447	P14	112	Lauraceae	Ocotea	oblonga	ocotob	\N	708	\N	0300	901	68.50000	14.20000	8.50000	14.20000	417267	517725	417257	1	\N	\N	286	6	439	3.00	2015-06-24	20263	B;cylY	1	\N	alive
112355	P14	112	Boraginaceae	Cordia	alliodora	cordal	\N	262	\N	0300	901	67.70000	15.40000	7.70000	15.40000	417268	517726	417258	1	\N	main	123	1	131	1.30	1996-11-15	13468	M	1	\N	alive
2407617	P14	112	Boraginaceae	Cordia	alliodora	cordal	\N	262	\N	0300	901	67.70000	15.40000	7.70000	15.40000	417268	517726	417258	1	\N	main	204	2	\N	\N	2010-11-16	18582	D;N	1	\N	dead
68161	P14	112	Boraginaceae	Cordia	alliodora	cordal	\N	262	\N	0300	901	67.70000	15.40000	7.70000	15.40000	417268	517726	417258	1	\N		256	3	\N	0.00	2012-05-01	19114	D;N	1	\N	dead
112537	P14	112	Urticaceae	Cecropia	insignis	cecrin	\N	177	\N	0300	901	67.30000	18.30000	7.30000	18.30000	417269	517727	417259	1	\N	main	123	1	267	3.50	1996-11-15	13468	B	1	\N	alive
112628	P14	112	Urticaceae	Cecropia	insignis	cecrin	\N	177	\N	0300	901	67.30000	18.30000	7.30000	18.30000	417269	517727	417259	1	\N	main	123	1	430	1.30	1997-01-02	13516	\N	0	\N	alive
2410308	P14	112	Urticaceae	Cecropia	insignis	cecrin	\N	177	\N	0300	901	67.30000	18.30000	7.30000	18.30000	417269	517727	417259	1	\N	main	204	2	342	3.50	2010-11-18	18584	B	1	\N	alive
68282	P14	112	Urticaceae	Cecropia	insignis	cecrin	\N	177	\N	0300	901	67.30000	18.30000	7.30000	18.30000	417269	517727	417259	1	\N		256	3	342	3.50	2012-05-02	19115	B;cylY	1	\N	alive
59738	P14	112	Urticaceae	Cecropia	insignis	cecrin	\N	177	\N	0300	901	67.30000	18.30000	7.30000	18.30000	417269	517727	417259	1	\N		268	4	\N	3.50	2013-04-12	19460	D;S	1	\N	dead
2414001	P14	112	Urticaceae	Cecropia	insignis	cecrin	\N	177	\N	0300	901	67.30000	18.30000	7.30000	18.30000	417269	517727	417259	1	\N	\N	278	5	\N	1.30	2014-04-08	19821	N;D	1	\N	dead
112719	P14	112	Melastomataceae	Miconia	argentea	micoar	\N	630	\N	0300	901	72.40000	18.80000	12.40000	18.80000	417270	517728	417260	1	\N	main	123	1	141	1.30	1996-11-15	13468	\N	1	\N	alive
2407618	P14	112	Melastomataceae	Miconia	argentea	micoar	\N	630	\N	0300	901	72.40000	18.80000	12.40000	18.80000	417270	517728	417260	1	\N	main	204	2	\N	\N	2010-11-16	18582	D;N	1	\N	dead
68403	P14	112	Melastomataceae	Miconia	argentea	micoar	\N	630	\N	0300	901	72.40000	18.80000	12.40000	18.80000	417270	517728	417260	1	\N		256	3	\N	0.00	2012-05-01	19114	D;N	1	\N	dead
112810	P14	112	Burseraceae	Protium	panamense	protpa	\N	827	\N	0300	901	76.20000	19.00000	16.20000	19.00000	417271	517729	417261	1	\N	main	123	1	132	1.30	1996-11-15	13468	\N	1	\N	alive
2407619	P14	112	Burseraceae	Protium	panamense	protpa	\N	827	\N	0300	901	76.20000	19.00000	16.20000	19.00000	417271	517729	417261	1	\N	main	204	2	\N	\N	2010-11-16	18582	D;N	1	\N	dead
68524	P14	112	Burseraceae	Protium	panamense	protpa	\N	827	\N	0300	901	76.20000	19.00000	16.20000	19.00000	417271	517729	417261	1	\N		256	3	\N	0.00	2012-05-01	19114	D;N	1	\N	dead
112900	P14	112	Myristicaceae	Virola	sebifera	virose	\N	1072	\N	0300	901	76.50000	11.50000	16.50000	11.50000	417272	517730	417262	1	\N	main	123	1	155	1.30	1996-11-15	13468	\N	1	\N	alive
2407620	P14	112	Myristicaceae	Virola	sebifera	virose	\N	1072	\N	0300	901	76.50000	11.50000	16.50000	11.50000	417272	517730	417262	1	\N	main	204	2	183	1.30	2010-11-16	18582	Q	1	\N	alive
68645	P14	112	Myristicaceae	Virola	sebifera	virose	\N	1072	\N	0300	901	76.50000	11.50000	16.50000	11.50000	417272	517730	417262	1	\N		256	3	\N	0.00	2012-05-01	19114	D;S	1	\N	dead
59863	P14	112	Myristicaceae	Virola	sebifera	virose	\N	1072	\N	0300	901	76.50000	11.50000	16.50000	11.50000	417272	517730	417262	1	\N		268	4	\N	0.00	2013-04-16	19464	D	1	\N	dead
112990	P14	112	Lauraceae	Cinnamomum	triplinerve	phoeci	\N	208	\N	0300	901	76.90000	10.90000	16.90000	10.90000	417273	517731	417263	1	\N	main	123	1	317	1.30	1996-11-15	13468	\N	1	\N	alive
2407621	P14	112	Lauraceae	Cinnamomum	triplinerve	phoeci	\N	208	\N	0300	901	76.90000	10.90000	16.90000	10.90000	417273	517731	417263	1	\N	main	204	2	351	1.30	2010-11-16	18582	\N	1	\N	alive
68766	P14	112	Lauraceae	Cinnamomum	triplinerve	phoeci	\N	208	\N	0300	901	76.90000	10.90000	16.90000	10.90000	417273	517731	417263	1	\N		256	3	363	1.30	2012-05-01	19114	\N	1	\N	alive
59987	P14	112	Lauraceae	Cinnamomum	triplinerve	phoeci	\N	208	\N	0300	901	76.90000	10.90000	16.90000	10.90000	417273	517731	417263	1	\N		268	4	368	1.30	2013-04-16	19464	\N	1	\N	alive
2414009	P14	112	Lauraceae	Cinnamomum	triplinerve	phoeci	\N	208	\N	0300	901	76.90000	10.90000	16.90000	10.90000	417273	517731	417263	1	\N	\N	278	5	378	1.30	2014-04-08	19821	\N	1	\N	alive
2422452	P14	112	Lauraceae	Cinnamomum	triplinerve	phoeci	\N	208	\N	0300	901	76.90000	10.90000	16.90000	10.90000	417273	517731	417263	1	\N	\N	286	6	382	1.30	2015-06-24	20263	\N	1	\N	alive
113080	P14	112	Bignoniaceae	Jacaranda	copaia	jac1co	\N	540	\N	0300	901	79.10000	12.40000	19.10000	12.40000	417274	517732	417264	1	\N	main	123	1	\N	\N	1996-11-15	13468	B	1	\N	alive
2410309	P14	112	Bignoniaceae	Jacaranda	copaia	jac1co	\N	540	\N	0300	901	79.10000	12.40000	19.10000	12.40000	417274	517732	417264	1	\N	main	204	2	727	3.00	2010-11-18	18584	B	1	\N	alive
68887	P14	112	Bignoniaceae	Jacaranda	copaia	jac1co	\N	540	\N	0300	901	79.10000	12.40000	19.10000	12.40000	417274	517732	417264	1	\N		256	3	730	3.00	2012-05-02	19115	B;cylY	1	\N	alive
60111	P14	112	Bignoniaceae	Jacaranda	copaia	jac1co	\N	540	\N	0300	901	79.10000	12.40000	19.10000	12.40000	417274	517732	417264	1	\N		268	4	736	3.00	2013-04-12	19460	B;cylY	1	\N	alive
2414010	P14	112	Bignoniaceae	Jacaranda	copaia	jac1co	\N	540	\N	0300	901	79.10000	12.40000	19.10000	12.40000	417274	517732	417264	1	\N	\N	278	5	739	3.00	2014-04-08	19821	B;cylY	1	\N	alive
2422453	P14	112	Bignoniaceae	Jacaranda	copaia	jac1co	\N	540	\N	0300	901	79.10000	12.40000	19.10000	12.40000	417274	517732	417264	1	\N	\N	286	6	746	3.00	2015-06-24	20263	B;cylY	1	\N	alive
113170	P14	112	Fabaceae-mimosoideae	Inga	thibaudiana	ingath	\N	1133	\N	0300	901	72.80000	9.30000	12.80000	9.30000	417275	517733	417265	1	\N	main	123	1	197	1.30	1996-11-15	13468	\N	1	\N	alive
113260	P14	112	Lauraceae	Nectandra	purpurea	nectpu	\N	690	\N	0300	901	75.30000	7.50000	15.30000	7.50000	417276	517734	417266	1	\N	main	123	1	81	1.30	1996-11-15	13468	M	1	\N	alive
113440	P14	112	Myristicaceae	Virola	sebifera	virose	\N	1072	\N	0300	901	79.20000	4.10000	19.20000	4.10000	417277	517735	417267	1	\N	main	123	1	249	1.30	1996-11-15	13468	\N	1	\N	alive
2407624	P14	112	Myristicaceae	Virola	sebifera	virose	\N	1072	\N	0300	901	79.20000	4.10000	19.20000	4.10000	417277	517735	417267	1	\N	main	204	2	\N	\N	2010-11-16	18582	D;C	1	\N	dead
69734	P14	112	Myristicaceae	Virola	sebifera	virose	\N	1072	\N	0300	901	79.20000	4.10000	19.20000	4.10000	417277	517735	417267	1	\N		256	3	\N	0.00	2012-05-01	19114	D;N	1	\N	dead
113530	P14	112	Fabaceae-mimosoideae	Inga	cocleensis	ingaco	\N	529	\N	0300	901	74.10000	0.60000	14.10000	0.60000	417278	517736	417268	1	\N	main	123	1	131	1.30	1996-11-15	13468	\N	1	\N	alive
2407625	P14	112	Fabaceae-mimosoideae	Inga	cocleensis	ingaco	\N	529	\N	0300	901	74.10000	0.60000	14.10000	0.60000	417278	517736	417268	1	\N	main	204	2	\N	\N	2010-11-16	18582	D;C	1	\N	dead
69855	P14	112	Fabaceae-mimosoideae	Inga	cocleensis	ingaco	\N	529	\N	0300	901	74.10000	0.60000	14.10000	0.60000	417278	517736	417268	1	\N		256	3	\N	0.00	2012-05-01	19114	D;N	1	\N	dead
113620	P14	112	Burseraceae	Protium	panamense	protpa	\N	827	\N	0301	955	66.90000	20.80000	6.90000	0.80000	417279	517737	417269	1	\N	main	123	1	128	1.30	1996-11-15	13468	\N	1	\N	alive
2407763	P14	112	Burseraceae	Protium	panamense	protpa	\N	827	\N	0301	955	66.90000	20.80000	6.90000	0.80000	417279	517737	417269	1	\N	main	204	2	\N	\N	2010-11-16	18582	D;N	1	\N	dead
70218	P14	112	Burseraceae	Protium	panamense	protpa	\N	827	\N	0301	955	66.90000	20.80000	6.90000	0.80000	417279	517737	417269	1	\N		256	3	\N	0.00	2012-05-01	19114	D;N	1	\N	dead
113710	P14	112	Arecaceae	Oenocarpus	mapora	oenoma	\N	1145	\N	0301	955	66.60000	22.20000	6.60000	2.20000	417280	517738	417270	1	\N	main	123	1	116	1.30	1996-11-15	13468	M	1	\N	alive
114520	P14	112	Moraceae	Maquira	guianensis	maquco	\N	1137	\N	0301	955	63.50000	23.80000	3.50000	3.80000	417281	517739	417271	1	\N	main	123	1	145	1.30	1996-11-15	13468	\N	1	\N	alive
2407773	P14	112	Moraceae	Maquira	guianensis	maquco	\N	1137	\N	0301	955	63.50000	23.80000	3.50000	3.80000	417281	517739	417271	1	\N	main	204	2	\N	\N	2010-11-16	18582	D;N	1	\N	dead
71902	P14	112	Moraceae	Maquira	guianensis	maquco	\N	1137	\N	0301	955	63.50000	23.80000	3.50000	3.80000	417281	517739	417271	1	\N		256	3	\N	0.00	2012-05-01	19114	D;N	1	\N	dead
114610	P14	112	Malvaceae	Sterculia	apetala	sterap	\N	973	\N	0301	955	70.20000	25.80000	10.20000	5.80000	417282	517740	417272	1	\N	main	123	1	157	1.30	1996-11-15	13468	\N	1	\N	alive
2407774	P14	112	Malvaceae	Sterculia	apetala	sterap	\N	973	\N	0301	955	70.20000	25.80000	10.20000	5.80000	417282	517740	417272	1	\N	main	204	2	219	1.30	2010-11-16	18582	\N	1	\N	alive
72021	P14	112	Malvaceae	Sterculia	apetala	sterap	\N	973	\N	0301	955	70.20000	25.80000	10.20000	5.80000	417282	517740	417272	1	\N		256	3	221	1.30	2012-05-01	19114	\N	1	\N	alive
63070	P14	112	Malvaceae	Sterculia	apetala	sterap	\N	973	\N	0301	955	70.20000	25.80000	10.20000	5.80000	417282	517740	417272	1	\N		268	4	226	1.30	2013-04-16	19464	\N	1	\N	alive
2414048	P14	112	Malvaceae	Sterculia	apetala	sterap	\N	973	\N	0301	955	70.20000	25.80000	10.20000	5.80000	417282	517740	417272	1	\N	\N	278	5	227	1.30	2014-04-08	19821	\N	1	\N	alive
2422472	P14	112	Malvaceae	Sterculia	apetala	sterap	\N	973	\N	0301	955	70.20000	25.80000	10.20000	5.80000	417282	517740	417272	1	\N	\N	286	6	227	1.30	2015-06-24	20263	\N	1	\N	alive
114700	P14	112	Arecaceae	Oenocarpus	mapora	oenoma	\N	1145	\N	0301	955	68.00000	30.50000	8.00000	10.50000	417283	517741	417273	1	\N	main	123	1	110	1.30	1996-11-15	13468	M	1	\N	alive
115328	P14	112	Arecaceae	Astrocaryum	standleyanum	ast1st	\N	83	\N	0301	955	66.10000	35.20000	6.10000	15.20000	417284	517742	417274	1	\N	main	123	1	134	1.30	1996-11-15	13468	\N	1	\N	alive
2407782	P14	112	Arecaceae	Astrocaryum	standleyanum	ast1st	\N	83	\N	0301	955	66.10000	35.20000	6.10000	15.20000	417284	517742	417274	1	\N	main	204	2	133	1.30	2010-11-16	18582	\N	1	\N	alive
73211	P14	112	Arecaceae	Astrocaryum	standleyanum	ast1st	\N	83	\N	0301	955	66.10000	35.20000	6.10000	15.20000	417284	517742	417274	1	\N		256	3	133	1.30	2012-05-01	19114	\N	1	\N	alive
64291	P14	112	Arecaceae	Astrocaryum	standleyanum	ast1st	\N	83	\N	0301	955	66.10000	35.20000	6.10000	15.20000	417284	517742	417274	1	\N		268	4	133	1.30	2013-04-16	19464	\N	1	\N	alive
2414042	P14	112	Arecaceae	Astrocaryum	standleyanum	ast1st	\N	83	\N	0301	955	66.10000	35.20000	6.10000	15.20000	417284	517742	417274	1	\N	\N	278	5	133	1.30	2014-04-08	19821	\N	1	\N	alive
2422466	P14	112	Arecaceae	Astrocaryum	standleyanum	ast1st	\N	83	\N	0301	955	66.10000	35.20000	6.10000	15.20000	417284	517742	417274	1	\N	\N	286	6	133	1.30	2015-06-24	20263	\N	1	\N	alive
115417	P14	112	Myristicaceae	Virola	sebifera	virose	\N	1072	\N	0301	955	67.50000	36.40000	7.50000	16.40000	417285	517743	417275	1	\N	main	123	1	224	3.30	1996-11-15	13468	B	1	\N	alive
115506	P14	112	Myristicaceae	Virola	sebifera	virose	\N	1072	\N	0301	955	67.50000	36.40000	7.50000	16.40000	417285	517743	417275	1	\N	main	123	1	327	1.30	1997-01-02	13516	\N	0	\N	alive
2407783	P14	112	Myristicaceae	Virola	sebifera	virose	\N	1072	\N	0301	955	67.50000	36.40000	7.50000	16.40000	417285	517743	417275	1	\N	main	204	2	\N	\N	2010-11-16	18582	D;N	1	\N	dead
73330	P14	112	Myristicaceae	Virola	sebifera	virose	\N	1072	\N	0301	955	67.50000	36.40000	7.50000	16.40000	417285	517743	417275	1	\N		256	3	\N	0.00	2012-05-01	19114	D;N	1	\N	dead
115595	P14	112	Euphorbiaceae	Croton	billbergianus	crotbi	\N	289	\N	0301	955	63.40000	39.60000	3.40000	19.60000	417286	517744	417276	1	\N	main	123	1	157	1.30	1996-11-15	13468	\N	1	\N	alive
2407784	P14	112	Euphorbiaceae	Croton	billbergianus	crotbi	\N	289	\N	0301	955	63.40000	39.60000	3.40000	19.60000	417286	517744	417276	1	\N	main	204	2	\N	\N	2010-11-16	18582	D;N	1	\N	dead
73449	P14	112	Euphorbiaceae	Croton	billbergianus	crotbi	\N	289	\N	0301	955	63.40000	39.60000	3.40000	19.60000	417286	517744	417276	1	\N		256	3	\N	0.00	2012-05-01	19114	D;N	1	\N	dead
115684	P14	112	Apocynaceae	Tabernaemontana	arborea	tab2ar	\N	990	\N	0301	955	77.40000	37.40000	17.40000	17.40000	417287	517745	417277	1	\N	main	123	1	452	3.30	1996-11-15	13468	B	1	\N	alive
115773	P14	112	Apocynaceae	Tabernaemontana	arborea	tab2ar	\N	990	\N	0301	955	77.40000	37.40000	17.40000	17.40000	417287	517745	417277	1	\N	main	123	1	505	1.30	1997-01-02	13516	\N	0	\N	alive
2410310	P14	112	Apocynaceae	Tabernaemontana	arborea	tab2ar	\N	990	\N	0301	955	77.40000	37.40000	17.40000	17.40000	417287	517745	417277	1	\N	main	204	2	529	2.30	2010-11-18	18584	B	1	\N	alive
73568	P14	112	Apocynaceae	Tabernaemontana	arborea	tab2ar	\N	990	\N	0301	955	77.40000	37.40000	17.40000	17.40000	417287	517745	417277	1	\N		256	3	532	2.30	2012-05-02	19115	B;cylN	1	\N	alive
64413	P14	112	Apocynaceae	Tabernaemontana	arborea	tab2ar	\N	990	\N	0301	955	77.40000	37.40000	17.40000	17.40000	417287	517745	417277	1	\N		268	4	535	2.30	2013-04-12	19460	B;cylN	1	\N	alive
2414068	P14	112	Apocynaceae	Tabernaemontana	arborea	tab2ar	\N	990	\N	0301	955	77.40000	37.40000	17.40000	17.40000	417287	517745	417277	1	\N	\N	278	5	540	2.30	2014-04-08	19821	B;cylN	1	\N	alive
2422485	P14	112	Apocynaceae	Tabernaemontana	arborea	tab2ar	\N	990	\N	0301	955	77.40000	37.40000	17.40000	17.40000	417287	517745	417277	1	\N	\N	286	6	542	2.30	2015-06-24	20263	B;cylN	1	\N	alive
115862	P14	112	Fabaceae-papilionoideae	Andira	inermis	andiin	\N	46	\N	0301	955	79.70000	36.80000	19.70000	16.80000	417288	517746	417278	1	\N	main	123	1	144	1.30	1996-11-15	13468	\N	1	\N	alive
2407785	P14	112	Fabaceae-papilionoideae	Andira	inermis	andiin	\N	46	\N	0301	955	79.70000	36.80000	19.70000	16.80000	417288	517746	417278	1	\N	main	204	2	145	1.30	2010-11-16	18582	\N	1	\N	alive
73687	P14	112	Fabaceae-papilionoideae	Andira	inermis	andiin	\N	46	\N	0301	955	79.70000	36.80000	19.70000	16.80000	417288	517746	417278	1	\N		256	3	145	1.30	2012-05-01	19114	\N	1	\N	alive
64535	P14	112	Fabaceae-papilionoideae	Andira	inermis	andiin	\N	46	\N	0301	955	79.70000	36.80000	19.70000	16.80000	417288	517746	417278	1	\N		268	4	145	1.30	2013-04-16	19464	\N	1	\N	alive
2414069	P14	112	Fabaceae-papilionoideae	Andira	inermis	andiin	\N	46	\N	0301	955	79.70000	36.80000	19.70000	16.80000	417288	517746	417278	1	\N	\N	278	5	145	1.30	2014-04-08	19821	\N	1	\N	alive
2422486	P14	112	Fabaceae-papilionoideae	Andira	inermis	andiin	\N	46	\N	0301	955	79.70000	36.80000	19.70000	16.80000	417288	517746	417278	1	\N	\N	286	6	\N	1.30	2015-06-24	20263	P	1	\N	alive
115951	P14	112	Arecaceae	Oenocarpus	mapora	oenoma	\N	1145	\N	0301	955	79.10000	33.40000	19.10000	13.40000	417289	517747	417279	1	\N	main	123	1	111	1.30	1996-11-15	13468	M	1	\N	alive
116392	P14	112	Bignoniaceae	Jacaranda	copaia	jac1co	\N	540	\N	0301	955	74.70000	26.60000	14.70000	6.60000	417290	517748	417280	1	\N	main	123	1	130	1.30	1996-11-15	13468	\N	1	\N	alive
2407791	P14	112	Bignoniaceae	Jacaranda	copaia	jac1co	\N	540	\N	0301	955	74.70000	26.60000	14.70000	6.60000	417290	517748	417280	1	\N	main	204	2	\N	\N	2010-11-16	18582	D;N	1	\N	dead
74394	P14	112	Bignoniaceae	Jacaranda	copaia	jac1co	\N	540	\N	0301	955	74.70000	26.60000	14.70000	6.60000	417290	517748	417280	1	\N		256	3	\N	0.00	2012-05-01	19114	D;N	1	\N	dead
116480	P14	112	Burseraceae	Protium	tenuifolium	protte		828	15	0301	955	77.60000	24.70000	17.60000	4.70000	417291	517749	417281	1	\N	main	123	1	126	1.30	1996-11-15	13468	\N	1	\N	alive
2407792	P14	112	Burseraceae	Protium	tenuifolium	protte		828	15	0301	955	77.60000	24.70000	17.60000	4.70000	417291	517749	417281	1	\N	main	204	2	204	1.30	2010-11-16	18582	\N	1	\N	alive
74511	P14	112	Burseraceae	Protium	tenuifolium	protte		828	15	0301	955	77.60000	24.70000	17.60000	4.70000	417291	517749	417281	1	\N		256	3	209	1.30	2012-05-01	19114	\N	1	\N	alive
65267	P14	112	Burseraceae	Protium	tenuifolium	protte		828	15	0301	955	77.60000	24.70000	17.60000	4.70000	417291	517749	417281	1	\N		268	4	210	1.30	2013-04-16	19464	\N	1	\N	alive
2414053	P14	112	Burseraceae	Protium	tenuifolium	protte		828	15	0301	955	77.60000	24.70000	17.60000	4.70000	417291	517749	417281	1	\N	\N	278	5	212	1.30	2014-04-08	19821	\N	1	\N	alive
2422477	P14	112	Burseraceae	Protium	tenuifolium	protte		828	15	0301	955	77.60000	24.70000	17.60000	4.70000	417291	517749	417281	1	\N	\N	286	6	216	1.30	2015-06-24	20263	\N	1	\N	alive
116568	P14	112	Arecaceae	Oenocarpus	mapora	oenoma	\N	1145	\N	0301	955	75.60000	24.00000	15.60000	4.00000	417292	517750	417282	1	\N	main	123	1	112	1.30	1996-11-15	13468	M	1	\N	alive
117183	P14	112	Arecaceae	Socratea	exorrhiza	socrex	\N	1163	\N	0301	955	79.50000	23.30000	19.50000	3.30000	417293	517751	417283	1	\N	main	123	1	120	2.10	1996-11-15	13468	\N	1	\N	alive
2407796	P14	112	Arecaceae	Socratea	exorrhiza	socrex	\N	1163	\N	0301	955	79.50000	23.30000	19.50000	3.30000	417293	517751	417283	1	\N	main	204	2	120	2.10	2010-11-16	18582	\N	1	\N	alive
75330	P14	112	Arecaceae	Socratea	exorrhiza	socrex	\N	1163	\N	0301	955	79.50000	23.30000	19.50000	3.30000	417293	517751	417283	1	\N		256	3	\N	0.00	2012-05-01	19114	D;S	1	\N	dead
66117	P14	112	Arecaceae	Socratea	exorrhiza	socrex	\N	1163	\N	0301	955	79.50000	23.30000	19.50000	3.30000	417293	517751	417283	1	\N		268	4	\N	0.00	2013-04-16	19464	D	1	\N	dead
117270	P14	112	Rubiaceae	Alseis	blackiana	alsebl	\N	33	\N	0301	955	77.20000	21.60000	17.20000	1.60000	417294	517752	417284	1	\N	main	123	1	132	1.30	1996-11-15	13468	\N	1	\N	alive
2407797	P14	112	Rubiaceae	Alseis	blackiana	alsebl	\N	33	\N	0301	955	77.20000	21.60000	17.20000	1.60000	417294	517752	417284	1	\N	main	204	2	165	1.30	2010-11-16	18582	\N	1	\N	alive
75447	P14	112	Rubiaceae	Alseis	blackiana	alsebl	\N	33	\N	0301	955	77.20000	21.60000	17.20000	1.60000	417294	517752	417284	1	\N		256	3	165	1.30	2012-05-01	19114	\N	1	\N	alive
66238	P14	112	Rubiaceae	Alseis	blackiana	alsebl	\N	33	\N	0301	955	77.20000	21.60000	17.20000	1.60000	417294	517752	417284	1	\N		268	4	166	1.30	2013-04-16	19464	\N	1	\N	alive
2414060	P14	112	Rubiaceae	Alseis	blackiana	alsebl	\N	33	\N	0301	955	77.20000	21.60000	17.20000	1.60000	417294	517752	417284	1	\N	\N	278	5	169	1.30	2014-04-08	19821	\N	1	\N	alive
2422480	P14	112	Rubiaceae	Alseis	blackiana	alsebl	\N	33	\N	0301	955	77.20000	21.60000	17.20000	1.60000	417294	517752	417284	1	\N	\N	286	6	172	1.30	2015-06-24	20263	\N	1	\N	alive
117357	P14	112	Erythropalaceae	Heisteria	concinna	heisco	\N	469	\N	0301	955	71.40000	23.50000	11.40000	3.50000	417295	517753	417285	1	\N	main	123	1	169	1.30	1996-11-15	13468	\N	1	\N	alive
2407798	P14	112	Erythropalaceae	Heisteria	concinna	heisco	\N	469	\N	0301	955	71.40000	23.50000	11.40000	3.50000	417295	517753	417285	1	\N	main	204	2	175	1.30	2010-11-16	18582	\N	1	\N	alive
75564	P14	112	Erythropalaceae	Heisteria	concinna	heisco	\N	469	\N	0301	955	71.40000	23.50000	11.40000	3.50000	417295	517753	417285	1	\N		256	3	175	1.30	2012-05-01	19114	\N	1	\N	alive
66359	P14	112	Erythropalaceae	Heisteria	concinna	heisco	\N	469	\N	0301	955	71.40000	23.50000	11.40000	3.50000	417295	517753	417285	1	\N		268	4	175	1.30	2013-04-16	19464	\N	1	\N	alive
2414043	P14	112	Erythropalaceae	Heisteria	concinna	heisco	\N	469	\N	0301	955	71.40000	23.50000	11.40000	3.50000	417295	517753	417285	1	\N	\N	278	5	178	1.30	2014-04-08	19821	\N	1	\N	alive
2422467	P14	112	Erythropalaceae	Heisteria	concinna	heisco	\N	469	\N	0301	955	71.40000	23.50000	11.40000	3.50000	417295	517753	417285	1	\N	\N	286	6	177	1.30	2015-06-24	20263	\N	1	\N	alive
117443	P14	112	Boraginaceae	Cordia	bicolor	cordbi	\N	263	\N	0301	955	72.00000	23.20000	12.00000	3.20000	417296	517754	417286	1	\N	main	123	1	258	1.70	1996-11-15	13468	\N	1	\N	alive
2407799	P14	112	Boraginaceae	Cordia	bicolor	cordbi	\N	263	\N	0301	955	72.00000	23.20000	12.00000	3.20000	417296	517754	417286	1	\N	main	204	2	312	1.30	2010-11-16	18582	\N	1	\N	alive
75681	P14	112	Boraginaceae	Cordia	bicolor	cordbi	\N	263	\N	0301	955	72.00000	23.20000	12.00000	3.20000	417296	517754	417286	1	\N		256	3	312	1.30	2012-05-01	19114	\N	1	\N	alive
66480	P14	112	Boraginaceae	Cordia	bicolor	cordbi	\N	263	\N	0301	955	72.00000	23.20000	12.00000	3.20000	417296	517754	417286	1	\N		268	4	313	1.30	2013-04-16	19464	\N	1	\N	alive
2414044	P14	112	Boraginaceae	Cordia	bicolor	cordbi	\N	263	\N	0301	955	72.00000	23.20000	12.00000	3.20000	417296	517754	417286	1	\N	\N	278	5	316	1.30	2014-04-08	19821	\N	1	\N	alive
2422468	P14	112	Boraginaceae	Cordia	bicolor	cordbi	\N	263	\N	0301	955	72.00000	23.20000	12.00000	3.20000	417296	517754	417286	1	\N	\N	286	6	316	1.30	2015-06-24	20263	\N	1	\N	alive
117528	P14	112	Burseraceae	Tetragastris	panamensis	tet2pa	\N	1007	\N	0301	955	71.40000	20.80000	11.40000	0.80000	417297	517755	417287	1	\N	main	123	1	178	1.30	1996-11-15	13468	\N	1	\N	alive
2407800	P14	112	Burseraceae	Tetragastris	panamensis	tet2pa	\N	1007	\N	0301	955	71.40000	20.80000	11.40000	0.80000	417297	517755	417287	1	\N	main	204	2	189	1.30	2010-11-16	18582	\N	1	\N	alive
75798	P14	112	Burseraceae	Tetragastris	panamensis	tet2pa	\N	1007	\N	0301	955	71.40000	20.80000	11.40000	0.80000	417297	517755	417287	1	\N		256	3	190	1.30	2012-05-01	19114	\N	1	\N	alive
66601	P14	112	Burseraceae	Tetragastris	panamensis	tet2pa	\N	1007	\N	0301	955	71.40000	20.80000	11.40000	0.80000	417297	517755	417287	1	\N		268	4	191	1.30	2013-04-16	19464	\N	1	\N	alive
2414045	P14	112	Burseraceae	Tetragastris	panamensis	tet2pa	\N	1007	\N	0301	955	71.40000	20.80000	11.40000	0.80000	417297	517755	417287	1	\N	\N	278	5	192	1.30	2014-04-08	19821	\N	1	\N	alive
2422469	P14	112	Burseraceae	Tetragastris	panamensis	tet2pa	\N	1007	\N	0301	955	71.40000	20.80000	11.40000	0.80000	417297	517755	417287	1	\N	\N	286	6	192	1.30	2015-06-24	20263	\N	1	\N	alive
117613	P14	112	Lauraceae	Ocotea	oblonga	ocotob	\N	708	\N	0302	1009	74.70000	44.70000	14.70000	4.70000	417298	517756	417288	1	\N	main	123	1	387	1.30	1996-11-15	13468	\N	1	\N	alive
2407926	P14	112	Lauraceae	Ocotea	oblonga	ocotob	\N	708	\N	0302	1009	74.70000	44.70000	14.70000	4.70000	417298	517756	417288	1	\N	main	204	2	492	1.30	2010-11-17	18583	\N	1	\N	alive
77422	P14	112	Lauraceae	Ocotea	oblonga	ocotob	\N	708	\N	0302	1009	74.70000	44.70000	14.70000	4.70000	417298	517756	417288	1	\N		256	3	496	1.30	2012-05-01	19114	\N	1	\N	alive
68294	P14	112	Lauraceae	Ocotea	oblonga	ocotob	\N	708	\N	0302	1009	74.70000	44.70000	14.70000	4.70000	417298	517756	417288	1	\N		268	4	502	1.30	2013-04-16	19464	\N	1	\N	alive
2414076	P14	112	Lauraceae	Ocotea	oblonga	ocotob	\N	708	\N	0302	1009	74.70000	44.70000	14.70000	4.70000	417298	517756	417288	1	\N	\N	278	5	\N	1.30	2014-04-09	19822	S;D	1	\N	dead
2422493	P14	112	Lauraceae	Ocotea	oblonga	ocotob	\N	708	\N	0302	1009	74.70000	44.70000	14.70000	4.70000	417298	517756	417288	1	\N	\N	286	6	\N	1.30	2015-06-24	20263	D	1	\N	dead
117698	P14	112	Rubiaceae	Alseis	blackiana	alsebl	\N	33	\N	0302	1009	71.30000	45.60000	11.30000	5.60000	417299	517757	417289	1	\N	main	123	1	120	1.30	1996-11-15	13468	\N	1	\N	alive
117783	P14	112	Fabaceae-mimosoideae	Inga	marginata	ingama	\N	511	\N	0302	1009	70.30000	49.70000	10.30000	9.70000	417300	517758	417290	1	\N	main	123	1	343	1.30	1996-11-15	13468	\N	1	\N	alive
2407928	P14	112	Fabaceae-mimosoideae	Inga	marginata	ingama	\N	511	\N	0302	1009	70.30000	49.70000	10.30000	9.70000	417300	517758	417290	1	\N	main	204	2	\N	\N	2010-11-17	18583	D;N	1	\N	dead
77767	P14	112	Fabaceae-mimosoideae	Inga	marginata	ingama	\N	511	\N	0302	1009	70.30000	49.70000	10.30000	9.70000	417300	517758	417290	1	\N		256	3	\N	0.00	2012-05-01	19114	D;N	1	\N	dead
117868	P14	112	Rubiaceae	Faramea	occidentalis	faraoc	\N	379	\N	0302	1009	78.90000	50.40000	18.90000	10.40000	417301	517759	417291	1	\N	main	123	1	138	1.30	1996-11-15	13468	\N	1	\N	alive
2407929	P14	112	Rubiaceae	Faramea	occidentalis	faraoc	\N	379	\N	0302	1009	78.90000	50.40000	18.90000	10.40000	417301	517759	417291	1	\N	main	204	2	142	1.30	2010-11-17	18583	\N	1	\N	alive
77882	P14	112	Rubiaceae	Faramea	occidentalis	faraoc	\N	379	\N	0302	1009	78.90000	50.40000	18.90000	10.40000	417301	517759	417291	1	\N		256	3	142	1.30	2012-05-01	19114	\N	1	\N	alive
68657	P14	112	Rubiaceae	Faramea	occidentalis	faraoc	\N	379	\N	0302	1009	78.90000	50.40000	18.90000	10.40000	417301	517759	417291	1	\N		268	4	142	1.30	2013-04-16	19464	\N	1	\N	alive
2414081	P14	112	Rubiaceae	Faramea	occidentalis	faraoc	\N	379	\N	0302	1009	78.90000	50.40000	18.90000	10.40000	417301	517759	417291	1	\N	\N	278	5	142	1.30	2014-04-09	19822	\N	1	\N	alive
2422497	P14	112	Rubiaceae	Faramea	occidentalis	faraoc	\N	379	\N	0302	1009	78.90000	50.40000	18.90000	10.40000	417301	517759	417291	1	\N	\N	286	6	\N	1.30	2015-06-24	20263	D	1	\N	dead
117953	P14	112	Rutaceae	Zanthoxylum	acuminatum	zantpr	\N	1099	\N	0302	1009	79.40000	52.30000	19.40000	12.30000	417302	517760	417292	1	\N	main	123	1	222	1.30	1996-11-15	13468	\N	1	\N	alive
2407930	P14	112	Rutaceae	Zanthoxylum	acuminatum	zantpr	\N	1099	\N	0302	1009	79.40000	52.30000	19.40000	12.30000	417302	517760	417292	1	\N	main	204	2	331	1.30	2010-11-17	18583	\N	1	\N	alive
77997	P14	112	Rutaceae	Zanthoxylum	acuminatum	zantpr	\N	1099	\N	0302	1009	79.40000	52.30000	19.40000	12.30000	417302	517760	417292	1	\N		256	3	333	1.30	2012-05-01	19114	\N	1	\N	alive
68778	P14	112	Rutaceae	Zanthoxylum	acuminatum	zantpr	\N	1099	\N	0302	1009	79.40000	52.30000	19.40000	12.30000	417302	517760	417292	1	\N		268	4	335	1.30	2013-04-16	19464	\N	1	\N	alive
2414082	P14	112	Rutaceae	Zanthoxylum	acuminatum	zantpr	\N	1099	\N	0302	1009	79.40000	52.30000	19.40000	12.30000	417302	517760	417292	1	\N	\N	278	5	335	1.30	2014-04-09	19822	\N	1	\N	alive
2422498	P14	112	Rutaceae	Zanthoxylum	acuminatum	zantpr	\N	1099	\N	0302	1009	79.40000	52.30000	19.40000	12.30000	417302	517760	417292	1	\N	\N	286	6	\N	1.30	2015-06-24	20263	D	1	\N	dead
118038	P14	112	Fabaceae-mimosoideae	Inga	cocleensis	ingaco	\N	529	\N	0302	1009	70.70000	54.00000	10.70000	14.00000	417303	517761	417293	1	\N	main	123	1	144	1.30	1996-11-15	13468	\N	1	\N	alive
2407931	P14	112	Fabaceae-mimosoideae	Inga	cocleensis	ingaco	\N	529	\N	0302	1009	70.70000	54.00000	10.70000	14.00000	417303	517761	417293	1	\N	main	204	2	\N	\N	2010-11-17	18583	D;N	1	\N	dead
78112	P14	112	Fabaceae-mimosoideae	Inga	cocleensis	ingaco	\N	529	\N	0302	1009	70.70000	54.00000	10.70000	14.00000	417303	517761	417293	1	\N		256	3	\N	0.00	2012-05-01	19114	D;N	1	\N	dead
118123	P14	112	Erythroxylaceae	Erythroxylum	macrophyllum	ery2ma	\N	1124	\N	0302	1009	72.10000	54.70000	12.10000	14.70000	417304	517762	417294	1	\N	main	123	1	121	1.30	1996-11-15	13468	\N	1	\N	alive
2407932	P14	112	Erythroxylaceae	Erythroxylum	macrophyllum	ery2ma	\N	1124	\N	0302	1009	72.10000	54.70000	12.10000	14.70000	417304	517762	417294	1	\N	main	204	2	\N	\N	2010-11-17	18583	D;N	1	\N	dead
78227	P14	112	Erythroxylaceae	Erythroxylum	macrophyllum	ery2ma	\N	1124	\N	0302	1009	72.10000	54.70000	12.10000	14.70000	417304	517762	417294	1	\N		256	3	\N	0.00	2012-05-01	19114	D;N	1	\N	dead
118207	P14	112	Myristicaceae	Virola	sebifera	virose	\N	1072	\N	0302	1009	73.50000	58.10000	13.50000	18.10000	417305	517763	417295	1	\N	main	123	1	201	1.30	1996-11-15	13468	\N	1	\N	alive
2407933	P14	112	Myristicaceae	Virola	sebifera	virose	\N	1072	\N	0302	1009	73.50000	58.10000	13.50000	18.10000	417305	517763	417295	1	\N	main	204	2	222	1.30	2010-11-17	18583	\N	1	\N	alive
78342	P14	112	Myristicaceae	Virola	sebifera	virose	\N	1072	\N	0302	1009	73.50000	58.10000	13.50000	18.10000	417305	517763	417295	1	\N		256	3	222	1.30	2012-05-01	19114	\N	1	\N	alive
68899	P14	112	Myristicaceae	Virola	sebifera	virose	\N	1072	\N	0302	1009	73.50000	58.10000	13.50000	18.10000	417305	517763	417295	1	\N		268	4	221	1.30	2013-04-16	19464	\N	1	\N	alive
2414080	P14	112	Myristicaceae	Virola	sebifera	virose	\N	1072	\N	0302	1009	73.50000	58.10000	13.50000	18.10000	417305	517763	417295	1	\N	\N	278	5	221	1.30	2014-04-09	19822	\N	1	\N	alive
2422496	P14	112	Myristicaceae	Virola	sebifera	virose	\N	1072	\N	0302	1009	73.50000	58.10000	13.50000	18.10000	417305	517763	417295	1	\N	\N	286	6	\N	1.30	2015-06-24	20263	D	1	\N	dead
118291	P14	112	Rutaceae	Zanthoxylum	acuminatum	zantpr	\N	1099	\N	0302	1009	69.20000	54.00000	9.20000	14.00000	417306	517764	417296	1	\N	main	123	1	285	1.30	1996-11-15	13468	\N	1	\N	alive
2407934	P14	112	Rutaceae	Zanthoxylum	acuminatum	zantpr	\N	1099	\N	0302	1009	69.20000	54.00000	9.20000	14.00000	417306	517764	417296	1	\N	main	204	2	\N	\N	2010-11-17	18583	D;C	1	\N	dead
78457	P14	112	Rutaceae	Zanthoxylum	acuminatum	zantpr	\N	1099	\N	0302	1009	69.20000	54.00000	9.20000	14.00000	417306	517764	417296	1	\N		256	3	\N	0.00	2012-05-01	19114	D;N	1	\N	dead
118375	P14	112	Arecaceae	Oenocarpus	mapora	oenoma	\N	1145	\N	0302	1009	66.30000	55.90000	6.30000	15.90000	417307	517765	417297	1	\N	main	123	1	122	1.30	1996-11-15	13468	M	1	\N	alive
2407935	P14	112	Arecaceae	Oenocarpus	mapora	oenoma	\N	1145	\N	0302	1009	66.30000	55.90000	6.30000	15.90000	417307	517765	417297	1	\N	main	204	2	\N	\N	2010-11-17	18583	D;S	1	\N	dead
78572	P14	112	Arecaceae	Oenocarpus	mapora	oenoma	\N	1145	\N	0302	1009	66.30000	55.90000	6.30000	15.90000	417307	517765	417297	1	\N		256	3	\N	0.00	2012-05-01	19114	D;N	1	\N	dead
118793	P14	112	Salicaceae	Zuelania	guidonia	zuelgu	\N	1105	\N	0302	1009	63.60000	50.70000	3.60000	10.70000	417308	517766	417298	1	\N	main	123	1	184	1.30	1996-11-15	13468	\N	1	\N	alive
2407936	P14	112	Salicaceae	Zuelania	guidonia	zuelgu	\N	1105	\N	0302	1009	63.60000	50.70000	3.60000	10.70000	417308	517766	417298	1	\N	main	204	2	367	1.60	2010-11-17	18583	\N	1	\N	alive
78687	P14	112	Salicaceae	Zuelania	guidonia	zuelgu	\N	1105	\N	0302	1009	63.60000	50.70000	3.60000	10.70000	417308	517766	417298	1	\N		256	3	382	1.60	2012-05-01	19114	\N	1	\N	alive
69020	P14	112	Salicaceae	Zuelania	guidonia	zuelgu	\N	1105	\N	0302	1009	63.60000	50.70000	3.60000	10.70000	417308	517766	417298	1	\N		268	4	394	1.60	2013-04-16	19464	\N	1	\N	alive
2414072	P14	112	Salicaceae	Zuelania	guidonia	zuelgu	\N	1105	\N	0302	1009	63.60000	50.70000	3.60000	10.70000	417308	517766	417298	1	\N	\N	278	5	405	1.30	2014-04-09	19822	\N	1	\N	alive
2422489	P14	112	Salicaceae	Zuelania	guidonia	zuelgu	\N	1105	\N	0302	1009	63.60000	50.70000	3.60000	10.70000	417308	517766	417298	1	\N	\N	286	6	416	1.30	2015-06-24	20263	\N	1	\N	alive
118876	P14	112	Bignoniaceae	Tabebuia	guayacan	tab1gu	\N	986	\N	0302	1009	60.60000	55.60000	0.60000	15.60000	417309	517767	417299	1	\N	main	123	1	752	1.30	1996-11-15	13468	\N	1	\N	alive
2407937	P14	112	Bignoniaceae	Tabebuia	guayacan	tab1gu	\N	986	\N	0302	1009	60.60000	55.60000	0.60000	15.60000	417309	517767	417299	1	\N	main	204	2	765	1.30	2010-11-17	18583	\N	1	\N	alive
78802	P14	112	Bignoniaceae	Tabebuia	guayacan	tab1gu	\N	986	\N	0302	1009	60.60000	55.60000	0.60000	15.60000	417309	517767	417299	1	\N		256	3	767	1.30	2012-05-01	19114	\N	1	\N	alive
69141	P14	112	Bignoniaceae	Tabebuia	guayacan	tab1gu	\N	986	\N	0302	1009	60.60000	55.60000	0.60000	15.60000	417309	517767	417299	1	\N		268	4	766	1.30	2013-04-16	19464	\N	1	\N	alive
2414073	P14	112	Bignoniaceae	Tabebuia	guayacan	tab1gu	\N	986	\N	0302	1009	60.60000	55.60000	0.60000	15.60000	417309	517767	417299	1	\N	\N	278	5	766	1.30	2014-04-09	19822	\N	1	\N	alive
2422490	P14	112	Bignoniaceae	Tabebuia	guayacan	tab1gu	\N	986	\N	0302	1009	60.60000	55.60000	0.60000	15.60000	417309	517767	417299	1	\N	\N	286	6	760	1.30	2015-06-24	20263	\N	1	\N	alive
118959	P14	112	Simaroubaceae	Simarouba	amara	simaam	\N	935	\N	0302	1009	68.10000	59.90000	8.10000	19.90000	417310	517768	417300	1	\N	main	123	1	133	1.30	1996-11-15	13468	\N	1	\N	alive
2407938	P14	112	Simaroubaceae	Simarouba	amara	simaam	\N	935	\N	0302	1009	68.10000	59.90000	8.10000	19.90000	417310	517768	417300	1	\N	main	204	2	218	1.30	2010-11-17	18583	\N	1	\N	alive
78917	P14	112	Simaroubaceae	Simarouba	amara	simaam	\N	935	\N	0302	1009	68.10000	59.90000	8.10000	19.90000	417310	517768	417300	1	\N		256	3	218	1.30	2012-05-01	19114	\N	1	\N	alive
69262	P14	112	Simaroubaceae	Simarouba	amara	simaam	\N	935	\N	0302	1009	68.10000	59.90000	8.10000	19.90000	417310	517768	417300	1	\N		268	4	218	1.30	2013-04-16	19464	\N	1	\N	alive
2414075	P14	112	Simaroubaceae	Simarouba	amara	simaam	\N	935	\N	0302	1009	68.10000	59.90000	8.10000	19.90000	417310	517768	417300	1	\N	\N	278	5	218	1.30	2014-04-09	19822	\N	1	\N	alive
2422492	P14	112	Simaroubaceae	Simarouba	amara	simaam	\N	935	\N	0302	1009	68.10000	59.90000	8.10000	19.90000	417310	517768	417300	1	\N	\N	286	6	\N	1.30	2015-06-24	20263	D	1	\N	dead
119042	P14	112	Rutaceae	Zanthoxylum	acuminatum	zantpr	\N	1099	\N	0303	1063	70.50000	60.40000	10.50000	0.40000	417311	517769	417301	1	\N	main	123	1	271	1.30	1996-11-15	13468	Q	1	\N	alive
2408087	P14	112	Rutaceae	Zanthoxylum	acuminatum	zantpr	\N	1099	\N	0303	1063	70.50000	60.40000	10.50000	0.40000	417311	517769	417301	1	\N	main	204	2	\N	\N	2010-11-17	18583	D;N	1	\N	dead
79722	P14	112	Rutaceae	Zanthoxylum	acuminatum	zantpr	\N	1099	\N	0303	1063	70.50000	60.40000	10.50000	0.40000	417311	517769	417301	1	\N		256	3	\N	0.00	2012-05-01	19114	D;N	1	\N	dead
119124	P14	112	Boraginaceae	Cordia	alliodora	cordal	\N	262	\N	0303	1063	69.00000	64.70000	9.00000	4.70000	417312	517770	417302	1	\N	main	123	1	220	1.30	1996-11-15	13468	\N	1	\N	alive
2408088	P14	112	Boraginaceae	Cordia	alliodora	cordal	\N	262	\N	0303	1063	69.00000	64.70000	9.00000	4.70000	417312	517770	417302	1	\N	main	204	2	301	1.30	2010-11-17	18583	\N	1	\N	alive
79837	P14	112	Boraginaceae	Cordia	alliodora	cordal	\N	262	\N	0303	1063	69.00000	64.70000	9.00000	4.70000	417312	517770	417302	1	\N		256	3	\N	0.00	2012-05-01	19114	D;S	1	\N	dead
70109	P14	112	Boraginaceae	Cordia	alliodora	cordal	\N	262	\N	0303	1063	69.00000	64.70000	9.00000	4.70000	417312	517770	417302	1	\N		268	4	\N	0.00	2013-04-16	19464	D	1	\N	dead
119207	P14	112	Burseraceae	Protium	tenuifolium	protte		828	15	0303	1063	74.10000	67.50000	14.10000	7.50000	417313	517771	417303	1	\N	main	123	1	199	1.30	1996-11-15	13468	\N	1	\N	alive
2408089	P14	112	Burseraceae	Protium	tenuifolium	protte		828	15	0303	1063	74.10000	67.50000	14.10000	7.50000	417313	517771	417303	1	\N	main	204	2	213	1.30	2010-11-17	18583	\N	1	\N	alive
79951	P14	112	Burseraceae	Protium	tenuifolium	protte		828	15	0303	1063	74.10000	67.50000	14.10000	7.50000	417313	517771	417303	1	\N		256	3	215	1.30	2012-05-01	19114	\N	1	\N	alive
70230	P14	112	Burseraceae	Protium	tenuifolium	protte		828	15	0303	1063	74.10000	67.50000	14.10000	7.50000	417313	517771	417303	1	\N		268	4	215	1.30	2013-04-16	19464	\N	1	\N	alive
2414095	P14	112	Burseraceae	Protium	tenuifolium	protte		828	15	0303	1063	74.10000	67.50000	14.10000	7.50000	417313	517771	417303	1	\N	\N	278	5	215	1.30	2014-04-09	19822	\N	1	\N	alive
2422509	P14	112	Burseraceae	Protium	tenuifolium	protte		828	15	0303	1063	74.10000	67.50000	14.10000	7.50000	417313	517771	417303	1	\N	\N	286	6	215	1.30	2015-06-24	20263	\N	1	\N	alive
119290	P14	112	Boraginaceae	Cordia	alliodora	cordal	\N	262	\N	0303	1063	74.50000	70.40000	14.50000	10.40000	417314	517772	417304	1	\N	main	123	1	257	1.30	1996-11-15	13468	\N	1	\N	alive
2408090	P14	112	Boraginaceae	Cordia	alliodora	cordal	\N	262	\N	0303	1063	74.50000	70.40000	14.50000	10.40000	417314	517772	417304	1	\N	main	204	2	304	1.30	2010-11-17	18583	\N	1	\N	alive
80065	P14	112	Boraginaceae	Cordia	alliodora	cordal	\N	262	\N	0303	1063	74.50000	70.40000	14.50000	10.40000	417314	517772	417304	1	\N		256	3	305	1.30	2012-05-01	19114	\N	1	\N	alive
70351	P14	112	Boraginaceae	Cordia	alliodora	cordal	\N	262	\N	0303	1063	74.50000	70.40000	14.50000	10.40000	417314	517772	417304	1	\N		268	4	301	1.30	2013-04-16	19464	\N	1	\N	alive
2414099	P14	112	Boraginaceae	Cordia	alliodora	cordal	\N	262	\N	0303	1063	74.50000	70.40000	14.50000	10.40000	417314	517772	417304	1	\N	\N	278	5	\N	1.30	2014-04-09	19822	S;D	1	\N	dead
2422513	P14	112	Boraginaceae	Cordia	alliodora	cordal	\N	262	\N	0303	1063	74.50000	70.40000	14.50000	10.40000	417314	517772	417304	1	\N	\N	286	6	\N	1.30	2015-06-24	20263	D	1	\N	dead
119373	P14	112	Burseraceae	Protium	tenuifolium	protte		828	15	0303	1063	77.50000	75.30000	17.50000	15.30000	417315	517773	417305	1	\N	main	123	1	305	1.30	1996-11-15	13468	\N	1	\N	alive
2408091	P14	112	Burseraceae	Protium	tenuifolium	protte		828	15	0303	1063	77.50000	75.30000	17.50000	15.30000	417315	517773	417305	1	\N	main	204	2	342	1.30	2010-11-17	18583	\N	1	\N	alive
80179	P14	112	Burseraceae	Protium	tenuifolium	protte		828	15	0303	1063	77.50000	75.30000	17.50000	15.30000	417315	517773	417305	1	\N		256	3	342	1.30	2012-05-01	19114	\N	1	\N	alive
70472	P14	112	Burseraceae	Protium	tenuifolium	protte		828	15	0303	1063	77.50000	75.30000	17.50000	15.30000	417315	517773	417305	1	\N		268	4	343	1.30	2013-04-16	19464	\N	1	\N	alive
2414101	P14	112	Burseraceae	Protium	tenuifolium	protte		828	15	0303	1063	77.50000	75.30000	17.50000	15.30000	417315	517773	417305	1	\N	\N	278	5	340	1.30	2014-04-09	19822	\N	1	\N	alive
2422515	P14	112	Burseraceae	Protium	tenuifolium	protte		828	15	0303	1063	77.50000	75.30000	17.50000	15.30000	417315	517773	417305	1	\N	\N	286	6	\N	1.30	2015-06-24	20263	D	1	\N	dead
119456	P14	112	Meliaceae	Trichilia	tuberculata	tri2tu	\N	1169	\N	0303	1063	73.90000	79.60000	13.90000	19.60000	417316	517774	417306	1	\N	main	123	1	220	1.30	1996-11-15	13468	\N	1	\N	alive
2408092	P14	112	Meliaceae	Trichilia	tuberculata	tri2tu	\N	1169	\N	0303	1063	73.90000	79.60000	13.90000	19.60000	417316	517774	417306	1	\N	main	204	2	269	1.30	2010-11-17	18583	\N	1	\N	alive
80293	P14	112	Meliaceae	Trichilia	tuberculata	tri2tu	\N	1169	\N	0303	1063	73.90000	79.60000	13.90000	19.60000	417316	517774	417306	1	\N		256	3	271	1.30	2012-05-01	19114	\N	1	\N	alive
70593	P14	112	Meliaceae	Trichilia	tuberculata	tri2tu	\N	1169	\N	0303	1063	73.90000	79.60000	13.90000	19.60000	417316	517774	417306	1	\N		268	4	273	1.30	2013-04-16	19464	\N	1	\N	alive
2414100	P14	112	Meliaceae	Trichilia	tuberculata	tri2tu	\N	1169	\N	0303	1063	73.90000	79.60000	13.90000	19.60000	417316	517774	417306	1	\N	\N	278	5	272	1.30	2014-04-09	19822	\N	1	\N	alive
2422514	P14	112	Meliaceae	Trichilia	tuberculata	tri2tu	\N	1169	\N	0303	1063	73.90000	79.60000	13.90000	19.60000	417316	517774	417306	1	\N	\N	286	6	273	1.30	2015-06-24	20263	\N	1	\N	alive
119539	P14	112	Bignoniaceae	Jacaranda	copaia	jac1co	\N	540	\N	0303	1063	69.00000	79.00000	9.00000	19.00000	417317	517775	417307	1	\N	main	123	1	423	1.30	1996-11-15	13468	\N	1	\N	alive
2408093	P14	112	Bignoniaceae	Jacaranda	copaia	jac1co	\N	540	\N	0303	1063	69.00000	79.00000	9.00000	19.00000	417317	517775	417307	1	\N	main	204	2	481	1.30	2010-11-17	18583	\N	1	\N	alive
80407	P14	112	Bignoniaceae	Jacaranda	copaia	jac1co	\N	540	\N	0303	1063	69.00000	79.00000	9.00000	19.00000	417317	517775	417307	1	\N		256	3	481	1.30	2012-05-01	19114	\N	1	\N	alive
70714	P14	112	Bignoniaceae	Jacaranda	copaia	jac1co	\N	540	\N	0303	1063	69.00000	79.00000	9.00000	19.00000	417317	517775	417307	1	\N		268	4	481	1.30	2013-04-16	19464	\N	1	\N	alive
2414091	P14	112	Bignoniaceae	Jacaranda	copaia	jac1co	\N	540	\N	0303	1063	69.00000	79.00000	9.00000	19.00000	417317	517775	417307	1	\N	\N	278	5	481	1.30	2014-04-09	19822	\N	1	\N	alive
2422505	P14	112	Bignoniaceae	Jacaranda	copaia	jac1co	\N	540	\N	0303	1063	69.00000	79.00000	9.00000	19.00000	417317	517775	417307	1	\N	\N	286	6	482	1.30	2015-06-24	20263	\N	1	\N	alive
119621	P14	112	Annonaceae	Annona	spraguei	annosp	\N	58	\N	0303	1063	68.10000	78.90000	8.10000	18.90000	417318	517776	417308	1	\N	main	123	1	207	1.30	1996-11-15	13468	\N	1	\N	alive
2408094	P14	112	Annonaceae	Annona	spraguei	annosp	\N	58	\N	0303	1063	68.10000	78.90000	8.10000	18.90000	417318	517776	417308	1	\N	main	204	2	210	1.30	2010-11-17	18583	\N	1	\N	alive
80521	P14	112	Annonaceae	Annona	spraguei	annosp	\N	58	\N	0303	1063	68.10000	78.90000	8.10000	18.90000	417318	517776	417308	1	\N		256	3	211	1.30	2012-05-01	19114	\N	1	\N	alive
70835	P14	112	Annonaceae	Annona	spraguei	annosp	\N	58	\N	0303	1063	68.10000	78.90000	8.10000	18.90000	417318	517776	417308	1	\N		268	4	214	1.30	2013-04-16	19464	\N	1	\N	alive
2414092	P14	112	Annonaceae	Annona	spraguei	annosp	\N	58	\N	0303	1063	68.10000	78.90000	8.10000	18.90000	417318	517776	417308	1	\N	\N	278	5	214	1.30	2014-04-09	19822	\N	1	\N	alive
2422506	P14	112	Annonaceae	Annona	spraguei	annosp	\N	58	\N	0303	1063	68.10000	78.90000	8.10000	18.90000	417318	517776	417308	1	\N	\N	286	6	217	1.30	2015-06-24	20263	\N	1	\N	alive
119703	P14	112	Burseraceae	Protium	panamense	protpa	\N	827	\N	0303	1063	67.00000	78.10000	7.00000	18.10000	417319	517777	417309	1	\N	main	123	1	105	1.30	1996-11-15	13468	\N	1	\N	alive
2408095	P14	112	Burseraceae	Protium	panamense	protpa	\N	827	\N	0303	1063	67.00000	78.10000	7.00000	18.10000	417319	517777	417309	1	\N	main	204	2	134	1.30	2010-11-17	18583	\N	1	\N	alive
80635	P14	112	Burseraceae	Protium	panamense	protpa	\N	827	\N	0303	1063	67.00000	78.10000	7.00000	18.10000	417319	517777	417309	1	\N		256	3	134	1.30	2012-05-01	19114	\N	1	\N	alive
70956	P14	112	Burseraceae	Protium	panamense	protpa	\N	827	\N	0303	1063	67.00000	78.10000	7.00000	18.10000	417319	517777	417309	1	\N		268	4	134	1.30	2013-04-16	19464	\N	1	\N	alive
2414093	P14	112	Burseraceae	Protium	panamense	protpa	\N	827	\N	0303	1063	67.00000	78.10000	7.00000	18.10000	417319	517777	417309	1	\N	\N	278	5	135	1.30	2014-04-09	19822	\N	1	\N	alive
2422507	P14	112	Burseraceae	Protium	panamense	protpa	\N	827	\N	0303	1063	67.00000	78.10000	7.00000	18.10000	417319	517777	417309	1	\N	\N	286	6	135	1.30	2015-06-24	20263	\N	1	\N	alive
119785	P14	112	Arecaceae	Socratea	exorrhiza	socrex	\N	1163	\N	0303	1063	68.30000	74.50000	8.30000	14.50000	417320	517778	417310	1	\N	main	123	1	106	1.30	1996-11-15	13468	L	1	\N	alive
2408096	P14	112	Arecaceae	Socratea	exorrhiza	socrex	\N	1163	\N	0303	1063	68.30000	74.50000	8.30000	14.50000	417320	517778	417310	1	\N	main	204	2	\N	\N	2010-11-17	18583	D;N	1	\N	dead
80748	P14	112	Arecaceae	Socratea	exorrhiza	socrex	\N	1163	\N	0303	1063	68.30000	74.50000	8.30000	14.50000	417320	517778	417310	1	\N		256	3	\N	0.00	2012-05-01	19114	D;N	1	\N	dead
119867	P14	112	Rubiaceae	Alseis	blackiana	alsebl	\N	33	\N	0303	1063	61.30000	76.90000	1.30000	16.90000	417321	517779	417311	1	\N	main	123	1	496	3.40	1996-11-15	13468	B	1	\N	alive
119949	P14	112	Rubiaceae	Alseis	blackiana	alsebl	\N	33	\N	0303	1063	61.30000	76.90000	1.30000	16.90000	417321	517779	417311	1	\N	main	123	1	564	1.30	1997-01-02	13516	\N	0	\N	alive
120031	P14	112	Bignoniaceae	Jacaranda	copaia	jac1co	\N	540	\N	0303	1063	64.70000	69.70000	4.70000	9.70000	417322	517780	417312	1	\N	main	123	1	309	1.30	1996-11-15	13468	\N	1	\N	alive
2408097	P14	112	Bignoniaceae	Jacaranda	copaia	jac1co	\N	540	\N	0303	1063	64.70000	69.70000	4.70000	9.70000	417322	517780	417312	1	\N	main	204	2	498	1.30	2010-11-17	18583	\N	1	\N	alive
81198	P14	112	Bignoniaceae	Jacaranda	copaia	jac1co	\N	540	\N	0303	1063	64.70000	69.70000	4.70000	9.70000	417322	517780	417312	1	\N		256	3	505	1.30	2012-05-01	19114	\N	1	\N	alive
71436	P14	112	Bignoniaceae	Jacaranda	copaia	jac1co	\N	540	\N	0303	1063	64.70000	69.70000	4.70000	9.70000	417322	517780	417312	1	\N		268	4	513	1.30	2013-04-16	19464	\N	1	\N	alive
2414084	P14	112	Bignoniaceae	Jacaranda	copaia	jac1co	\N	540	\N	0303	1063	64.70000	69.70000	4.70000	9.70000	417322	517780	417312	1	\N	\N	278	5	511	1.30	2014-04-09	19822	\N	1	\N	alive
2422500	P14	112	Bignoniaceae	Jacaranda	copaia	jac1co	\N	540	\N	0303	1063	64.70000	69.70000	4.70000	9.70000	417322	517780	417312	1	\N	\N	286	6	511	1.30	2015-06-24	20263	\N	1	\N	alive
120113	P14	112	Fabaceae-caesalpinioideae	Tachigali	versicolor	tachve	\N	995	\N	0303	1063	61.10000	66.80000	1.10000	6.80000	417323	517781	417313	1	\N	main	123	1	364	3.00	1996-11-15	13468	B	1	\N	alive
120195	P14	112	Fabaceae-caesalpinioideae	Tachigali	versicolor	tachve	\N	995	\N	0303	1063	61.10000	66.80000	1.10000	6.80000	417323	517781	417313	1	\N	main	123	1	414	1.30	1997-01-02	13516	\N	0	\N	alive
2410314	P14	112	Fabaceae-caesalpinioideae	Tachigali	versicolor	tachve	\N	995	\N	0303	1063	61.10000	66.80000	1.10000	6.80000	417323	517781	417313	1	\N	main	204	2	509	3.00	2010-11-18	18584	B	0	\N	alive
2410315	P14	112	Fabaceae-caesalpinioideae	Tachigali	versicolor	tachve	\N	995	\N	0303	1063	61.10000	66.80000	1.10000	6.80000	417323	517781	417313	1	\N	main	204	2	496	3.50	2010-11-18	18584	B;cylY	1	\N	alive
81310	P14	112	Fabaceae-caesalpinioideae	Tachigali	versicolor	tachve	\N	995	\N	0303	1063	61.10000	66.80000	1.10000	6.80000	417323	517781	417313	1	\N		256	3	500	3.50	2012-05-02	19115	B;cylY	1	\N	alive
71556	P14	112	Fabaceae-caesalpinioideae	Tachigali	versicolor	tachve	\N	995	\N	0303	1063	61.10000	66.80000	1.10000	6.80000	417323	517781	417313	1	\N		268	4	503	3.50	2013-04-12	19460	B;cylY	1	\N	alive
2414085	P14	112	Fabaceae-caesalpinioideae	Tachigali	versicolor	tachve	\N	995	\N	0303	1063	61.10000	66.80000	1.10000	6.80000	417323	517781	417313	1	\N	\N	278	5	505	3.50	2014-04-09	19822	B;cylY	1	\N	alive
2422501	P14	112	Fabaceae-caesalpinioideae	Tachigali	versicolor	tachve	\N	995	\N	0303	1063	61.10000	66.80000	1.10000	6.80000	417323	517781	417313	1	\N	\N	286	6	509	3.50	2015-06-24	20263	B;cylY	1	\N	alive
120277	P14	112	Meliaceae	Guarea	grandifolia	guargr	\N	434	\N	0303	1063	61.00000	63.50000	1.00000	3.50000	417324	517782	417314	1	\N	main	123	1	193	1.30	1996-11-15	13468	\N	1	\N	alive
2408098	P14	112	Meliaceae	Guarea	grandifolia	guargr	\N	434	\N	0303	1063	61.00000	63.50000	1.00000	3.50000	417324	517782	417314	1	\N	main	204	2	212	1.30	2010-11-17	18583	\N	1	\N	alive
81422	P14	112	Meliaceae	Guarea	grandifolia	guargr	\N	434	\N	0303	1063	61.00000	63.50000	1.00000	3.50000	417324	517782	417314	1	\N		256	3	212	1.30	2012-05-01	19114	\N	1	\N	alive
71676	P14	112	Meliaceae	Guarea	grandifolia	guargr	\N	434	\N	0303	1063	61.00000	63.50000	1.00000	3.50000	417324	517782	417314	1	\N		268	4	215	1.30	2013-04-16	19464	\N	1	\N	alive
2414083	P14	112	Meliaceae	Guarea	grandifolia	guargr	\N	434	\N	0303	1063	61.00000	63.50000	1.00000	3.50000	417324	517782	417314	1	\N	\N	278	5	215	1.30	2014-04-09	19822	\N	1	\N	alive
2422499	P14	112	Meliaceae	Guarea	grandifolia	guargr	\N	434	\N	0303	1063	61.00000	63.50000	1.00000	3.50000	417324	517782	417314	1	\N	\N	286	6	215	1.30	2015-06-24	20263	\N	1	\N	alive
120359	P14	112	Burseraceae	Tetragastris	panamensis	tet2pa	\N	1007	\N	0304	1117	62.70000	84.50000	2.70000	4.50000	417325	517783	417315	1	\N	main	123	1	123	1.30	1996-11-18	13471	\N	1	\N	alive
2408255	P14	112	Burseraceae	Tetragastris	panamensis	tet2pa	\N	1007	\N	0304	1117	62.70000	84.50000	2.70000	4.50000	417325	517783	417315	1	\N	main	204	2	172	1.30	2010-11-17	18583	\N	1	\N	alive
82206	P14	112	Burseraceae	Tetragastris	panamensis	tet2pa	\N	1007	\N	0304	1117	62.70000	84.50000	2.70000	4.50000	417325	517783	417315	1	\N		256	3	184	1.30	2012-05-01	19114	\N	1	\N	alive
72509	P14	112	Burseraceae	Tetragastris	panamensis	tet2pa	\N	1007	\N	0304	1117	62.70000	84.50000	2.70000	4.50000	417325	517783	417315	1	\N		268	4	191	1.30	2013-04-16	19464	\N	1	\N	alive
2414102	P14	112	Burseraceae	Tetragastris	panamensis	tet2pa	\N	1007	\N	0304	1117	62.70000	84.50000	2.70000	4.50000	417325	517783	417315	1	\N	\N	278	5	196	1.30	2014-04-09	19822	\N	1	\N	alive
2422516	P14	112	Burseraceae	Tetragastris	panamensis	tet2pa	\N	1007	\N	0304	1117	62.70000	84.50000	2.70000	4.50000	417325	517783	417315	1	\N	\N	286	6	202	1.30	2015-06-24	20263	\N	1	\N	alive
120441	P14	112	Burseraceae	Tetragastris	panamensis	tet2pa	\N	1007	\N	0304	1117	64.60000	88.40000	4.60000	8.40000	417326	517784	417316	1	\N	main	123	1	240	1.30	1996-11-18	13471	\N	1	\N	alive
2408256	P14	112	Burseraceae	Tetragastris	panamensis	tet2pa	\N	1007	\N	0304	1117	64.60000	88.40000	4.60000	8.40000	417326	517784	417316	1	\N	main	204	2	255	1.30	2010-11-17	18583	\N	1	\N	alive
82318	P14	112	Burseraceae	Tetragastris	panamensis	tet2pa	\N	1007	\N	0304	1117	64.60000	88.40000	4.60000	8.40000	417326	517784	417316	1	\N		256	3	257	1.30	2012-05-01	19114	\N	1	\N	alive
72628	P14	112	Burseraceae	Tetragastris	panamensis	tet2pa	\N	1007	\N	0304	1117	64.60000	88.40000	4.60000	8.40000	417326	517784	417316	1	\N		268	4	259	1.30	2013-04-16	19464	\N	1	\N	alive
2414103	P14	112	Burseraceae	Tetragastris	panamensis	tet2pa	\N	1007	\N	0304	1117	64.60000	88.40000	4.60000	8.40000	417326	517784	417316	1	\N	\N	278	5	259	1.30	2014-04-09	19822	\N	1	\N	alive
2422517	P14	112	Burseraceae	Tetragastris	panamensis	tet2pa	\N	1007	\N	0304	1117	64.60000	88.40000	4.60000	8.40000	417326	517784	417316	1	\N	\N	286	6	259	1.30	2015-06-24	20263	\N	1	\N	alive
120523	P14	112	Arecaceae	Astrocaryum	standleyanum	ast1st	\N	83	\N	0304	1117	60.40000	92.80000	0.40000	12.80000	417327	517785	417317	1	\N	main	123	1	155	1.30	1996-11-18	13471	\N	1	\N	alive
2408257	P14	112	Arecaceae	Astrocaryum	standleyanum	ast1st	\N	83	\N	0304	1117	60.40000	92.80000	0.40000	12.80000	417327	517785	417317	1	\N	main	204	2	155	1.30	2010-11-17	18583	\N	1	\N	alive
82430	P14	112	Arecaceae	Astrocaryum	standleyanum	ast1st	\N	83	\N	0304	1117	60.40000	92.80000	0.40000	12.80000	417327	517785	417317	1	\N		256	3	155	1.30	2012-05-01	19114	\N	1	\N	alive
72747	P14	112	Arecaceae	Astrocaryum	standleyanum	ast1st	\N	83	\N	0304	1117	60.40000	92.80000	0.40000	12.80000	417327	517785	417317	1	\N		268	4	155	1.30	2013-04-16	19464	\N	1	\N	alive
2414104	P14	112	Arecaceae	Astrocaryum	standleyanum	ast1st	\N	83	\N	0304	1117	60.40000	92.80000	0.40000	12.80000	417327	517785	417317	1	\N	\N	278	5	153	1.30	2014-04-09	19822	\N	1	\N	alive
2422518	P14	112	Arecaceae	Astrocaryum	standleyanum	ast1st	\N	83	\N	0304	1117	60.40000	92.80000	0.40000	12.80000	417327	517785	417317	1	\N	\N	286	6	153	1.30	2015-06-24	20263	\N	1	\N	alive
120605	P14	112	Rubiaceae	Faramea	occidentalis	faraoc	\N	379	\N	0304	1117	73.94000	99.10000	13.94000	19.10000	417328	517786	417318	1	\N	main	123	1	118	1.30	1996-11-18	13471	\N	1	\N	alive
2408258	P14	112	Rubiaceae	Faramea	occidentalis	faraoc	\N	379	\N	0304	1117	73.94000	99.10000	13.94000	19.10000	417328	517786	417318	1	\N	main	204	2	122	1.30	2010-11-17	18583	\N	1	\N	alive
82541	P14	112	Rubiaceae	Faramea	occidentalis	faraoc	\N	379	\N	0304	1117	73.94000	99.10000	13.94000	19.10000	417328	517786	417318	1	\N		256	3	\N	0.00	2012-05-01	19114	D;S	1	\N	dead
72866	P14	112	Rubiaceae	Faramea	occidentalis	faraoc	\N	379	\N	0304	1117	73.94000	99.10000	13.94000	19.10000	417328	517786	417318	1	\N		268	4	\N	0.00	2013-04-16	19464	D	1	\N	dead
120687	P14	112	Fabaceae-papilionoideae	Dipteryx	oleifera	diptpa	\N	1123	\N	0304	1117	77.50000	94.60000	17.50000	14.60000	417329	517787	417319	1	\N	main	123	1	711	3.90	1996-11-18	13471	B	1	\N	alive
120769	P14	112	Fabaceae-papilionoideae	Dipteryx	oleifera	diptpa	\N	1123	\N	0304	1117	77.50000	94.60000	17.50000	14.60000	417329	517787	417319	1	\N	main	123	1	1385	1.30	1997-01-02	13516	\N	0	\N	alive
2410316	P14	112	Fabaceae-papilionoideae	Dipteryx	oleifera	diptpa	\N	1123	\N	0304	1117	77.50000	94.60000	17.50000	14.60000	417329	517787	417319	1	\N	main	204	2	800	3.90	2010-11-18	18584	B	1	\N	alive
82653	P14	112	Fabaceae-papilionoideae	Dipteryx	oleifera	diptpa	\N	1123	\N	0304	1117	77.50000	94.60000	17.50000	14.60000	417329	517787	417319	1	\N		256	3	832	3.90	2012-05-02	19115	B;cylN	1	\N	alive
72985	P14	112	Fabaceae-papilionoideae	Dipteryx	oleifera	diptpa	\N	1123	\N	0304	1117	77.50000	94.60000	17.50000	14.60000	417329	517787	417319	1	\N		268	4	835	3.90	2013-04-12	19460	B;cylN	1	\N	alive
2414116	P14	112	Fabaceae-papilionoideae	Dipteryx	oleifera	diptpa	\N	1123	\N	0304	1117	77.50000	94.60000	17.50000	14.60000	417329	517787	417319	1	\N	\N	278	5	840	3.90	2014-04-09	19822	B;cylN	1	\N	alive
2422529	P14	112	Fabaceae-papilionoideae	Dipteryx	oleifera	diptpa	\N	1123	\N	0304	1117	77.50000	94.60000	17.50000	14.60000	417329	517787	417319	1	\N	\N	286	6	840	3.90	2015-06-24	20263	B;cylN	1	\N	alive
120850	P14	112	Moraceae	Brosimum	alicastrum	brosal	\N	108	\N	0304	1117	75.90000	91.00000	15.90000	11.00000	417330	517788	417320	1	\N	main	123	1	1103	3.70	1996-11-18	13471	B	1	\N	alive
120931	P14	112	Moraceae	Brosimum	alicastrum	brosal	\N	108	\N	0304	1117	75.90000	91.00000	15.90000	11.00000	417330	517788	417320	1	\N	main	123	1	2003	1.30	1997-01-02	13516	\N	0	\N	alive
2410317	P14	112	Moraceae	Brosimum	alicastrum	brosal	\N	108	\N	0304	1117	75.90000	91.00000	15.90000	11.00000	417330	517788	417320	1	\N	main	204	2	\N	3.70	2010-11-18	18584	B	1	\N	alive
82764	P14	112	Moraceae	Brosimum	alicastrum	brosal	\N	108	\N	0304	1117	75.90000	91.00000	15.90000	11.00000	417330	517788	417320	1	\N		256	3	1148	4.60	2012-05-02	19115	B;cylN	1	\N	alive
105912	P14	112	Moraceae	Brosimum	alicastrum	brosal	\N	108	\N	0304	1117	75.90000	91.00000	15.90000	11.00000	417330	517788	417320	1	\N	main	256	3	2090	1.30	2012-05-02	19115	B;cylN	0	\N	alive
73104	P14	112	Moraceae	Brosimum	alicastrum	brosal	\N	108	\N	0304	1117	75.90000	91.00000	15.90000	11.00000	417330	517788	417320	1	\N		268	4	1150	4.60	2013-04-12	19460	B;cylN	1	\N	alive
2414117	P14	112	Moraceae	Brosimum	alicastrum	brosal	\N	108	\N	0304	1117	75.90000	91.00000	15.90000	11.00000	417330	517788	417320	1	\N	\N	278	5	1153	4.60	2014-04-09	19822	B;cylN	1	\N	alive
2422530	P14	112	Moraceae	Brosimum	alicastrum	brosal	\N	108	\N	0304	1117	75.90000	91.00000	15.90000	11.00000	417330	517788	417320	1	\N	\N	286	6	1156	4.60	2015-06-24	20263	B;cylN	1	\N	alive
121012	P14	112	Arecaceae	Astrocaryum	standleyanum	ast1st	\N	83	\N	0304	1117	75.20000	86.90000	15.20000	6.90000	417331	517789	417321	1	\N	main	123	1	143	1.30	1996-11-18	13471	\N	1	\N	alive
2408259	P14	112	Arecaceae	Astrocaryum	standleyanum	ast1st	\N	83	\N	0304	1117	75.20000	86.90000	15.20000	6.90000	417331	517789	417321	1	\N	main	204	2	143	1.30	2010-11-17	18583	\N	1	\N	alive
82875	P14	112	Arecaceae	Astrocaryum	standleyanum	ast1st	\N	83	\N	0304	1117	75.20000	86.90000	15.20000	6.90000	417331	517789	417321	1	\N		256	3	143	1.30	2012-05-01	19114	\N	1	\N	alive
73223	P14	112	Arecaceae	Astrocaryum	standleyanum	ast1st	\N	83	\N	0304	1117	75.20000	86.90000	15.20000	6.90000	417331	517789	417321	1	\N		268	4	143	1.30	2013-04-16	19464	\N	1	\N	alive
2414115	P14	112	Arecaceae	Astrocaryum	standleyanum	ast1st	\N	83	\N	0304	1117	75.20000	86.90000	15.20000	6.90000	417331	517789	417321	1	\N	\N	278	5	142	1.30	2014-04-09	19822	\N	1	\N	alive
2422528	P14	112	Arecaceae	Astrocaryum	standleyanum	ast1st	\N	83	\N	0304	1117	75.20000	86.90000	15.20000	6.90000	417331	517789	417321	1	\N	\N	286	6	143	1.30	2015-06-24	20263	\N	1	\N	alive
121093	P14	112	Putranjivaceae	Drypetes	standleyi	drypst	\N	326	\N	0304	1117	77.50000	81.00000	17.50000	1.00000	417332	517790	417322	1	\N	main	123	1	292	1.30	1996-11-18	13471	\N	1	\N	alive
2408260	P14	112	Putranjivaceae	Drypetes	standleyi	drypst	\N	326	\N	0304	1117	77.50000	81.00000	17.50000	1.00000	417332	517790	417322	1	\N	main	204	2	319	1.30	2010-11-17	18583	\N	1	\N	alive
82986	P14	112	Putranjivaceae	Drypetes	standleyi	drypst	\N	326	\N	0304	1117	77.50000	81.00000	17.50000	1.00000	417332	517790	417322	1	\N		256	3	321	1.30	2012-05-01	19114	\N	1	\N	alive
73342	P14	112	Putranjivaceae	Drypetes	standleyi	drypst	\N	326	\N	0304	1117	77.50000	81.00000	17.50000	1.00000	417332	517790	417322	1	\N		268	4	322	1.30	2013-04-16	19464	\N	1	\N	alive
2414113	P14	112	Putranjivaceae	Drypetes	standleyi	drypst	\N	326	\N	0304	1117	77.50000	81.00000	17.50000	1.00000	417332	517790	417322	1	\N	\N	278	5	321	1.30	2014-04-09	19822	\N	1	\N	alive
2422526	P14	112	Putranjivaceae	Drypetes	standleyi	drypst	\N	326	\N	0304	1117	77.50000	81.00000	17.50000	1.00000	417332	517790	417322	1	\N	\N	286	6	325	1.30	2015-06-24	20263	\N	1	\N	alive
121174	P14	112	Rubiaceae	Alseis	blackiana	alsebl	\N	33	\N	0304	1117	71.60000	86.30000	11.60000	6.30000	417333	517791	417323	1	\N	main	123	1	397	3.00	1996-11-18	13471	B	1	\N	alive
121254	P14	112	Rubiaceae	Alseis	blackiana	alsebl	\N	33	\N	0304	1117	71.60000	86.30000	11.60000	6.30000	417333	517791	417323	1	\N	main	123	1	450	1.30	1997-01-02	13516	\N	0	\N	alive
2410318	P14	112	Rubiaceae	Alseis	blackiana	alsebl	\N	33	\N	0304	1117	71.60000	86.30000	11.60000	6.30000	417333	517791	417323	1	\N	main	204	2	436	3.00	2010-11-18	18584	B	1	\N	alive
83096	P14	112	Rubiaceae	Alseis	blackiana	alsebl	\N	33	\N	0304	1117	71.60000	86.30000	11.60000	6.30000	417333	517791	417323	1	\N		256	3	441	3.00	2012-05-02	19115	B;cylN	1	\N	alive
73461	P14	112	Rubiaceae	Alseis	blackiana	alsebl	\N	33	\N	0304	1117	71.60000	86.30000	11.60000	6.30000	417333	517791	417323	1	\N		268	4	445	3.00	2013-04-12	19460	B;cylN	1	\N	alive
2414108	P14	112	Rubiaceae	Alseis	blackiana	alsebl	\N	33	\N	0304	1117	71.60000	86.30000	11.60000	6.30000	417333	517791	417323	1	\N	\N	278	5	445	3.00	2014-04-09	19822	B;cylN	1	\N	alive
2422521	P14	112	Rubiaceae	Alseis	blackiana	alsebl	\N	33	\N	0304	1117	71.60000	86.30000	11.60000	6.30000	417333	517791	417323	1	\N	\N	286	6	449	3.00	2015-06-24	20263	B;cylN	1	\N	alive
121334	P14	112	Salicaceae	Casearia	arborea	casear	\N	1114	\N	0400	1171	89.80000	3.70000	9.80000	3.70000	417334	517792	417324	1	\N	main	123	1	359	1.30	1996-11-17	13470	\N	1	\N	alive
2408385	P14	112	Salicaceae	Casearia	arborea	casear	\N	1114	\N	0400	1171	89.80000	3.70000	9.80000	3.70000	417334	517792	417324	1	\N	main	204	2	380	1.30	2010-11-16	18582	\N	1	\N	alive
83976	P14	112	Salicaceae	Casearia	arborea	casear	\N	1114	\N	0400	1171	89.80000	3.70000	9.80000	3.70000	417334	517792	417324	1	\N		256	3	402	1.30	2012-05-01	19114	\N	1	\N	alive
74406	P14	112	Salicaceae	Casearia	arborea	casear	\N	1114	\N	0400	1171	89.80000	3.70000	9.80000	3.70000	417334	517792	417324	1	\N		268	4	420	1.30	2013-04-16	19464	\N	1	\N	alive
2414131	P14	112	Salicaceae	Casearia	arborea	casear	\N	1114	\N	0400	1171	89.80000	3.70000	9.80000	3.70000	417334	517792	417324	1	\N	\N	278	5	428	1.30	2014-04-09	19822	\N	1	\N	alive
2422535	P14	112	Salicaceae	Casearia	arborea	casear	\N	1114	\N	0400	1171	89.80000	3.70000	9.80000	3.70000	417334	517792	417324	1	\N	\N	286	6	437	1.30	2015-06-24	20263	\N	1	\N	alive
121414	P14	112	Apocynaceae	Tabernaemontana	arborea	tab2ar	\N	990	\N	0400	1171	87.90000	3.70000	7.90000	3.70000	417335	517793	417325	1	\N	main	123	1	111	1.30	1996-11-17	13470	\N	1	\N	alive
2408386	P14	112	Apocynaceae	Tabernaemontana	arborea	tab2ar	\N	990	\N	0400	1171	87.90000	3.70000	7.90000	3.70000	417335	517793	417325	1	\N	main	204	2	202	1.30	2010-11-16	18582	\N	1	\N	alive
84086	P14	112	Apocynaceae	Tabernaemontana	arborea	tab2ar	\N	990	\N	0400	1171	87.90000	3.70000	7.90000	3.70000	417335	517793	417325	1	\N		256	3	210	1.30	2012-05-01	19114	\N	1	\N	alive
74523	P14	112	Apocynaceae	Tabernaemontana	arborea	tab2ar	\N	990	\N	0400	1171	87.90000	3.70000	7.90000	3.70000	417335	517793	417325	1	\N		268	4	217	1.30	2013-04-16	19464	\N	1	\N	alive
2414132	P14	112	Apocynaceae	Tabernaemontana	arborea	tab2ar	\N	990	\N	0400	1171	87.90000	3.70000	7.90000	3.70000	417335	517793	417325	1	\N	\N	278	5	218	1.30	2014-04-09	19822	\N	1	\N	alive
2422536	P14	112	Apocynaceae	Tabernaemontana	arborea	tab2ar	\N	990	\N	0400	1171	87.90000	3.70000	7.90000	3.70000	417335	517793	417325	1	\N	\N	286	6	222	1.30	2015-06-24	20263	\N	1	\N	alive
121494	P14	112	Fabaceae-papilionoideae	Dipteryx	oleifera	diptpa	\N	1123	\N	0400	1171	84.60000	4.90000	4.60000	4.90000	417336	517794	417326	1	\N	main	123	1	266	1.30	1996-11-17	13470	\N	1	\N	alive
2408387	P14	112	Fabaceae-papilionoideae	Dipteryx	oleifera	diptpa	\N	1123	\N	0400	1171	84.60000	4.90000	4.60000	4.90000	417336	517794	417326	1	\N	main	204	2	\N	\N	2010-11-16	18582	D;S	1	\N	dead
84196	P14	112	Fabaceae-papilionoideae	Dipteryx	oleifera	diptpa	\N	1123	\N	0400	1171	84.60000	4.90000	4.60000	4.90000	417336	517794	417326	1	\N		256	3	\N	0.00	2012-05-01	19114	D;N	1	\N	dead
121574	P14	112	Meliaceae	Trichilia	tuberculata	tri2tu	\N	1169	\N	0400	1171	80.10000	1.20000	0.10000	1.20000	417337	517795	417327	1	\N	main	123	1	393	1.30	1996-11-17	13470	\N	1	\N	alive
2408388	P14	112	Meliaceae	Trichilia	tuberculata	tri2tu	\N	1169	\N	0400	1171	80.10000	1.20000	0.10000	1.20000	417337	517795	417327	1	\N	main	204	2	489	1.30	2010-11-16	18582	\N	1	\N	alive
84307	P14	112	Meliaceae	Trichilia	tuberculata	tri2tu	\N	1169	\N	0400	1171	80.10000	1.20000	0.10000	1.20000	417337	517795	417327	1	\N		256	3	490	1.30	2012-05-01	19114	\N	1	\N	alive
74640	P14	112	Meliaceae	Trichilia	tuberculata	tri2tu	\N	1169	\N	0400	1171	80.10000	1.20000	0.10000	1.20000	417337	517795	417327	1	\N		268	4	\N	0.00	2013-04-16	19464	D;S	1	\N	dead
2414118	P14	112	Meliaceae	Trichilia	tuberculata	tri2tu	\N	1169	\N	0400	1171	80.10000	1.20000	0.10000	1.20000	417337	517795	417327	1	\N	\N	278	5	\N	1.30	2014-04-09	19822	S;D	1	\N	dead
121654	P14	112	Bignoniaceae	Jacaranda	copaia	jac1co	\N	540	\N	0400	1171	81.10000	6.80000	1.10000	6.80000	417338	517796	417328	1	\N	main	123	1	728	1.80	1996-11-17	13470	\N	1	\N	alive
2408389	P14	112	Bignoniaceae	Jacaranda	copaia	jac1co	\N	540	\N	0400	1171	81.10000	6.80000	1.10000	6.80000	417338	517796	417328	1	\N	main	204	2	\N	\N	2010-11-16	18582	D;S	1	\N	dead
84418	P14	112	Bignoniaceae	Jacaranda	copaia	jac1co	\N	540	\N	0400	1171	81.10000	6.80000	1.10000	6.80000	417338	517796	417328	1	\N		256	3	\N	0.00	2012-05-01	19114	D;N	1	\N	dead
121734	P14	112	Myristicaceae	Virola	sebifera	virose	\N	1072	\N	0400	1171	81.20000	10.70000	1.20000	10.70000	417339	517797	417329	1	\N	main	123	1	192	1.30	1996-11-17	13470	\N	1	\N	alive
2408390	P14	112	Myristicaceae	Virola	sebifera	virose	\N	1072	\N	0400	1171	81.20000	10.70000	1.20000	10.70000	417339	517797	417329	1	\N	main	204	2	\N	\N	2010-11-16	18582	D;S	1	\N	dead
84528	P14	112	Myristicaceae	Virola	sebifera	virose	\N	1072	\N	0400	1171	81.20000	10.70000	1.20000	10.70000	417339	517797	417329	1	\N		256	3	\N	0.00	2012-05-01	19114	D;N	1	\N	dead
121814	P14	112	Moraceae	Brosimum	alicastrum	brosal	\N	108	\N	0400	1171	84.80000	7.50000	4.80000	7.50000	417340	517798	417330	1	\N	main	123	1	483	3.05	1996-11-17	13470	B	1	\N	alive
121894	P14	112	Moraceae	Brosimum	alicastrum	brosal	\N	108	\N	0400	1171	84.80000	7.50000	4.80000	7.50000	417340	517798	417330	1	\N	main	123	1	695	1.30	1997-01-02	13516	\N	0	\N	alive
2408391	P14	112	Moraceae	Brosimum	alicastrum	brosal	\N	108	\N	0400	1171	84.80000	7.50000	4.80000	7.50000	417340	517798	417330	1	\N	main	204	2	\N	\N	2010-11-16	18582	D;C	1	\N	dead
84638	P14	112	Moraceae	Brosimum	alicastrum	brosal	\N	108	\N	0400	1171	84.80000	7.50000	4.80000	7.50000	417340	517798	417330	1	\N		256	3	\N	0.00	2012-05-01	19114	D;N	1	\N	dead
121974	P14	112	Sapotaceae	Pouteria	reticulata	poutre	\N	1155	\N	0400	1171	85.90000	8.20000	5.90000	8.20000	417341	517799	417331	1	\N	main	123	1	213	1.30	1996-11-17	13470	\N	1	\N	alive
2408392	P14	112	Sapotaceae	Pouteria	reticulata	poutre	\N	1155	\N	0400	1171	85.90000	8.20000	5.90000	8.20000	417341	517799	417331	1	\N	main	204	2	291	1.30	2010-11-16	18582	\N	1	\N	alive
84748	P14	112	Sapotaceae	Pouteria	reticulata	poutre	\N	1155	\N	0400	1171	85.90000	8.20000	5.90000	8.20000	417341	517799	417331	1	\N		256	3	310	1.30	2012-05-01	19114	\N	1	\N	alive
74757	P14	112	Sapotaceae	Pouteria	reticulata	poutre	\N	1155	\N	0400	1171	85.90000	8.20000	5.90000	8.20000	417341	517799	417331	1	\N		268	4	322	1.30	2013-04-16	19464	\N	1	\N	alive
2414133	P14	112	Sapotaceae	Pouteria	reticulata	poutre	\N	1155	\N	0400	1171	85.90000	8.20000	5.90000	8.20000	417341	517799	417331	1	\N	\N	278	5	330	1.30	2014-04-09	19822	\N	1	\N	alive
2422537	P14	112	Sapotaceae	Pouteria	reticulata	poutre	\N	1155	\N	0400	1171	85.90000	8.20000	5.90000	8.20000	417341	517799	417331	1	\N	\N	286	6	338	1.30	2015-06-24	20263	\N	1	\N	alive
122054	P14	112	Burseraceae	Tetragastris	panamensis	tet2pa	\N	1007	\N	0400	1171	88.30000	8.60000	8.30000	8.60000	417342	517800	417332	1	\N	main	123	1	142	1.30	1996-11-17	13470	\N	1	\N	alive
2408393	P14	112	Burseraceae	Tetragastris	panamensis	tet2pa	\N	1007	\N	0400	1171	88.30000	8.60000	8.30000	8.60000	417342	517800	417332	1	\N	main	204	2	149	1.30	2010-11-16	18582	\N	1	\N	alive
84858	P14	112	Burseraceae	Tetragastris	panamensis	tet2pa	\N	1007	\N	0400	1171	88.30000	8.60000	8.30000	8.60000	417342	517800	417332	1	\N		256	3	\N	0.00	2012-05-01	19114	D;S	1	\N	dead
74874	P14	112	Burseraceae	Tetragastris	panamensis	tet2pa	\N	1007	\N	0400	1171	88.30000	8.60000	8.30000	8.60000	417342	517800	417332	1	\N		268	4	\N	0.00	2013-04-16	19464	D;S	1	\N	dead
122134	P14	112	Boraginaceae	Cordia	bicolor	cordbi	\N	263	\N	0400	1171	90.20000	12.80000	10.20000	12.80000	417343	517801	417333	1	\N	main	123	1	109	1.30	1996-11-17	13470	\N	1	\N	alive
2408394	P14	112	Boraginaceae	Cordia	bicolor	cordbi	\N	263	\N	0400	1171	90.20000	12.80000	10.20000	12.80000	417343	517801	417333	1	\N	main	204	2	\N	\N	2010-11-16	18582	D;N	1	\N	dead
84968	P14	112	Boraginaceae	Cordia	bicolor	cordbi	\N	263	\N	0400	1171	90.20000	12.80000	10.20000	12.80000	417343	517801	417333	1	\N		256	3	\N	0.00	2012-05-01	19114	D;N	1	\N	dead
122214	P14	112	Arecaceae	Oenocarpus	mapora	oenoma	\N	1145	\N	0400	1171	84.00000	14.80000	4.00000	14.80000	417344	517802	417334	1	\N	main	123	1	106	1.30	1996-11-17	13470	M	1	\N	alive
122847	P14	112	Arecaceae	Socratea	exorrhiza	socrex	\N	1163	\N	0400	1171	84.20000	19.70000	4.20000	19.70000	417345	517803	417335	1	\N	main	123	1	133	2.00	1996-11-17	13470	\N	1	\N	alive
2408402	P14	112	Arecaceae	Socratea	exorrhiza	socrex	\N	1163	\N	0400	1171	84.20000	19.70000	4.20000	19.70000	417345	517803	417335	1	\N	main	204	2	\N	\N	2010-11-16	18582	D;N	1	\N	dead
85847	P14	112	Arecaceae	Socratea	exorrhiza	socrex	\N	1163	\N	0400	1171	84.20000	19.70000	4.20000	19.70000	417345	517803	417335	1	\N		256	3	\N	0.00	2012-05-01	19114	D;N	1	\N	dead
122926	P14	112	Rubiaceae	Macrocnemum	roseum	macrgl	\N	1136	\N	0400	1171	90.00000	18.00000	10.00000	18.00000	417346	517804	417336	1	\N	main	123	1	109	1.30	1996-11-17	13470	\N	1	\N	alive
2408403	P14	112	Rubiaceae	Macrocnemum	roseum	macrgl	\N	1136	\N	0400	1171	90.00000	18.00000	10.00000	18.00000	417346	517804	417336	1	\N	main	204	2	\N	\N	2010-11-16	18582	D;N	1	\N	dead
85957	P14	112	Rubiaceae	Macrocnemum	roseum	macrgl	\N	1136	\N	0400	1171	90.00000	18.00000	10.00000	18.00000	417346	517804	417336	1	\N		256	3	\N	0.00	2012-05-01	19114	D;N	1	\N	dead
123005	P14	112	Erythropalaceae	Heisteria	concinna	heisco	\N	469	\N	0400	1171	93.20000	17.80000	13.20000	17.80000	417347	517805	417337	1	\N	main	123	1	\N	\N	1996-11-17	13470	M	1	\N	alive
123084	P14	112	Malpighiaceae	Spachea	membranacea	spacme	\N	961	\N	0400	1171	94.70000	17.60000	14.70000	17.60000	417348	517806	417338	1	\N	main	123	1	140	1.00	1996-11-17	13470	\N	1	\N	alive
2408405	P14	112	Malpighiaceae	Spachea	membranacea	spacme	\N	961	\N	0400	1171	94.70000	17.60000	14.70000	17.60000	417348	517806	417338	1	\N	main	204	2	\N	\N	2010-11-16	18582	D;C	1	\N	dead
86280	P14	112	Malpighiaceae	Spachea	membranacea	spacme	\N	961	\N	0400	1171	94.70000	17.60000	14.70000	17.60000	417348	517806	417338	1	\N		256	3	\N	0.00	2012-05-01	19114	D;N	1	\N	dead
123163	P14	112	Rubiaceae	Alseis	blackiana	alsebl	\N	33	\N	0400	1171	93.80000	19.70000	13.80000	19.70000	417349	517807	417339	1	\N	main	123	1	290	1.30	1996-11-17	13470	\N	1	\N	alive
2410524	P14	112	Rubiaceae	Alseis	blackiana	alsebl	\N	33	\N	0400	1171	93.80000	19.70000	13.80000	19.70000	417349	517807	417339	1	\N	main	204	2	348	1.30	2010-11-18	18584	B	0	\N	alive
2410525	P14	112	Rubiaceae	Alseis	blackiana	alsebl	\N	33	\N	0400	1171	93.80000	19.70000	13.80000	19.70000	417349	517807	417339	1	\N	main	204	2	301	3.00	2010-11-18	18584	B;cylY	1	\N	alive
86387	P14	112	Rubiaceae	Alseis	blackiana	alsebl	\N	33	\N	0400	1171	93.80000	19.70000	13.80000	19.70000	417349	517807	417339	1	\N		256	3	302	3.00	2012-05-02	19115	B;cylY	1	\N	alive
76161	P14	112	Rubiaceae	Alseis	blackiana	alsebl	\N	33	\N	0400	1171	93.80000	19.70000	13.80000	19.70000	417349	517807	417339	1	\N		268	4	302	3.00	2013-04-12	19460	B;cylN	1	\N	alive
2414139	P14	112	Rubiaceae	Alseis	blackiana	alsebl	\N	33	\N	0400	1171	93.80000	19.70000	13.80000	19.70000	417349	517807	417339	1	\N	\N	278	5	302	3.00	2014-04-09	19822	B;cylN	1	\N	alive
2422542	P14	112	Rubiaceae	Alseis	blackiana	alsebl	\N	33	\N	0400	1171	93.80000	19.70000	13.80000	19.70000	417349	517807	417339	1	\N	\N	286	6	300	3.00	2015-06-24	20263	B;cylN	1	\N	alive
123242	P14	112	Myristicaceae	Virola	sebifera	virose	\N	1072	\N	0400	1171	97.30000	14.10000	17.30000	14.10000	417350	517808	417340	1	\N	main	123	1	108	1.30	1996-11-17	13470	\N	1	\N	alive
2408406	P14	112	Myristicaceae	Virola	sebifera	virose	\N	1072	\N	0400	1171	97.30000	14.10000	17.30000	14.10000	417350	517808	417340	1	\N	main	204	2	241	1.30	2010-11-16	18582	\N	1	\N	alive
86494	P14	112	Myristicaceae	Virola	sebifera	virose	\N	1072	\N	0400	1171	97.30000	14.10000	17.30000	14.10000	417350	517808	417340	1	\N		256	3	248	1.30	2012-05-01	19114	\N	1	\N	alive
76278	P14	112	Myristicaceae	Virola	sebifera	virose	\N	1072	\N	0400	1171	97.30000	14.10000	17.30000	14.10000	417350	517808	417340	1	\N		268	4	247	1.30	2013-04-16	19464	Q	1	\N	alive
2414142	P14	112	Myristicaceae	Virola	sebifera	virose	\N	1072	\N	0400	1171	97.30000	14.10000	17.30000	14.10000	417350	517808	417340	1	\N	\N	278	5	248	1.30	2014-04-09	19822	\N	1	\N	alive
2422545	P14	112	Myristicaceae	Virola	sebifera	virose	\N	1072	\N	0400	1171	97.30000	14.10000	17.30000	14.10000	417350	517808	417340	1	\N	\N	286	6	\N	1.30	2015-06-24	20263	D	1	\N	dead
123321	P14	112	Rhizophoraceae	Cassipourea	elliptica	cassel	\N	172	\N	0400	1171	99.10000	10.20000	19.10000	10.20000	417351	517809	417341	1	\N	main	123	1	109	1.30	1996-11-17	13470	\N	1	\N	alive
2408407	P14	112	Rhizophoraceae	Cassipourea	elliptica	cassel	\N	172	\N	0400	1171	99.10000	10.20000	19.10000	10.20000	417351	517809	417341	1	\N	main	204	2	152	1.30	2010-11-16	18582	\N	1	\N	alive
86600	P14	112	Rhizophoraceae	Cassipourea	elliptica	cassel	\N	172	\N	0400	1171	99.10000	10.20000	19.10000	10.20000	417351	517809	417341	1	\N		256	3	164	1.30	2012-05-01	19114	\N	1	\N	alive
76395	P14	112	Rhizophoraceae	Cassipourea	elliptica	cassel	\N	172	\N	0400	1171	99.10000	10.20000	19.10000	10.20000	417351	517809	417341	1	\N		268	4	165	1.30	2013-04-16	19464	Q	1	\N	alive
2414143	P14	112	Rhizophoraceae	Cassipourea	elliptica	cassel	\N	172	\N	0400	1171	99.10000	10.20000	19.10000	10.20000	417351	517809	417341	1	\N	\N	278	5	165	1.30	2014-04-09	19822	\N	1	\N	alive
2422546	P14	112	Rhizophoraceae	Cassipourea	elliptica	cassel	\N	172	\N	0400	1171	99.10000	10.20000	19.10000	10.20000	417351	517809	417341	1	\N	\N	286	6	\N	1.30	2015-06-24	20263	D	1	\N	dead
123400	P14	112	Burseraceae	Protium	tenuifolium	protte		828	15	0400	1171	93.70000	11.40000	13.70000	11.40000	417352	517810	417342	1	\N	main	123	1	157	1.30	1996-11-17	13470	\N	1	\N	alive
2408408	P14	112	Burseraceae	Protium	tenuifolium	protte		828	15	0400	1171	93.70000	11.40000	13.70000	11.40000	417352	517810	417342	1	\N	main	204	2	204	1.30	2010-11-16	18582	\N	1	\N	alive
86706	P14	112	Burseraceae	Protium	tenuifolium	protte		828	15	0400	1171	93.70000	11.40000	13.70000	11.40000	417352	517810	417342	1	\N		256	3	210	1.30	2012-05-01	19114	\N	1	\N	alive
76512	P14	112	Burseraceae	Protium	tenuifolium	protte		828	15	0400	1171	93.70000	11.40000	13.70000	11.40000	417352	517810	417342	1	\N		268	4	217	1.30	2013-04-16	19464	\N	1	\N	alive
2414136	P14	112	Burseraceae	Protium	tenuifolium	protte		828	15	0400	1171	93.70000	11.40000	13.70000	11.40000	417352	517810	417342	1	\N	\N	278	5	218	1.30	2014-04-09	19822	\N	1	\N	alive
2422540	P14	112	Burseraceae	Protium	tenuifolium	protte		828	15	0400	1171	93.70000	11.40000	13.70000	11.40000	417352	517810	417342	1	\N	\N	286	6	225	1.30	2015-06-24	20263	\N	1	\N	alive
123479	P14	112	Fabaceae-mimosoideae	Inga	cocleensis	ingaco	\N	529	\N	0400	1171	99.10000	8.10000	19.10000	8.10000	417353	517811	417343	1	\N	main	123	1	108	1.30	1996-11-17	13470	\N	1	\N	alive
2408409	P14	112	Fabaceae-mimosoideae	Inga	cocleensis	ingaco	\N	529	\N	0400	1171	99.10000	8.10000	19.10000	8.10000	417353	517811	417343	1	\N	main	204	2	\N	\N	2010-11-16	18582	D;N	1	\N	dead
86812	P14	112	Fabaceae-mimosoideae	Inga	cocleensis	ingaco	\N	529	\N	0400	1171	99.10000	8.10000	19.10000	8.10000	417353	517811	417343	1	\N		256	3	\N	0.00	2012-05-01	19114	D;N	1	\N	dead
123558	P14	112	Melastomataceae	Miconia	argentea	micoar	\N	630	\N	0400	1171	90.80000	6.50000	10.80000	6.50000	417354	517812	417344	1	\N	main	123	1	245	1.30	1996-11-17	13470	\N	1	\N	alive
2408410	P14	112	Melastomataceae	Miconia	argentea	micoar	\N	630	\N	0400	1171	90.80000	6.50000	10.80000	6.50000	417354	517812	417344	1	\N	main	204	2	\N	\N	2010-11-16	18582	D;N	1	\N	dead
86918	P14	112	Melastomataceae	Miconia	argentea	micoar	\N	630	\N	0400	1171	90.80000	6.50000	10.80000	6.50000	417354	517812	417344	1	\N		256	3	\N	0.00	2012-05-01	19114	D;N	1	\N	dead
123637	P14	112	Cannabaceae	Celtis	schippii	celtsc	\N	184	\N	0400	1171	91.40000	7.00000	11.40000	7.00000	417355	517813	417345	1	\N	main	123	1	179	1.30	1996-11-17	13470	Q	1	\N	alive
2408411	P14	112	Cannabaceae	Celtis	schippii	celtsc	\N	184	\N	0400	1171	91.40000	7.00000	11.40000	7.00000	417355	517813	417345	1	\N	main	204	2	\N	\N	2010-11-16	18582	D;N	1	\N	dead
87024	P14	112	Cannabaceae	Celtis	schippii	celtsc	\N	184	\N	0400	1171	91.40000	7.00000	11.40000	7.00000	417355	517813	417345	1	\N		256	3	\N	0.00	2012-05-01	19114	D;N	1	\N	dead
123716	P14	112	Sapotaceae	Pouteria	reticulata	poutre	\N	1155	\N	0401	1225	89.20000	22.20000	9.20000	2.20000	417356	517814	417346	1	\N	main	123	1	310	1.30	1996-11-18	13471	\N	1	\N	alive
2408576	P14	112	Sapotaceae	Pouteria	reticulata	poutre	\N	1155	\N	0401	1225	89.20000	22.20000	9.20000	2.20000	417356	517814	417346	1	\N	main	204	2	408	1.30	2010-11-17	18583	\N	1	\N	alive
88085	P14	112	Sapotaceae	Pouteria	reticulata	poutre	\N	1155	\N	0401	1225	89.20000	22.20000	9.20000	2.20000	417356	517814	417346	1	\N		256	3	415	1.30	2012-05-01	19114	\N	1	\N	alive
77664	P14	112	Sapotaceae	Pouteria	reticulata	poutre	\N	1155	\N	0401	1225	89.20000	22.20000	9.20000	2.20000	417356	517814	417346	1	\N		268	4	420	1.30	2013-04-16	19464	\N	1	\N	alive
2414153	P14	112	Sapotaceae	Pouteria	reticulata	poutre	\N	1155	\N	0401	1225	89.20000	22.20000	9.20000	2.20000	417356	517814	417346	1	\N	\N	278	5	425	1.30	2014-04-09	19822	\N	1	\N	alive
2422555	P14	112	Sapotaceae	Pouteria	reticulata	poutre	\N	1155	\N	0401	1225	89.20000	22.20000	9.20000	2.20000	417356	517814	417346	1	\N	\N	286	6	429	1.30	2015-06-24	20263	\N	1	\N	alive
123795	P14	112	Fabaceae-papilionoideae	Lonchocarpus	heptaphyllus	loncla	\N	1134	\N	0401	1225	88.20000	22.50000	8.20000	2.50000	417357	517815	417347	1	\N	main	123	1	254	1.30	1996-11-18	13471	\N	1	\N	alive
2408577	P14	112	Fabaceae-papilionoideae	Lonchocarpus	heptaphyllus	loncla	\N	1134	\N	0401	1225	88.20000	22.50000	8.20000	2.50000	417357	517815	417347	1	\N	main	204	2	\N	\N	2010-11-17	18583	D;S	1	\N	dead
88190	P14	112	Fabaceae-papilionoideae	Lonchocarpus	heptaphyllus	loncla	\N	1134	\N	0401	1225	88.20000	22.50000	8.20000	2.50000	417357	517815	417347	1	\N		256	3	\N	0.00	2012-05-01	19114	D;N	1	\N	dead
123874	P14	112	Myristicaceae	Virola	sebifera	virose	\N	1072	\N	0401	1225	87.70000	21.20000	7.70000	1.20000	417358	517816	417348	1	\N	main	123	1	205	1.30	1996-11-18	13471	\N	1	\N	alive
2408578	P14	112	Myristicaceae	Virola	sebifera	virose	\N	1072	\N	0401	1225	87.70000	21.20000	7.70000	1.20000	417358	517816	417348	1	\N	main	204	2	\N	\N	2010-11-17	18583	D;N	1	\N	dead
88295	P14	112	Myristicaceae	Virola	sebifera	virose	\N	1072	\N	0401	1225	87.70000	21.20000	7.70000	1.20000	417358	517816	417348	1	\N		256	3	\N	0.00	2012-05-01	19114	D;N	1	\N	dead
123953	P14	112	Arecaceae	Socratea	exorrhiza	socrex	\N	1163	\N	0401	1225	81.10000	21.10000	1.10000	1.10000	417359	517817	417349	1	\N	main	123	1	115	2.00	1996-11-18	13471	\N	1	\N	alive
2410319	P14	112	Arecaceae	Socratea	exorrhiza	socrex	\N	1163	\N	0401	1225	81.10000	21.10000	1.10000	1.10000	417359	517817	417349	1	\N	main	204	2	115	2.00	2010-11-18	18584	B	1	\N	alive
106007	P14	112	Arecaceae	Socratea	exorrhiza	socrex	\N	1163	\N	0401	1225	81.10000	21.10000	1.10000	1.10000	417359	517817	417349	1	\N	main	256	3	\N	\N	2012-05-01	19114	B;D;S	1	\N	dead
77779	P14	112	Arecaceae	Socratea	exorrhiza	socrex	\N	1163	\N	0401	1225	81.10000	21.10000	1.10000	1.10000	417359	517817	417349	1	\N		268	4	\N	0.00	2013-04-16	19464	B;D	1	\N	dead
2414241	P14	112	Arecaceae	Socratea	exorrhiza	socrex	\N	1163	\N	0401	1225	81.10000	21.10000	1.10000	1.10000	417359	517817	417349	1	\N	\N	278	5	114	3.00	2014-04-09	19822	B;cylY	1	\N	alive
2422548	P14	112	Arecaceae	Socratea	exorrhiza	socrex	\N	1163	\N	0401	1225	81.10000	21.10000	1.10000	1.10000	417359	517817	417349	1	\N	\N	286	6	114	3.00	2015-06-24	20263	B;cylY	1	\N	alive
124032	P14	112	Arecaceae	Socratea	exorrhiza	socrex	\N	1163	\N	0401	1225	81.90000	21.70000	1.90000	1.70000	417360	517818	417350	1	\N	main	123	1	125	1.90	1996-11-18	13471	\N	1	\N	alive
2410320	P14	112	Arecaceae	Socratea	exorrhiza	socrex	\N	1163	\N	0401	1225	81.90000	21.70000	1.90000	1.70000	417360	517818	417350	1	\N	main	204	2	119	3.00	2010-11-18	18584	B;cylY	1	\N	alive
88400	P14	112	Arecaceae	Socratea	exorrhiza	socrex	\N	1163	\N	0401	1225	81.90000	21.70000	1.90000	1.70000	417360	517818	417350	1	\N		256	3	119	3.00	2012-05-02	19115	B;cylY	1	\N	alive
77894	P14	112	Arecaceae	Socratea	exorrhiza	socrex	\N	1163	\N	0401	1225	81.90000	21.70000	1.90000	1.70000	417360	517818	417350	1	\N		268	4	120	3.00	2013-04-12	19460	B;cylY	1	\N	alive
2414145	P14	112	Arecaceae	Socratea	exorrhiza	socrex	\N	1163	\N	0401	1225	81.90000	21.70000	1.90000	1.70000	417360	517818	417350	1	\N	\N	278	5	120	3.00	2014-04-09	19822	B;cylY	1	\N	alive
2422549	P14	112	Arecaceae	Socratea	exorrhiza	socrex	\N	1163	\N	0401	1225	81.90000	21.70000	1.90000	1.70000	417360	517818	417350	1	\N	\N	286	6	119	3.00	2015-06-24	20263	B;cylY	1	\N	alive
124110	P14	112	Burseraceae	Protium	panamense	protpa	\N	827	\N	0401	1225	81.90000	25.20000	1.90000	5.20000	417361	517819	417351	1	\N	main	123	1	116	1.30	1996-11-18	13471	\N	1	\N	alive
2408579	P14	112	Burseraceae	Protium	panamense	protpa	\N	827	\N	0401	1225	81.90000	25.20000	1.90000	5.20000	417361	517819	417351	1	\N	main	204	2	\N	\N	2010-11-17	18583	D;C	1	\N	dead
88505	P14	112	Burseraceae	Protium	panamense	protpa	\N	827	\N	0401	1225	81.90000	25.20000	1.90000	5.20000	417361	517819	417351	1	\N		256	3	\N	0.00	2012-05-01	19114	D;N	1	\N	dead
124188	P14	112	Euphorbiaceae	Alchornea	latifolia	alchla	\N	24	\N	0401	1225	80.20000	26.10000	0.20000	6.10000	417362	517820	417352	1	\N	main	123	1	110	1.30	1996-11-18	13471	M	1	\N	alive
124344	P14	112	Rubiaceae	Faramea	occidentalis	faraoc	\N	379	\N	0401	1225	80.50000	27.50000	0.50000	7.50000	417363	517821	417353	1	\N	main	123	1	144	1.30	1996-11-18	13471	\N	1	\N	alive
2408582	P14	112	Rubiaceae	Faramea	occidentalis	faraoc	\N	379	\N	0401	1225	80.50000	27.50000	0.50000	7.50000	417363	517821	417353	1	\N	main	204	2	\N	\N	2010-11-17	18583	D;S	1	\N	dead
88820	P14	112	Rubiaceae	Faramea	occidentalis	faraoc	\N	379	\N	0401	1225	80.50000	27.50000	0.50000	7.50000	417363	517821	417353	1	\N		256	3	\N	0.00	2012-05-01	19114	D;N	1	\N	dead
124422	P14	112	Bignoniaceae	Jacaranda	copaia	jac1co	\N	540	\N	0401	1225	81.40000	34.80000	1.40000	14.80000	417364	517822	417354	1	\N	main	123	1	313	1.30	1996-11-18	13471	\N	1	\N	alive
2408583	P14	112	Bignoniaceae	Jacaranda	copaia	jac1co	\N	540	\N	0401	1225	81.40000	34.80000	1.40000	14.80000	417364	517822	417354	1	\N	main	204	2	515	1.30	2010-11-17	18583	\N	1	\N	alive
88926	P14	112	Bignoniaceae	Jacaranda	copaia	jac1co	\N	540	\N	0401	1225	81.40000	34.80000	1.40000	14.80000	417364	517822	417354	1	\N		256	3	530	1.30	2012-05-01	19114	\N	1	\N	alive
78239	P14	112	Bignoniaceae	Jacaranda	copaia	jac1co	\N	540	\N	0401	1225	81.40000	34.80000	1.40000	14.80000	417364	517822	417354	1	\N		268	4	538	1.30	2013-04-16	19464	\N	1	\N	alive
2414150	P14	112	Bignoniaceae	Jacaranda	copaia	jac1co	\N	540	\N	0401	1225	81.40000	34.80000	1.40000	14.80000	417364	517822	417354	1	\N	\N	278	5	550	1.30	2014-04-09	19822	\N	1	\N	alive
2422552	P14	112	Bignoniaceae	Jacaranda	copaia	jac1co	\N	540	\N	0401	1225	81.40000	34.80000	1.40000	14.80000	417364	517822	417354	1	\N	\N	286	6	555	1.30	2015-06-24	20263	\N	1	\N	alive
124500	P14	112	Annonaceae	Annona	spraguei	annosp	\N	58	\N	0401	1225	85.90000	29.80000	5.90000	9.80000	417365	517823	417355	1	\N	main	123	1	137	1.30	1996-11-18	13471	\N	1	\N	alive
2408584	P14	112	Annonaceae	Annona	spraguei	annosp	\N	58	\N	0401	1225	85.90000	29.80000	5.90000	9.80000	417365	517823	417355	1	\N	main	204	2	\N	\N	2010-11-17	18583	D;N	1	\N	dead
89032	P14	112	Annonaceae	Annona	spraguei	annosp	\N	58	\N	0401	1225	85.90000	29.80000	5.90000	9.80000	417365	517823	417355	1	\N		256	3	\N	0.00	2012-05-01	19114	D;N	1	\N	dead
124578	P14	112	Myristicaceae	Virola	sebifera	virose	\N	1072	\N	0401	1225	89.40000	30.20000	9.40000	10.20000	417366	517824	417356	1	\N	main	123	1	284	1.30	1996-11-18	13471	\N	1	\N	alive
2408585	P14	112	Myristicaceae	Virola	sebifera	virose	\N	1072	\N	0401	1225	89.40000	30.20000	9.40000	10.20000	417366	517824	417356	1	\N	main	204	2	298	1.30	2010-11-17	18583	\N	1	\N	alive
89138	P14	112	Myristicaceae	Virola	sebifera	virose	\N	1072	\N	0401	1225	89.40000	30.20000	9.40000	10.20000	417366	517824	417356	1	\N		256	3	298	1.30	2012-05-01	19114	\N	1	\N	alive
78354	P14	112	Myristicaceae	Virola	sebifera	virose	\N	1072	\N	0401	1225	89.40000	30.20000	9.40000	10.20000	417366	517824	417356	1	\N		268	4	300	1.30	2013-04-16	19464	Q	1	\N	alive
2414155	P14	112	Myristicaceae	Virola	sebifera	virose	\N	1072	\N	0401	1225	89.40000	30.20000	9.40000	10.20000	417366	517824	417356	1	\N	\N	278	5	\N	1.30	2014-04-09	19822	S;D	1	\N	dead
2422557	P14	112	Myristicaceae	Virola	sebifera	virose	\N	1072	\N	0401	1225	89.40000	30.20000	9.40000	10.20000	417366	517824	417356	1	\N	\N	286	6	\N	1.30	2015-06-24	20263	D	1	\N	dead
124656	P14	112	Rubiaceae	Faramea	occidentalis	faraoc	\N	379	\N	0401	1225	88.60000	25.50000	8.60000	5.50000	417367	517825	417357	1	\N	main	123	1	106	1.30	1996-11-18	13471	\N	1	\N	alive
2408586	P14	112	Rubiaceae	Faramea	occidentalis	faraoc	\N	379	\N	0401	1225	88.60000	25.50000	8.60000	5.50000	417367	517825	417357	1	\N	main	204	2	110	1.30	2010-11-17	18583	\N	1	\N	alive
89244	P14	112	Rubiaceae	Faramea	occidentalis	faraoc	\N	379	\N	0401	1225	88.60000	25.50000	8.60000	5.50000	417367	517825	417357	1	\N		256	3	\N	0.00	2012-05-01	19114	D;C	1	\N	dead
78469	P14	112	Rubiaceae	Faramea	occidentalis	faraoc	\N	379	\N	0401	1225	88.60000	25.50000	8.60000	5.50000	417367	517825	417357	1	\N		268	4	\N	0.00	2013-04-16	19464	D;S	1	\N	dead
124734	P14	112	Fabaceae-mimosoideae	Inga	cocleensis	ingaco	\N	529	\N	0401	1225	89.80000	37.90000	9.80000	17.90000	417368	517826	417358	1	\N	main	123	1	249	1.30	1996-11-18	13471	\N	1	\N	alive
2408587	P14	112	Fabaceae-mimosoideae	Inga	cocleensis	ingaco	\N	529	\N	0401	1225	89.80000	37.90000	9.80000	17.90000	417368	517826	417358	1	\N	main	204	2	\N	\N	2010-11-17	18583	D;N	1	\N	dead
89350	P14	112	Fabaceae-mimosoideae	Inga	cocleensis	ingaco	\N	529	\N	0401	1225	89.80000	37.90000	9.80000	17.90000	417368	517826	417358	1	\N		256	3	\N	0.00	2012-05-01	19114	D;N	1	\N	dead
124812	P14	112	Fabaceae-papilionoideae	Dipteryx	oleifera	diptpa	\N	1123	\N	0401	1225	93.60000	35.20000	13.60000	15.20000	417369	517827	417359	1	\N	main	123	1	215	1.30	1996-11-18	13471	\N	1	\N	alive
2408588	P14	112	Fabaceae-papilionoideae	Dipteryx	oleifera	diptpa	\N	1123	\N	0401	1225	93.60000	35.20000	13.60000	15.20000	417369	517827	417359	1	\N	main	204	2	238	1.30	2010-11-17	18583	\N	1	\N	alive
89455	P14	112	Fabaceae-papilionoideae	Dipteryx	oleifera	diptpa	\N	1123	\N	0401	1225	93.60000	35.20000	13.60000	15.20000	417369	517827	417359	1	\N		256	3	240	1.30	2012-05-01	19114	\N	1	\N	alive
78584	P14	112	Fabaceae-papilionoideae	Dipteryx	oleifera	diptpa	\N	1123	\N	0401	1225	93.60000	35.20000	13.60000	15.20000	417369	517827	417359	1	\N		268	4	239	1.30	2013-04-16	19464	\N	1	\N	alive
2414161	P14	112	Fabaceae-papilionoideae	Dipteryx	oleifera	diptpa	\N	1123	\N	0401	1225	93.60000	35.20000	13.60000	15.20000	417369	517827	417359	1	\N	\N	278	5	239	1.30	2014-04-09	19822	\N	1	\N	alive
2422562	P14	112	Fabaceae-papilionoideae	Dipteryx	oleifera	diptpa	\N	1123	\N	0401	1225	93.60000	35.20000	13.60000	15.20000	417369	517827	417359	1	\N	\N	286	6	242	1.30	2015-06-24	20263	\N	1	\N	alive
124890	P14	112	Euphorbiaceae	Alchornea	latifolia	alchla	\N	24	\N	0401	1225	98.20000	39.80000	18.20000	19.80000	417370	517828	417360	1	\N	main	123	1	158	1.00	1996-11-18	13471	\N	1	\N	alive
2408589	P14	112	Euphorbiaceae	Alchornea	latifolia	alchla	\N	24	\N	0401	1225	98.20000	39.80000	18.20000	19.80000	417370	517828	417360	1	\N	main	204	2	168	1.00	2010-11-17	18583	L	1	\N	alive
89560	P14	112	Euphorbiaceae	Alchornea	latifolia	alchla	\N	24	\N	0401	1225	98.20000	39.80000	18.20000	19.80000	417370	517828	417360	1	\N		256	3	172	1.00	2012-05-01	19114	L	1	\N	alive
78699	P14	112	Euphorbiaceae	Alchornea	latifolia	alchla	\N	24	\N	0401	1225	98.20000	39.80000	18.20000	19.80000	417370	517828	417360	1	\N		268	4	171	1.00	2013-04-16	19464	L	1	\N	alive
2414164	P14	112	Euphorbiaceae	Alchornea	latifolia	alchla	\N	24	\N	0401	1225	98.20000	39.80000	18.20000	19.80000	417370	517828	417360	1	\N	\N	278	5	172	1.30	2014-04-09	19822	L	1	\N	alive
2422565	P14	112	Euphorbiaceae	Alchornea	latifolia	alchla	\N	24	\N	0401	1225	98.20000	39.80000	18.20000	19.80000	417370	517828	417360	1	\N	\N	286	6	174	1.30	2015-06-24	20263	\N	1	\N	alive
124968	P14	112	Moraceae	Brosimum	alicastrum	brosal	\N	108	\N	0401	1225	98.70000	29.40000	18.70000	9.40000	417371	517829	417361	1	\N	main	123	1	520	3.80	1996-11-18	13471	B	1	\N	alive
125046	P14	112	Moraceae	Brosimum	alicastrum	brosal	\N	108	\N	0401	1225	98.70000	29.40000	18.70000	9.40000	417371	517829	417361	1	\N	main	123	1	761	1.30	1997-01-02	13516	\N	0	\N	alive
2410321	P14	112	Moraceae	Brosimum	alicastrum	brosal	\N	108	\N	0401	1225	98.70000	29.40000	18.70000	9.40000	417371	517829	417361	1	\N	main	204	2	762	3.80	2010-11-18	18584	B	1	\N	alive
89665	P14	112	Moraceae	Brosimum	alicastrum	brosal	\N	108	\N	0401	1225	98.70000	29.40000	18.70000	9.40000	417371	517829	417361	1	\N		256	3	769	3.80	2012-05-02	19115	B;cylN	1	\N	alive
78814	P14	112	Moraceae	Brosimum	alicastrum	brosal	\N	108	\N	0401	1225	98.70000	29.40000	18.70000	9.40000	417371	517829	417361	1	\N		268	4	803	3.80	2013-04-12	19460	B;cylN	1	\N	alive
2414163	P14	112	Moraceae	Brosimum	alicastrum	brosal	\N	108	\N	0401	1225	98.70000	29.40000	18.70000	9.40000	417371	517829	417361	1	\N	\N	278	5	806	3.80	2014-04-09	19822	B;cylN	1	\N	alive
2422564	P14	112	Moraceae	Brosimum	alicastrum	brosal	\N	108	\N	0401	1225	98.70000	29.40000	18.70000	9.40000	417371	517829	417361	1	\N	\N	286	6	831	3.80	2015-06-24	20263	B;cylN	1	\N	alive
125124	P14	112	Fabaceae-papilionoideae	Andira	inermis	andiin	\N	46	\N	0401	1225	94.50000	25.40000	14.50000	5.40000	417372	517830	417362	1	\N	main	123	1	113	1.30	1996-11-18	13471	\N	1	\N	alive
2408590	P14	112	Fabaceae-papilionoideae	Andira	inermis	andiin	\N	46	\N	0401	1225	94.50000	25.40000	14.50000	5.40000	417372	517830	417362	1	\N	main	204	2	\N	\N	2010-11-17	18583	D;N	1	\N	dead
89770	P14	112	Fabaceae-papilionoideae	Andira	inermis	andiin	\N	46	\N	0401	1225	94.50000	25.40000	14.50000	5.40000	417372	517830	417362	1	\N		256	3	\N	0.00	2012-05-01	19114	D;N	1	\N	dead
125202	P14	112	Rhizophoraceae	Cassipourea	elliptica	cassel	\N	172	\N	0401	1225	93.30000	22.30000	13.30000	2.30000	417373	517832	417363	1	\N	main	123	1	117	1.30	1996-11-18	13471	\N	1	\N	alive
2408591	P14	112	Rhizophoraceae	Cassipourea	elliptica	cassel	\N	172	\N	0401	1225	93.30000	22.30000	13.30000	2.30000	417373	517832	417363	1	\N	main	204	2	127	1.30	2010-11-17	18583	\N	1	\N	alive
89875	P14	112	Rhizophoraceae	Cassipourea	elliptica	cassel	\N	172	\N	0401	1225	93.30000	22.30000	13.30000	2.30000	417373	517832	417363	1	\N		256	3	129	1.30	2012-05-01	19114	\N	1	\N	alive
78929	P14	112	Rhizophoraceae	Cassipourea	elliptica	cassel	\N	172	\N	0401	1225	93.30000	22.30000	13.30000	2.30000	417373	517832	417363	1	\N		268	4	132	1.30	2013-04-16	19464	\N	1	\N	alive
2414159	P14	112	Rhizophoraceae	Cassipourea	elliptica	cassel	\N	172	\N	0401	1225	93.30000	22.30000	13.30000	2.30000	417373	517832	417363	1	\N	\N	278	5	134	1.30	2014-04-09	19822	\N	1	\N	alive
2422560	P14	112	Rhizophoraceae	Cassipourea	elliptica	cassel	\N	172	\N	0401	1225	93.30000	22.30000	13.30000	2.30000	417373	517832	417363	1	\N	\N	286	6	135	1.30	2015-06-24	20263	\N	1	\N	alive
125280	P14	112	Sapotaceae	Pouteria	reticulata	poutre	\N	1155	\N	0401	1225	91.40000	22.70000	11.40000	2.70000	417374	517833	417364	1	\N	main	123	1	179	1.30	1996-11-18	13471	\N	1	\N	alive
2408592	P14	112	Sapotaceae	Pouteria	reticulata	poutre	\N	1155	\N	0401	1225	91.40000	22.70000	11.40000	2.70000	417374	517833	417364	1	\N	main	204	2	227	1.30	2010-11-17	18583	\N	1	\N	alive
89980	P14	112	Sapotaceae	Pouteria	reticulata	poutre	\N	1155	\N	0401	1225	91.40000	22.70000	11.40000	2.70000	417374	517833	417364	1	\N		256	3	235	1.30	2012-05-01	19114	\N	1	\N	alive
79044	P14	112	Sapotaceae	Pouteria	reticulata	poutre	\N	1155	\N	0401	1225	91.40000	22.70000	11.40000	2.70000	417374	517833	417364	1	\N		268	4	236	1.30	2013-04-16	19464	\N	1	\N	alive
2414160	P14	112	Sapotaceae	Pouteria	reticulata	poutre	\N	1155	\N	0401	1225	91.40000	22.70000	11.40000	2.70000	417374	517833	417364	1	\N	\N	278	5	236	1.30	2014-04-09	19822	\N	1	\N	alive
2422561	P14	112	Sapotaceae	Pouteria	reticulata	poutre	\N	1155	\N	0401	1225	91.40000	22.70000	11.40000	2.70000	417374	517833	417364	1	\N	\N	286	6	237	1.30	2015-06-24	20263	\N	1	\N	alive
125358	P14	112	Bignoniaceae	Jacaranda	copaia	jac1co	\N	540	\N	0401	1225	97.90000	20.80000	17.90000	0.80000	417375	517834	417365	1	\N	main	123	1	128	1.30	1996-11-18	13471	\N	1	\N	alive
2408593	P14	112	Bignoniaceae	Jacaranda	copaia	jac1co	\N	540	\N	0401	1225	97.90000	20.80000	17.90000	0.80000	417375	517834	417365	1	\N	main	204	2	\N	\N	2010-11-17	18583	D;N	1	\N	dead
90085	P14	112	Bignoniaceae	Jacaranda	copaia	jac1co	\N	540	\N	0401	1225	97.90000	20.80000	17.90000	0.80000	417375	517834	417365	1	\N		256	3	\N	0.00	2012-05-01	19114	D;N	1	\N	dead
125436	P14	112	Euphorbiaceae	Hura	crepitans	huracr	\N	492	\N	0402	1279	83.60000	40.60000	3.60000	0.60000	417376	517835	417366	1	\N	main	123	1	193	1.30	1996-11-18	13471	L	1	\N	alive
2408729	P14	112	Euphorbiaceae	Hura	crepitans	huracr	\N	492	\N	0402	1279	83.60000	40.60000	3.60000	0.60000	417376	517835	417366	1	\N	main	204	2	204	1.30	2010-11-16	18582	\N	1	\N	alive
91742	P14	112	Euphorbiaceae	Hura	crepitans	huracr	\N	492	\N	0402	1279	83.60000	40.60000	3.60000	0.60000	417376	517835	417366	1	\N		256	3	230	1.30	2012-05-02	19115	\N	1	\N	alive
80874	P14	112	Euphorbiaceae	Hura	crepitans	huracr	\N	492	\N	0402	1279	83.60000	40.60000	3.60000	0.60000	417376	517835	417366	1	\N		268	4	230	1.30	2013-04-16	19464	\N	1	\N	alive
2414172	P14	112	Euphorbiaceae	Hura	crepitans	huracr	\N	492	\N	0402	1279	83.60000	40.60000	3.60000	0.60000	417376	517835	417366	1	\N	\N	278	5	235	1.30	2014-04-09	19822	\N	1	\N	alive
2422568	P14	112	Euphorbiaceae	Hura	crepitans	huracr	\N	492	\N	0402	1279	83.60000	40.60000	3.60000	0.60000	417376	517835	417366	1	\N	\N	286	6	235	1.30	2015-09-14	20345	Q	1	\N	alive
125514	P14	112	Burseraceae	Protium	tenuifolium	protte		828	15	0402	1279	80.70000	44.60000	0.70000	4.60000	417377	517836	417367	1	\N	main	123	1	154	1.30	1996-11-18	13471	\N	1	\N	alive
2408730	P14	112	Burseraceae	Protium	tenuifolium	protte		828	15	0402	1279	80.70000	44.60000	0.70000	4.60000	417377	517836	417367	1	\N	main	204	2	253	1.00	2010-11-16	18582	\N	1	\N	alive
91845	P14	112	Burseraceae	Protium	tenuifolium	protte		828	15	0402	1279	80.70000	44.60000	0.70000	4.60000	417377	517836	417367	1	\N		256	3	253	1.00	2012-05-02	19115	\N	1	\N	alive
80986	P14	112	Burseraceae	Protium	tenuifolium	protte		828	15	0402	1279	80.70000	44.60000	0.70000	4.60000	417377	517836	417367	1	\N		268	4	255	1.00	2013-04-16	19464	\N	1	\N	alive
2414173	P14	112	Burseraceae	Protium	tenuifolium	protte		828	15	0402	1279	80.70000	44.60000	0.70000	4.60000	417377	517836	417367	1	\N	\N	278	5	260	1.30	2014-04-09	19822	\N	1	\N	alive
2422569	P14	112	Burseraceae	Protium	tenuifolium	protte		828	15	0402	1279	80.70000	44.60000	0.70000	4.60000	417377	517836	417367	1	\N	\N	286	6	260	1.30	2015-09-14	20345	Q	1	\N	alive
125592	P14	112	Sapotaceae	Pouteria	fossicola	poutfo	\N	809	\N	0402	1279	80.40000	45.40000	0.40000	5.40000	417378	517837	417368	1	\N	main	123	1	191	1.30	1996-11-18	13471	\N	1	\N	alive
2408731	P14	112	Sapotaceae	Pouteria	fossicola	poutfo	\N	809	\N	0402	1279	80.40000	45.40000	0.40000	5.40000	417378	517837	417368	1	\N	main	204	2	200	1.50	2010-11-16	18582	\N	1	\N	alive
91947	P14	112	Sapotaceae	Pouteria	fossicola	poutfo	\N	809	\N	0402	1279	80.40000	45.40000	0.40000	5.40000	417378	517837	417368	1	\N		256	3	258	1.50	2012-05-02	19115	\N	1	\N	alive
81098	P14	112	Sapotaceae	Pouteria	fossicola	poutfo	\N	809	\N	0402	1279	80.40000	45.40000	0.40000	5.40000	417378	517837	417368	1	\N		268	4	260	1.50	2013-04-16	19464	\N	1	\N	alive
2414174	P14	112	Sapotaceae	Pouteria	fossicola	poutfo	\N	809	\N	0402	1279	80.40000	45.40000	0.40000	5.40000	417378	517837	417368	1	\N	\N	278	5	260	1.30	2014-04-09	19822	\N	1	\N	alive
2422570	P14	112	Sapotaceae	Pouteria	fossicola	poutfo	\N	809	\N	0402	1279	80.40000	45.40000	0.40000	5.40000	417378	517837	417368	1	\N	\N	286	6	260	1.30	2015-09-14	20345	Q	1	\N	alive
125670	P14	112	Fabaceae-papilionoideae	Pterocarpus	rohrii	pterro	\N	869	\N	0402	1279	82.70000	48.50000	2.70000	8.50000	417379	517838	417369	1	\N	main	123	1	150	1.30	1996-11-18	13471	\N	1	\N	alive
2408732	P14	112	Fabaceae-papilionoideae	Pterocarpus	rohrii	pterro	\N	869	\N	0402	1279	82.70000	48.50000	2.70000	8.50000	417379	517838	417369	1	\N	main	204	2	\N	\N	2010-11-16	18582	D;N	1	\N	dead
92049	P14	112	Fabaceae-papilionoideae	Pterocarpus	rohrii	pterro	\N	869	\N	0402	1279	82.70000	48.50000	2.70000	8.50000	417379	517838	417369	1	\N		256	3	\N	0.00	2012-05-02	19115	D;N	1	\N	dead
125748	P14	112	Urticaceae	Cecropia	insignis	cecrin	\N	177	\N	0402	1279	89.20000	50.90000	9.20000	10.90000	417380	517839	417370	1	\N	main	123	1	170	1.30	1996-11-18	13471	Q;M	1	\N	alive
125980	P14	112	Chrysobalanaceae	Hirtella	americana	hirtam	\N	483	\N	0402	1279	85.30000	54.30000	5.30000	14.30000	417381	517840	417371	1	\N	main	123	1	266	1.30	1996-11-18	13471	\N	1	\N	alive
2408733	P14	112	Chrysobalanaceae	Hirtella	americana	hirtam	\N	483	\N	0402	1279	85.30000	54.30000	5.30000	14.30000	417381	517840	417371	1	\N	main	204	2	\N	\N	2010-11-16	18582	D;C	1	\N	dead
92554	P14	112	Chrysobalanaceae	Hirtella	americana	hirtam	\N	483	\N	0402	1279	85.30000	54.30000	5.30000	14.30000	417381	517840	417371	1	\N		256	3	\N	0.00	2012-05-02	19115	D;N	1	\N	dead
126057	P14	112	Burseraceae	Tetragastris	panamensis	tet2pa	\N	1007	\N	0402	1279	82.50000	59.70000	2.50000	19.70000	417382	517841	417372	1	\N	main	123	1	333	1.30	1996-11-18	13471	\N	1	\N	alive
2408734	P14	112	Burseraceae	Tetragastris	panamensis	tet2pa	\N	1007	\N	0402	1279	82.50000	59.70000	2.50000	19.70000	417382	517841	417372	1	\N	main	204	2	340	1.30	2010-11-16	18582	\N	1	\N	alive
92655	P14	112	Burseraceae	Tetragastris	panamensis	tet2pa	\N	1007	\N	0402	1279	82.50000	59.70000	2.50000	19.70000	417382	517841	417372	1	\N		256	3	341	1.30	2012-05-02	19115	\N	1	\N	alive
81658	P14	112	Burseraceae	Tetragastris	panamensis	tet2pa	\N	1007	\N	0402	1279	82.50000	59.70000	2.50000	19.70000	417382	517841	417372	1	\N		268	4	\N	0.00	2013-04-16	19464	D;S	1	\N	dead
2414178	P14	112	Burseraceae	Tetragastris	panamensis	tet2pa	\N	1007	\N	0402	1279	82.50000	59.70000	2.50000	19.70000	417382	517841	417372	1	\N	\N	278	5	\N	1.30	2014-04-09	19822	S;D	1	\N	dead
126134	P14	112	Boraginaceae	Cordia	bicolor	cordbi	\N	263	\N	0402	1279	84.80000	59.00000	4.80000	19.00000	417383	517842	417373	1	\N	main	123	1	263	1.30	1996-11-18	13471	\N	1	\N	alive
2408735	P14	112	Boraginaceae	Cordia	bicolor	cordbi	\N	263	\N	0402	1279	84.80000	59.00000	4.80000	19.00000	417383	517842	417373	1	\N	main	204	2	\N	\N	2010-11-16	18582	D;N	1	\N	dead
92755	P14	112	Boraginaceae	Cordia	bicolor	cordbi	\N	263	\N	0402	1279	84.80000	59.00000	4.80000	19.00000	417383	517842	417373	1	\N		256	3	\N	0.00	2012-05-02	19115	D;N	1	\N	dead
126211	P14	112	Malvaceae	Apeiba	tibourbou	apeiti	\N	61	\N	0402	1279	98.70000	48.50000	18.70000	8.50000	417384	517843	417374	1	\N	main	123	1	385	1.30	1996-11-18	13471	\N	1	\N	alive
2408736	P14	112	Malvaceae	Apeiba	tibourbou	apeiti	\N	61	\N	0402	1279	98.70000	48.50000	18.70000	8.50000	417384	517843	417374	1	\N	main	204	2	\N	\N	2010-11-16	18582	D;C	1	\N	dead
92855	P14	112	Malvaceae	Apeiba	tibourbou	apeiti	\N	61	\N	0402	1279	98.70000	48.50000	18.70000	8.50000	417384	517843	417374	1	\N		256	3	\N	0.00	2012-05-02	19115	D;N	1	\N	dead
126288	P14	112	Rubiaceae	Alseis	blackiana	alsebl	\N	33	\N	0403	1333	85.30000	63.70000	5.30000	3.70000	417385	517844	417375	1	\N	main	123	1	169	1.30	1996-11-18	13471	\N	1	\N	alive
2408881	P14	112	Rubiaceae	Alseis	blackiana	alsebl	\N	33	\N	0403	1333	85.30000	63.70000	5.30000	3.70000	417385	517844	417375	1	\N	main	204	2	\N	\N	2010-11-17	18583	D;N	1	\N	dead
94344	P14	112	Rubiaceae	Alseis	blackiana	alsebl	\N	33	\N	0403	1333	85.30000	63.70000	5.30000	3.70000	417385	517844	417375	1	\N		256	3	\N	0.00	2012-05-01	19114	D;N	1	\N	dead
126365	P14	112	Apocynaceae	Tabernaemontana	arborea	tab2ar	\N	990	\N	0403	1333	89.80000	60.10000	9.80000	0.10000	417386	517845	417376	1	\N	main	123	1	376	1.30	1996-11-18	13471	\N	1	\N	alive
2408882	P14	112	Apocynaceae	Tabernaemontana	arborea	tab2ar	\N	990	\N	0403	1333	89.80000	60.10000	9.80000	0.10000	417386	517845	417376	1	\N	main	204	2	407	1.30	2010-11-17	18583	\N	1	\N	alive
94442	P14	112	Apocynaceae	Tabernaemontana	arborea	tab2ar	\N	990	\N	0403	1333	89.80000	60.10000	9.80000	0.10000	417386	517845	417376	1	\N		256	3	397	1.30	2012-05-01	19114	\N	1	\N	alive
83217	P14	112	Apocynaceae	Tabernaemontana	arborea	tab2ar	\N	990	\N	0403	1333	89.80000	60.10000	9.80000	0.10000	417386	517845	417376	1	\N		268	4	398	1.30	2013-04-16	19464	Q	1	\N	alive
2414193	P14	112	Apocynaceae	Tabernaemontana	arborea	tab2ar	\N	990	\N	0403	1333	89.80000	60.10000	9.80000	0.10000	417386	517845	417376	1	\N	\N	278	5	398	1.30	2014-04-09	19822	\N	1	\N	alive
2422586	P14	112	Apocynaceae	Tabernaemontana	arborea	tab2ar	\N	990	\N	0403	1333	89.80000	60.10000	9.80000	0.10000	417386	517845	417376	1	\N	\N	286	6	400	1.30	2015-06-24	20263	\N	1	\N	alive
126442	P14	112	Apocynaceae	Tabernaemontana	arborea	tab2ar	\N	990	\N	0403	1333	86.40000	67.90000	6.40000	7.90000	417387	517846	417377	1	\N	main	123	1	317	1.40	1996-11-18	13471	M	1	\N	alive
126595	P14	112	Rubiaceae	Posoqueria	latifolia	posola	\N	799	\N	0403	1333	86.40000	72.50000	6.40000	12.50000	417388	517847	417378	1	\N	main	123	1	142	1.30	1996-11-18	13471	\N	1	\N	alive
2408885	P14	112	Rubiaceae	Posoqueria	latifolia	posola	\N	799	\N	0403	1333	86.40000	72.50000	6.40000	12.50000	417388	517847	417378	1	\N	main	204	2	153	1.30	2010-11-17	18583	\N	1	\N	alive
94736	P14	112	Rubiaceae	Posoqueria	latifolia	posola	\N	799	\N	0403	1333	86.40000	72.50000	6.40000	12.50000	417388	517847	417378	1	\N		256	3	155	1.30	2012-05-01	19114	\N	1	\N	alive
83547	P14	112	Rubiaceae	Posoqueria	latifolia	posola	\N	799	\N	0403	1333	86.40000	72.50000	6.40000	12.50000	417388	517847	417378	1	\N		268	4	158	1.30	2013-04-16	19464	\N	1	\N	alive
2414196	P14	112	Rubiaceae	Posoqueria	latifolia	posola	\N	799	\N	0403	1333	86.40000	72.50000	6.40000	12.50000	417388	517847	417378	1	\N	\N	278	5	159	1.30	2014-04-09	19822	\N	1	\N	alive
2422589	P14	112	Rubiaceae	Posoqueria	latifolia	posola	\N	799	\N	0403	1333	86.40000	72.50000	6.40000	12.50000	417388	517847	417378	1	\N	\N	286	6	160	1.30	2015-06-24	20263	\N	1	\N	alive
126671	P14	112	Boraginaceae	Cordia	lasiocalyx	cordla	\N	269	\N	0403	1333	80.30000	78.30000	0.30000	18.30000	417389	517848	417379	1	\N	main	123	1	122	1.30	1996-11-18	13471	\N	1	\N	alive
2408886	P14	112	Boraginaceae	Cordia	lasiocalyx	cordla	\N	269	\N	0403	1333	80.30000	78.30000	0.30000	18.30000	417389	517848	417379	1	\N	main	204	2	134	1.30	2010-11-17	18583	\N	1	\N	alive
94834	P14	112	Boraginaceae	Cordia	lasiocalyx	cordla	\N	269	\N	0403	1333	80.30000	78.30000	0.30000	18.30000	417389	517848	417379	1	\N		256	3	133	1.30	2012-05-01	19114	\N	1	\N	alive
83657	P14	112	Boraginaceae	Cordia	lasiocalyx	cordla	\N	269	\N	0403	1333	80.30000	78.30000	0.30000	18.30000	417389	517848	417379	1	\N		268	4	134	1.30	2013-04-16	19464	\N	1	\N	alive
2414191	P14	112	Boraginaceae	Cordia	lasiocalyx	cordla	\N	269	\N	0403	1333	80.30000	78.30000	0.30000	18.30000	417389	517848	417379	1	\N	\N	278	5	134	1.30	2014-04-09	19822	\N	1	\N	alive
2422584	P14	112	Boraginaceae	Cordia	lasiocalyx	cordla	\N	269	\N	0403	1333	80.30000	78.30000	0.30000	18.30000	417389	517848	417379	1	\N	\N	286	6	137	1.30	2015-06-24	20263	\N	1	\N	alive
126747	P14	112	Meliaceae	Trichilia	tuberculata	tri2tu	\N	1169	\N	0403	1333	80.30000	78.90000	0.30000	18.90000	417390	517849	417380	1	\N	main	123	1	170	1.30	1996-11-18	13471	\N	1	\N	alive
2408887	P14	112	Meliaceae	Trichilia	tuberculata	tri2tu	\N	1169	\N	0403	1333	80.30000	78.90000	0.30000	18.90000	417390	517849	417380	1	\N	main	204	2	189	1.30	2010-11-17	18583	\N	1	\N	alive
94932	P14	112	Meliaceae	Trichilia	tuberculata	tri2tu	\N	1169	\N	0403	1333	80.30000	78.90000	0.30000	18.90000	417390	517849	417380	1	\N		256	3	188	1.30	2012-05-01	19114	\N	1	\N	alive
83767	P14	112	Meliaceae	Trichilia	tuberculata	tri2tu	\N	1169	\N	0403	1333	80.30000	78.90000	0.30000	18.90000	417390	517849	417380	1	\N		268	4	190	1.30	2013-04-16	19464	\N	1	\N	alive
2414192	P14	112	Meliaceae	Trichilia	tuberculata	tri2tu	\N	1169	\N	0403	1333	80.30000	78.90000	0.30000	18.90000	417390	517849	417380	1	\N	\N	278	5	189	1.30	2014-04-09	19822	\N	1	\N	alive
2422585	P14	112	Meliaceae	Trichilia	tuberculata	tri2tu	\N	1169	\N	0403	1333	80.30000	78.90000	0.30000	18.90000	417390	517849	417380	1	\N	\N	286	6	192	1.30	2015-06-24	20263	\N	1	\N	alive
126823	P14	112	Apocynaceae	Tabernaemontana	arborea	tab2ar	\N	990	\N	0403	1333	85.70000	79.30000	5.70000	19.30000	417391	517850	417381	1	\N	main	123	1	417	3.00	1996-11-18	13471	B	1	\N	alive
126899	P14	112	Apocynaceae	Tabernaemontana	arborea	tab2ar	\N	990	\N	0403	1333	85.70000	79.30000	5.70000	19.30000	417391	517850	417381	1	\N	main	123	1	480	1.30	1997-01-02	13516	\N	0	\N	alive
2410326	P14	112	Apocynaceae	Tabernaemontana	arborea	tab2ar	\N	990	\N	0403	1333	85.70000	79.30000	5.70000	19.30000	417391	517850	417381	1	\N	main	204	2	426	3.00	2010-11-18	18584	B	1	\N	alive
95031	P14	112	Apocynaceae	Tabernaemontana	arborea	tab2ar	\N	990	\N	0403	1333	85.70000	79.30000	5.70000	19.30000	417391	517850	417381	1	\N		256	3	426	3.00	2012-05-02	19115	B;cylY	1	\N	alive
83877	P14	112	Apocynaceae	Tabernaemontana	arborea	tab2ar	\N	990	\N	0403	1333	85.70000	79.30000	5.70000	19.30000	417391	517850	417381	1	\N		268	4	426	3.00	2013-04-12	19460	B;cylN	1	\N	alive
2414198	P14	112	Apocynaceae	Tabernaemontana	arborea	tab2ar	\N	990	\N	0403	1333	85.70000	79.30000	5.70000	19.30000	417391	517850	417381	1	\N	\N	278	5	428	3.00	2014-04-09	19822	B;cylN	1	\N	alive
2422591	P14	112	Apocynaceae	Tabernaemontana	arborea	tab2ar	\N	990	\N	0403	1333	85.70000	79.30000	5.70000	19.30000	417391	517850	417381	1	\N	\N	286	6	428	3.00	2015-06-24	20263	B;cylN	1	\N	alive
126975	P14	112	Rubiaceae	Alseis	blackiana	alsebl	\N	33	\N	0403	1333	86.40000	79.70000	6.40000	19.70000	417392	517851	417382	1	\N	main	123	1	420	3.20	1996-11-18	13471	B	1	\N	alive
127051	P14	112	Rubiaceae	Alseis	blackiana	alsebl	\N	33	\N	0403	1333	86.40000	79.70000	6.40000	19.70000	417392	517851	417382	1	\N	main	123	1	470	1.30	1997-01-02	13516	\N	0	\N	alive
2410327	P14	112	Rubiaceae	Alseis	blackiana	alsebl	\N	33	\N	0403	1333	86.40000	79.70000	6.40000	19.70000	417392	517851	417382	1	\N	main	204	2	427	3.20	2010-11-18	18584	B	1	\N	alive
95130	P14	112	Rubiaceae	Alseis	blackiana	alsebl	\N	33	\N	0403	1333	86.40000	79.70000	6.40000	19.70000	417392	517851	417382	1	\N		256	3	431	3.20	2012-05-02	19115	B;cylN	1	\N	alive
83987	P14	112	Rubiaceae	Alseis	blackiana	alsebl	\N	33	\N	0403	1333	86.40000	79.70000	6.40000	19.70000	417392	517851	417382	1	\N		268	4	433	3.20	2013-04-12	19460	B;cylN	1	\N	alive
2414199	P14	112	Rubiaceae	Alseis	blackiana	alsebl	\N	33	\N	0403	1333	86.40000	79.70000	6.40000	19.70000	417392	517851	417382	1	\N	\N	278	5	435	3.20	2014-04-09	19822	B;cylN	1	\N	alive
2422592	P14	112	Rubiaceae	Alseis	blackiana	alsebl	\N	33	\N	0403	1333	86.40000	79.70000	6.40000	19.70000	417392	517851	417382	1	\N	\N	286	6	438	3.20	2015-06-24	20263	B;cylN	1	\N	alive
127127	P14	112	Bignoniaceae	Jacaranda	copaia	jac1co	\N	540	\N	0403	1333	92.30000	79.70000	12.30000	19.70000	417393	517852	417383	1	\N	main	123	1	284	1.30	1996-11-18	13471	\N	1	\N	alive
2408888	P14	112	Bignoniaceae	Jacaranda	copaia	jac1co	\N	540	\N	0403	1333	92.30000	79.70000	12.30000	19.70000	417393	517852	417383	1	\N	main	204	2	391	1.30	2010-11-17	18583	\N	1	\N	alive
95229	P14	112	Bignoniaceae	Jacaranda	copaia	jac1co	\N	540	\N	0403	1333	92.30000	79.70000	12.30000	19.70000	417393	517852	417383	1	\N		256	3	396	1.30	2012-05-01	19114	\N	1	\N	alive
84097	P14	112	Bignoniaceae	Jacaranda	copaia	jac1co	\N	540	\N	0403	1333	92.30000	79.70000	12.30000	19.70000	417393	517852	417383	1	\N		268	4	398	1.30	2013-04-16	19464	\N	1	\N	alive
2414210	P14	112	Bignoniaceae	Jacaranda	copaia	jac1co	\N	540	\N	0403	1333	92.30000	79.70000	12.30000	19.70000	417393	517852	417383	1	\N	\N	278	5	401	1.30	2014-04-09	19822	\N	1	\N	alive
2422595	P14	112	Bignoniaceae	Jacaranda	copaia	jac1co	\N	540	\N	0403	1333	92.30000	79.70000	12.30000	19.70000	417393	517852	417383	1	\N	\N	286	6	407	1.30	2015-06-24	20263	\N	1	\N	alive
127202	P14	112	Fabaceae-papilionoideae	Dipteryx	oleifera	diptpa	\N	1123	\N	0403	1333	92.50000	78.00000	12.50000	18.00000	417394	517853	417384	1	\N	main	123	1	583	1.80	1996-11-18	13471	\N	1	\N	alive
2410328	P14	112	Fabaceae-papilionoideae	Dipteryx	oleifera	diptpa	\N	1123	\N	0403	1333	92.50000	78.00000	12.50000	18.00000	417394	517853	417384	1	\N	main	204	2	729	1.80	2010-11-18	18584	B	0	\N	alive
2410329	P14	112	Fabaceae-papilionoideae	Dipteryx	oleifera	diptpa	\N	1123	\N	0403	1333	92.50000	78.00000	12.50000	18.00000	417394	517853	417384	1	\N	main	204	2	682	3.00	2010-11-18	18584	B;cylN	1	\N	alive
95328	P14	112	Fabaceae-papilionoideae	Dipteryx	oleifera	diptpa	\N	1123	\N	0403	1333	92.50000	78.00000	12.50000	18.00000	417394	517853	417384	1	\N		256	3	698	3.00	2012-05-02	19115	B;cylY	1	\N	alive
84207	P14	112	Fabaceae-papilionoideae	Dipteryx	oleifera	diptpa	\N	1123	\N	0403	1333	92.50000	78.00000	12.50000	18.00000	417394	517853	417384	1	\N		268	4	701	3.00	2013-04-12	19460	B;cylN	1	\N	alive
2414211	P14	112	Fabaceae-papilionoideae	Dipteryx	oleifera	diptpa	\N	1123	\N	0403	1333	92.50000	78.00000	12.50000	18.00000	417394	517853	417384	1	\N	\N	278	5	720	3.00	2014-04-09	19822	B;cylN	1	\N	alive
2422596	P14	112	Fabaceae-papilionoideae	Dipteryx	oleifera	diptpa	\N	1123	\N	0403	1333	92.50000	78.00000	12.50000	18.00000	417394	517853	417384	1	\N	\N	286	6	727	3.00	2015-06-24	20263	B;cylN	1	\N	alive
127277	P14	112	Annonaceae	Annona	spraguei	annosp	\N	58	\N	0403	1333	95.80000	79.60000	15.80000	19.60000	417395	517854	417385	1	\N	main	123	1	285	1.30	1996-11-18	13471	Q	1	\N	alive
2408889	P14	112	Annonaceae	Annona	spraguei	annosp	\N	58	\N	0403	1333	95.80000	79.60000	15.80000	19.60000	417395	517854	417385	1	\N	main	204	2	\N	\N	2010-11-17	18583	D;N	1	\N	dead
95427	P14	112	Annonaceae	Annona	spraguei	annosp	\N	58	\N	0403	1333	95.80000	79.60000	15.80000	19.60000	417395	517854	417385	1	\N		256	3	\N	0.00	2012-05-01	19114	D;N	1	\N	dead
127352	P14	112	Sapotaceae	Chrysophyllum	cainito	chr2ca	\N	203	\N	0403	1333	94.70000	75.20000	14.70000	15.20000	417396	517855	417386	1	\N	main	123	1	189	1.30	1996-11-18	13471	\N	1	\N	alive
2410330	P14	112	Sapotaceae	Chrysophyllum	cainito	chr2ca	\N	203	\N	0403	1333	94.70000	75.20000	14.70000	15.20000	417396	517855	417386	1	\N	main	204	2	352	1.30	2010-11-18	18584	B	0	\N	alive
2410331	P14	112	Sapotaceae	Chrysophyllum	cainito	chr2ca	\N	203	\N	0403	1333	94.70000	75.20000	14.70000	15.20000	417396	517855	417386	1	\N	main	204	2	297	3.00	2010-11-18	18584	B;cylN	1	\N	alive
95526	P14	112	Sapotaceae	Chrysophyllum	cainito	chr2ca	\N	203	\N	0403	1333	94.70000	75.20000	14.70000	15.20000	417396	517855	417386	1	\N		256	3	300	3.00	2012-05-02	19115	B;cylY	1	\N	alive
84318	P14	112	Sapotaceae	Chrysophyllum	cainito	chr2ca	\N	203	\N	0403	1333	94.70000	75.20000	14.70000	15.20000	417396	517855	417386	1	\N		268	4	301	3.00	2013-04-12	19460	B;cylN	1	\N	alive
2414212	P14	112	Sapotaceae	Chrysophyllum	cainito	chr2ca	\N	203	\N	0403	1333	94.70000	75.20000	14.70000	15.20000	417396	517855	417386	1	\N	\N	278	5	303	3.00	2014-04-09	19822	B;cylN	1	\N	alive
2422597	P14	112	Sapotaceae	Chrysophyllum	cainito	chr2ca	\N	203	\N	0403	1333	94.70000	75.20000	14.70000	15.20000	417396	517855	417386	1	\N	\N	286	6	311	3.00	2015-06-24	20263	B;cylN	1	\N	alive
127427	P14	112	Rubiaceae	Alseis	blackiana	alsebl	\N	33	\N	0403	1333	95.50000	72.70000	15.50000	12.70000	417397	517856	417387	1	\N	main	123	1	146	1.30	1996-11-18	13471	\N	1	\N	alive
2408890	P14	112	Rubiaceae	Alseis	blackiana	alsebl	\N	33	\N	0403	1333	95.50000	72.70000	15.50000	12.70000	417397	517856	417387	1	\N	main	204	2	180	1.30	2010-11-17	18583	\N	1	\N	alive
95625	P14	112	Rubiaceae	Alseis	blackiana	alsebl	\N	33	\N	0403	1333	95.50000	72.70000	15.50000	12.70000	417397	517856	417387	1	\N		256	3	182	1.30	2012-05-01	19114	\N	1	\N	alive
84429	P14	112	Rubiaceae	Alseis	blackiana	alsebl	\N	33	\N	0403	1333	95.50000	72.70000	15.50000	12.70000	417397	517856	417387	1	\N		268	4	185	1.30	2013-04-16	19464	\N	1	\N	alive
2414216	P14	112	Rubiaceae	Alseis	blackiana	alsebl	\N	33	\N	0403	1333	95.50000	72.70000	15.50000	12.70000	417397	517856	417387	1	\N	\N	278	5	190	1.30	2014-04-09	19822	\N	1	\N	alive
2422600	P14	112	Rubiaceae	Alseis	blackiana	alsebl	\N	33	\N	0403	1333	95.50000	72.70000	15.50000	12.70000	417397	517856	417387	1	\N	\N	286	6	194	1.30	2015-06-24	20263	\N	1	\N	alive
127502	P14	112	Malvaceae	Luehea	seemannii	luehse	\N	582	\N	0403	1333	98.60000	71.70000	18.60000	11.70000	417398	517857	417388	1	\N	main	123	1	175	1.30	1996-11-18	13471	Q	1	\N	alive
2410332	P14	112	Malvaceae	Luehea	seemannii	luehse	\N	582	\N	0403	1333	98.60000	71.70000	18.60000	11.70000	417398	517857	417388	1	\N	main	204	2	352	1.30	2010-11-18	18584	B	0	\N	alive
2410333	P14	112	Malvaceae	Luehea	seemannii	luehse	\N	582	\N	0403	1333	98.60000	71.70000	18.60000	11.70000	417398	517857	417388	1	\N	main	204	2	330	3.00	2010-11-18	18584	B;cylN	1	\N	alive
95724	P14	112	Malvaceae	Luehea	seemannii	luehse	\N	582	\N	0403	1333	98.60000	71.70000	18.60000	11.70000	417398	517857	417388	1	\N		256	3	356	3.00	2012-05-02	19115	B;cylN	1	\N	alive
84539	P14	112	Malvaceae	Luehea	seemannii	luehse	\N	582	\N	0403	1333	98.60000	71.70000	18.60000	11.70000	417398	517857	417388	1	\N		268	4	364	3.00	2013-04-12	19460	B;cylN	1	\N	alive
2414217	P14	112	Malvaceae	Luehea	seemannii	luehse	\N	582	\N	0403	1333	98.60000	71.70000	18.60000	11.70000	417398	517857	417388	1	\N	\N	278	5	380	3.00	2014-04-09	19822	B;cylN	1	\N	alive
2422601	P14	112	Malvaceae	Luehea	seemannii	luehse	\N	582	\N	0403	1333	98.60000	71.70000	18.60000	11.70000	417398	517857	417388	1	\N	\N	286	6	400	3.00	2015-06-24	20263	B;cylN	1	\N	alive
127577	P14	112	Sapotaceae	Chrysophyllum	argenteum	chr2ar	\N	1118	\N	0403	1333	99.60000	68.10000	19.60000	8.10000	417399	517858	417389	1	\N	main	123	1	266	1.30	1996-11-18	13471	\N	1	\N	alive
2408891	P14	112	Sapotaceae	Chrysophyllum	argenteum	chr2ar	\N	1118	\N	0403	1333	99.60000	68.10000	19.60000	8.10000	417399	517858	417389	1	\N	main	204	2	304	1.30	2010-11-17	18583	\N	1	\N	alive
95823	P14	112	Sapotaceae	Chrysophyllum	argenteum	chr2ar	\N	1118	\N	0403	1333	99.60000	68.10000	19.60000	8.10000	417399	517858	417389	1	\N		256	3	305	1.30	2012-05-01	19114	\N	1	\N	alive
84649	P14	112	Sapotaceae	Chrysophyllum	argenteum	chr2ar	\N	1118	\N	0403	1333	99.60000	68.10000	19.60000	8.10000	417399	517858	417389	1	\N		268	4	305	1.30	2013-04-16	19464	\N	1	\N	alive
2414215	P14	112	Sapotaceae	Chrysophyllum	argenteum	chr2ar	\N	1118	\N	0403	1333	99.60000	68.10000	19.60000	8.10000	417399	517858	417389	1	\N	\N	278	5	304	1.30	2014-04-09	19822	\N	1	\N	alive
2422599	P14	112	Sapotaceae	Chrysophyllum	argenteum	chr2ar	\N	1118	\N	0403	1333	99.60000	68.10000	19.60000	8.10000	417399	517858	417389	1	\N	\N	286	6	305	1.30	2015-06-24	20263	\N	1	\N	alive
2398030	P14	112	Burseraceae	Trattinnickia	aspera	tratas	\N	1022	\N	0000	19	2.77000	0.21000	2.77000	0.21000	482178	848582	481751	1	1	main	204	2	115	1.30	2010-11-15	18581	\N	1	\N	alive
3710	P14	112	Burseraceae	Trattinnickia	aspera	tratas	\N	1022	\N	0000	19	2.77000	0.21000	2.77000	0.21000	482178	848582	481751	1	1		256	3	138	1.30	2012-05-01	19114	\N	1	\N	alive
2756	P14	112	Burseraceae	Trattinnickia	aspera	tratas	\N	1022	\N	0000	19	2.77000	0.21000	2.77000	0.21000	482178	848582	481751	1	1		268	4	153	1.30	2013-04-15	19463	\N	1	\N	alive
2413552	P14	112	Burseraceae	Trattinnickia	aspera	tratas	\N	1022	\N	0000	19	2.77000	0.21000	2.77000	0.21000	482178	848582	481751	1	1	\N	278	5	167	1.30	2014-04-09	19822	\N	1	\N	alive
2422199	P14	112	Burseraceae	Trattinnickia	aspera	tratas	\N	1022	\N	0000	19	2.77000	0.21000	2.77000	0.21000	482178	848582	481751	1	1	\N	286	6	193	1.30	2015-06-24	20263	\N	1	\N	alive
2398032	P14	112	Burseraceae	Tetragastris	panamensis	tet2pa	\N	1007	\N	0000	19	0.41000	13.50000	0.41000	13.50000	482179	848583	481752	1		main	204	2	105	1.30	2010-11-15	18581	\N	1	\N	alive
3986	P14	112	Burseraceae	Tetragastris	panamensis	tet2pa	\N	1007	\N	0000	19	0.41000	13.50000	0.41000	13.50000	482179	848583	481752	1			256	3	116	1.30	2012-05-01	19114	\N	1	\N	alive
3032	P14	112	Burseraceae	Tetragastris	panamensis	tet2pa	\N	1007	\N	0000	19	0.41000	13.50000	0.41000	13.50000	482179	848583	481752	1			268	4	117	1.30	2013-04-15	19463	\N	1	\N	alive
2413555	P14	112	Burseraceae	Tetragastris	panamensis	tet2pa	\N	1007	\N	0000	19	0.41000	13.50000	0.41000	13.50000	482179	848583	481752	1		\N	278	5	120	1.30	2014-04-09	19822	\N	1	\N	alive
2422201	P14	112	Burseraceae	Tetragastris	panamensis	tet2pa	\N	1007	\N	0000	19	0.41000	13.50000	0.41000	13.50000	482179	848583	481752	1		\N	286	6	127	1.30	2015-06-24	20263	\N	1	\N	alive
2398033	P14	112	Arecaceae	Oenocarpus	mapora	oenoma	\N	1145	\N	0000	19	5.39000	14.53000	5.39000	14.53000	482180	848584	481753	1	1	main	204	2	115	1.30	2010-11-15	18581	\N	1	\N	alive
4124	P14	112	Arecaceae	Oenocarpus	mapora	oenoma	\N	1145	\N	0000	19	5.39000	14.53000	5.39000	14.53000	482180	848584	481753	1	1		256	3	115	1.30	2012-05-01	19114	\N	1	\N	alive
3170	P14	112	Arecaceae	Oenocarpus	mapora	oenoma	\N	1145	\N	0000	19	5.39000	14.53000	5.39000	14.53000	482180	848584	481753	1	1		268	4	115	1.30	2013-04-15	19463	\N	1	\N	alive
2413560	P14	112	Arecaceae	Oenocarpus	mapora	oenoma	\N	1145	\N	0000	19	5.39000	14.53000	5.39000	14.53000	482180	848584	481753	1	1	\N	278	5	115	1.30	2014-04-09	19822	\N	1	\N	alive
2422205	P14	112	Arecaceae	Oenocarpus	mapora	oenoma	\N	1145	\N	0000	19	5.39000	14.53000	5.39000	14.53000	482180	848584	481753	1	1	\N	286	6	115	1.30	2015-06-24	20263	\N	1	\N	alive
2398037	P14	112	Rutaceae	Zanthoxylum	ekmanii	zantbe	\N	1172	\N	0000	19	5.21000	10.21000	5.21000	10.21000	482181	848585	481754	1		main	204	2	103	1.30	2010-11-15	18581	\N	1	\N	alive
4676	P14	112	Rutaceae	Zanthoxylum	ekmanii	zantbe	\N	1172	\N	0000	19	5.21000	10.21000	5.21000	10.21000	482181	848585	481754	1			256	3	128	1.30	2012-05-01	19114	\N	1	\N	alive
3722	P14	112	Rutaceae	Zanthoxylum	ekmanii	zantbe	\N	1172	\N	0000	19	5.21000	10.21000	5.21000	10.21000	482181	848585	481754	1			268	4	181	1.30	2013-04-15	19463	\N	1	\N	alive
2413565	P14	112	Rutaceae	Zanthoxylum	ekmanii	zantbe	\N	1172	\N	0000	19	5.21000	10.21000	5.21000	10.21000	482181	848585	481754	1		\N	278	5	192	1.30	2014-04-09	19822	\N	1	\N	alive
2422208	P14	112	Rutaceae	Zanthoxylum	ekmanii	zantbe	\N	1172	\N	0000	19	5.21000	10.21000	5.21000	10.21000	482181	848585	481754	1		\N	286	6	230	1.30	2015-06-24	20263	\N	1	\N	alive
2398038	P14	112	Rutaceae	Zanthoxylum	ekmanii	zantbe	\N	1172	\N	0000	19	5.61000	10.19000	5.61000	10.19000	482182	848586	481755	1		main	204	2	110	1.30	2010-11-15	18581	\N	1	\N	alive
4814	P14	112	Rutaceae	Zanthoxylum	ekmanii	zantbe	\N	1172	\N	0000	19	5.61000	10.19000	5.61000	10.19000	482182	848586	481755	1			256	3	147	1.30	2012-05-01	19114	\N	1	\N	alive
3860	P14	112	Rutaceae	Zanthoxylum	ekmanii	zantbe	\N	1172	\N	0000	19	5.61000	10.19000	5.61000	10.19000	482182	848586	481755	1			268	4	161	1.30	2013-04-15	19463	\N	1	\N	alive
2413566	P14	112	Rutaceae	Zanthoxylum	ekmanii	zantbe	\N	1172	\N	0000	19	5.61000	10.19000	5.61000	10.19000	482182	848586	481755	1		\N	278	5	210	1.30	2014-04-09	19822	\N	1	\N	alive
2422209	P14	112	Rutaceae	Zanthoxylum	ekmanii	zantbe	\N	1172	\N	0000	19	5.61000	10.19000	5.61000	10.19000	482182	848586	481755	1		\N	286	6	235	1.30	2015-06-24	20263	\N	1	\N	alive
2398039	P14	112	Meliaceae	Guarea	grandifolia	guargr	\N	434	\N	0000	19	10.25000	4.74000	10.25000	4.74000	482183	848587	481756	1		main	204	2	135	1.30	2010-11-15	18581	\N	1	\N	alive
4952	P14	112	Meliaceae	Guarea	grandifolia	guargr	\N	434	\N	0000	19	10.25000	4.74000	10.25000	4.74000	482183	848587	481756	1			256	3	154	1.30	2012-05-01	19114	\N	1	\N	alive
3998	P14	112	Meliaceae	Guarea	grandifolia	guargr	\N	434	\N	0000	19	10.25000	4.74000	10.25000	4.74000	482183	848587	481756	1			268	4	159	1.30	2013-04-15	19463	\N	1	\N	alive
2413576	P14	112	Meliaceae	Guarea	grandifolia	guargr	\N	434	\N	0000	19	10.25000	4.74000	10.25000	4.74000	482183	848587	481756	1		\N	278	5	170	1.30	2014-04-09	19822	\N	1	\N	alive
2422214	P14	112	Meliaceae	Guarea	grandifolia	guargr	\N	434	\N	0000	19	10.25000	4.74000	10.25000	4.74000	482183	848587	481756	1		\N	286	6	183	1.30	2015-06-24	20263	\N	1	\N	alive
2398084	P14	112	Euphorbiaceae	Croton	billbergianus	crotbi	\N	289	\N	0001	82	0.14000	22.39000	0.14000	2.39000	482224	848588	481797	1		main	204	2	130	1.30	2010-11-16	18582	\N	1	\N	alive
7435	P14	112	Euphorbiaceae	Croton	billbergianus	crotbi	\N	289	\N	0001	82	0.14000	22.39000	0.14000	2.39000	482224	848588	481797	1			256	3	145	1.30	2012-05-01	19114	\N	1	\N	alive
5653	P14	112	Euphorbiaceae	Croton	billbergianus	crotbi	\N	289	\N	0001	82	0.14000	22.39000	0.14000	2.39000	482224	848588	481797	1			268	4	154	1.30	2013-04-15	19463	\N	1	\N	alive
2413579	P14	112	Euphorbiaceae	Croton	billbergianus	crotbi	\N	289	\N	0001	82	0.14000	22.39000	0.14000	2.39000	482224	848588	481797	1		\N	278	5	158	1.30	2014-04-09	19822	\N	1	\N	alive
2422217	P14	112	Euphorbiaceae	Croton	billbergianus	crotbi	\N	289	\N	0001	82	0.14000	22.39000	0.14000	2.39000	482224	848588	481797	1		\N	286	6	160	1.30	2015-06-24	20263	\N	1	\N	alive
2398085	P14	112	Annonaceae	Annona	spraguei	annosp	\N	58	\N	0001	82	5.22000	35.21000	5.22000	15.21000	482225	848589	481798	1		main	204	2	262	1.30	2010-11-16	18582	\N	1	\N	alive
7573	P14	112	Annonaceae	Annona	spraguei	annosp	\N	58	\N	0001	82	5.22000	35.21000	5.22000	15.21000	482225	848589	481798	1			256	3	260	1.30	2012-05-01	19114	\N	1	\N	alive
5791	P14	112	Annonaceae	Annona	spraguei	annosp	\N	58	\N	0001	82	5.22000	35.21000	5.22000	15.21000	482225	848589	481798	1			268	4	260	1.30	2013-04-15	19463	\N	1	\N	alive
2413585	P14	112	Annonaceae	Annona	spraguei	annosp	\N	58	\N	0001	82	5.22000	35.21000	5.22000	15.21000	482225	848589	481798	1		\N	278	5	259	1.30	2014-04-09	19822	\N	1	\N	alive
2422223	P14	112	Annonaceae	Annona	spraguei	annosp	\N	58	\N	0001	82	5.22000	35.21000	5.22000	15.21000	482225	848589	481798	1		\N	286	6	261	1.30	2015-06-24	20263	\N	1	\N	alive
2398086	P14	112	Boraginaceae	Cordia	lasiocalyx	cordla	\N	269	\N	0001	82	17.63000	34.36000	17.63000	14.36000	482226	848590	481799	1	1	main	204	2	105	1.30	2010-11-16	18582	\N	1	\N	alive
7711	P14	112	Boraginaceae	Cordia	lasiocalyx	cordla	\N	269	\N	0001	82	17.63000	34.36000	17.63000	14.36000	482226	848590	481799	1	1		256	3	\N	0.00	2012-05-01	19114	D;S	1	\N	dead
5929	P14	112	Boraginaceae	Cordia	lasiocalyx	cordla	\N	269	\N	0001	82	17.63000	34.36000	17.63000	14.36000	482226	848590	481799	1	1		268	4	\N	0.00	2013-04-15	19463	D;N	1	\N	dead
2398088	P14	112	Arecaceae	Oenocarpus	mapora	oenoma	\N	1145	\N	0001	82	17.22000	29.64000	17.22000	9.64000	482227	848591	481800	1	1	main	204	2	102	1.30	2010-11-16	18582	\N	1	\N	alive
7987	P14	112	Arecaceae	Oenocarpus	mapora	oenoma	\N	1145	\N	0001	82	17.22000	29.64000	17.22000	9.64000	482227	848591	481800	1	1		256	3	110	1.30	2012-05-01	19114	\N	1	\N	alive
6205	P14	112	Arecaceae	Oenocarpus	mapora	oenoma	\N	1145	\N	0001	82	17.22000	29.64000	17.22000	9.64000	482227	848591	481800	1	1		268	4	111	1.30	2013-04-15	19463	\N	1	\N	alive
2413589	P14	112	Arecaceae	Oenocarpus	mapora	oenoma	\N	1145	\N	0001	82	17.22000	29.64000	17.22000	9.64000	482227	848591	481800	1	1	\N	278	5	110	1.30	2014-04-09	19822	\N	1	\N	alive
2422227	P14	112	Arecaceae	Oenocarpus	mapora	oenoma	\N	1145	\N	0001	82	17.22000	29.64000	17.22000	9.64000	482227	848591	481800	1	1	\N	286	6	112	1.30	2015-06-24	20263	\N	1	\N	alive
2398090	P14	112	Melastomataceae	Miconia	argentea	micoar	\N	630	\N	0001	82	4.25000	27.20000	4.25000	7.20000	482228	848592	481801	1		main	204	2	122	1.30	2010-11-16	18582	\N	1	\N	alive
8263	P14	112	Melastomataceae	Miconia	argentea	micoar	\N	630	\N	0001	82	4.25000	27.20000	4.25000	7.20000	482228	848592	481801	1			256	3	124	1.30	2012-05-01	19114	\N	1	\N	alive
6481	P14	112	Melastomataceae	Miconia	argentea	micoar	\N	630	\N	0001	82	4.25000	27.20000	4.25000	7.20000	482228	848592	481801	1			268	4	122	1.30	2013-04-15	19463	\N	1	\N	alive
2413581	P14	112	Melastomataceae	Miconia	argentea	micoar	\N	630	\N	0001	82	4.25000	27.20000	4.25000	7.20000	482228	848592	481801	1		\N	278	5	\N	\N	2014-04-09	19822	S;D	1	\N	dead
2422219	P14	112	Melastomataceae	Miconia	argentea	micoar	\N	630	\N	0001	82	4.25000	27.20000	4.25000	7.20000	482228	848592	481801	1		\N	286	6	\N	1.30	2015-06-24	20263	D	1	\N	dead
2398141	P14	112	Fabaceae-mimosoideae	Inga	cocleensis	ingaco	\N	529	\N	0002	145	3.63000	40.62000	3.63000	0.62000	482266	838573	481839	1		main	204	2	162	1.70	2010-11-15	18581	\N	1	\N	alive
13921	P14	112	Fabaceae-mimosoideae	Inga	cocleensis	ingaco	\N	529	\N	0002	145	3.63000	40.62000	3.63000	0.62000	482266	838573	481839	1			256	3	170	1.70	2012-05-01	19114	\N	1	\N	alive
10345	P14	112	Fabaceae-mimosoideae	Inga	cocleensis	ingaco	\N	529	\N	0002	145	3.63000	40.62000	3.63000	0.62000	482266	838573	481839	1			268	4	179	1.70	2013-04-15	19463	\N	1	\N	alive
2413595	P14	112	Fabaceae-mimosoideae	Inga	cocleensis	ingaco	\N	529	\N	0002	145	3.63000	40.62000	3.63000	0.62000	482266	838573	481839	1		\N	278	5	184	1.70	2014-04-09	19822	\N	1	\N	alive
2422231	P14	112	Fabaceae-mimosoideae	Inga	cocleensis	ingaco	\N	529	\N	0002	145	3.63000	40.62000	3.63000	0.62000	482266	838573	481839	1		\N	286	6	188	1.30	2015-06-24	20263	\N	1	\N	alive
2398142	P14	112	Annonaceae	Annona	spraguei	annosp	\N	58	\N	0002	145	0.21000	40.38000	0.21000	0.38000	482267	838574	481840	1		main	204	2	177	1.30	2010-11-15	18581	\N	1	\N	alive
14059	P14	112	Annonaceae	Annona	spraguei	annosp	\N	58	\N	0002	145	0.21000	40.38000	0.21000	0.38000	482267	838574	481840	1			256	3	178	1.30	2012-05-01	19114	\N	1	\N	alive
10483	P14	112	Annonaceae	Annona	spraguei	annosp	\N	58	\N	0002	145	0.21000	40.38000	0.21000	0.38000	482267	838574	481840	1			268	4	178	1.30	2013-04-15	19463	\N	1	\N	alive
2413596	P14	112	Annonaceae	Annona	spraguei	annosp	\N	58	\N	0002	145	0.21000	40.38000	0.21000	0.38000	482267	838574	481840	1		\N	278	5	177	1.30	2014-04-09	19822	\N	1	\N	alive
2422232	P14	112	Annonaceae	Annona	spraguei	annosp	\N	58	\N	0002	145	0.21000	40.38000	0.21000	0.38000	482267	838574	481840	1		\N	286	6	180	1.30	2015-06-24	20263	\N	1	\N	alive
2398143	P14	112	Fabaceae-mimosoideae	Inga	cocleensis	ingaco	\N	529	\N	0002	145	4.76000	46.83000	4.76000	6.83000	482268	838575	481841	1		main	204	2	122	1.30	2010-11-15	18581	\N	1	\N	alive
14197	P14	112	Fabaceae-mimosoideae	Inga	cocleensis	ingaco	\N	529	\N	0002	145	4.76000	46.83000	4.76000	6.83000	482268	838575	481841	1			256	3	141	1.30	2012-05-01	19114	\N	1	\N	alive
10621	P14	112	Fabaceae-mimosoideae	Inga	cocleensis	ingaco	\N	529	\N	0002	145	4.76000	46.83000	4.76000	6.83000	482268	838575	481841	1			268	4	150	1.30	2013-04-15	19463	\N	1	\N	alive
2413597	P14	112	Fabaceae-mimosoideae	Inga	cocleensis	ingaco	\N	529	\N	0002	145	4.76000	46.83000	4.76000	6.83000	482268	838575	481841	1		\N	278	5	152	1.30	2014-04-09	19822	\N	1	\N	alive
2422233	P14	112	Fabaceae-mimosoideae	Inga	cocleensis	ingaco	\N	529	\N	0002	145	4.76000	46.83000	4.76000	6.83000	482268	838575	481841	1		\N	286	6	160	1.30	2015-06-24	20263	\N	1	\N	alive
2398144	P14	112	Apocynaceae	Stemmadenia	grandiflora	stemgr	\N	970	\N	0002	145	4.63000	58.64000	4.63000	18.64000	482269	838576	481842	1	1	main	204	2	121	1.30	2010-11-15	18581	\N	1	\N	alive
14335	P14	112	Apocynaceae	Stemmadenia	grandiflora	stemgr	\N	970	\N	0002	145	4.63000	58.64000	4.63000	18.64000	482269	838576	481842	1	1		256	3	121	1.30	2012-05-01	19114	\N	1	\N	alive
10759	P14	112	Apocynaceae	Stemmadenia	grandiflora	stemgr	\N	970	\N	0002	145	4.63000	58.64000	4.63000	18.64000	482269	838576	481842	1	1		268	4	121	1.30	2013-04-15	19463	\N	1	\N	alive
2413598	P14	112	Apocynaceae	Stemmadenia	grandiflora	stemgr	\N	970	\N	0002	145	4.63000	58.64000	4.63000	18.64000	482269	838576	481842	1	1	\N	278	5	122	1.30	2014-04-09	19822	\N	1	\N	alive
2422234	P14	112	Apocynaceae	Stemmadenia	grandiflora	stemgr	\N	970	\N	0002	145	4.63000	58.64000	4.63000	18.64000	482269	838576	481842	1	1	\N	286	6	125	1.30	2015-06-24	20263	\N	1	\N	alive
2398146	P14	112	Arecaceae	Oenocarpus	mapora	oenoma	\N	1145	\N	0002	145	7.85000	55.45000	7.85000	15.45000	482270	838577	481843	1	1	main	204	2	107	1.30	2010-11-15	18581	\N	1	\N	alive
14611	P14	112	Arecaceae	Oenocarpus	mapora	oenoma	\N	1145	\N	0002	145	7.85000	55.45000	7.85000	15.45000	482270	838577	481843	1	1		256	3	108	1.30	2012-05-01	19114	\N	1	\N	alive
11035	P14	112	Arecaceae	Oenocarpus	mapora	oenoma	\N	1145	\N	0002	145	7.85000	55.45000	7.85000	15.45000	482270	838577	481843	1	1		268	4	108	1.30	2013-04-15	19463	\N	1	\N	alive
2413604	P14	112	Arecaceae	Oenocarpus	mapora	oenoma	\N	1145	\N	0002	145	7.85000	55.45000	7.85000	15.45000	482270	838577	481843	1	1	\N	278	5	108	1.30	2014-04-09	19822	\N	1	\N	alive
2422240	P14	112	Arecaceae	Oenocarpus	mapora	oenoma	\N	1145	\N	0002	145	7.85000	55.45000	7.85000	15.45000	482270	838577	481843	1	1	\N	286	6	109	1.30	2015-06-24	20263	\N	1	\N	alive
2398151	P14	112	Fabaceae-mimosoideae	Inga	thibaudiana	ingath	\N	1133	\N	0002	145	5.24000	47.98000	5.24000	7.98000	482271	838578	481844	1		main	204	2	137	1.30	2010-11-15	18581	\N	1	\N	alive
15301	P14	112	Fabaceae-mimosoideae	Inga	thibaudiana	ingath	\N	1133	\N	0002	145	5.24000	47.98000	5.24000	7.98000	482271	838578	481844	1			256	3	150	1.30	2012-05-01	19114	\N	1	\N	alive
11725	P14	112	Fabaceae-mimosoideae	Inga	thibaudiana	ingath	\N	1133	\N	0002	145	5.24000	47.98000	5.24000	7.98000	482271	838578	481844	1			268	4	161	1.30	2013-04-15	19463	\N	1	\N	alive
2413603	P14	112	Fabaceae-mimosoideae	Inga	thibaudiana	ingath	\N	1133	\N	0002	145	5.24000	47.98000	5.24000	7.98000	482271	838578	481844	1		\N	278	5	168	1.30	2014-04-09	19822	\N	1	\N	alive
2422239	P14	112	Fabaceae-mimosoideae	Inga	thibaudiana	ingath	\N	1133	\N	0002	145	5.24000	47.98000	5.24000	7.98000	482271	838578	481844	1		\N	286	6	174	1.30	2015-06-24	20263	\N	1	\N	alive
2398152	P14	112	Fabaceae-mimosoideae	Inga	cocleensis	ingaco	\N	529	\N	0002	145	8.77000	44.72000	8.77000	4.72000	482272	838579	481845	1		main	204	2	112	1.30	2010-11-15	18581	\N	1	\N	alive
15439	P14	112	Fabaceae-mimosoideae	Inga	cocleensis	ingaco	\N	529	\N	0002	145	8.77000	44.72000	8.77000	4.72000	482272	838579	481845	1			256	3	122	1.30	2012-05-01	19114	\N	1	\N	alive
11863	P14	112	Fabaceae-mimosoideae	Inga	cocleensis	ingaco	\N	529	\N	0002	145	8.77000	44.72000	8.77000	4.72000	482272	838579	481845	1			268	4	133	1.30	2013-04-15	19463	\N	1	\N	alive
2413601	P14	112	Fabaceae-mimosoideae	Inga	cocleensis	ingaco	\N	529	\N	0002	145	8.77000	44.72000	8.77000	4.72000	482272	838579	481845	1		\N	278	5	137	1.30	2014-04-09	19822	\N	1	\N	alive
2422237	P14	112	Fabaceae-mimosoideae	Inga	cocleensis	ingaco	\N	529	\N	0002	145	8.77000	44.72000	8.77000	4.72000	482272	838579	481845	1		\N	286	6	140	1.30	2015-06-24	20263	\N	1	\N	alive
2398153	P14	112	Euphorbiaceae	Alchornea	latifolia	alchla	\N	24	\N	0002	145	15.45000	51.09000	15.45000	11.09000	482273	838580	481846	1	1	main	204	2	170	1.30	2010-11-15	18581	\N	1	\N	alive
15577	P14	112	Euphorbiaceae	Alchornea	latifolia	alchla	\N	24	\N	0002	145	15.45000	51.09000	15.45000	11.09000	482273	838580	481846	1	1		256	3	177	1.30	2012-05-01	19114	\N	1	\N	alive
12001	P14	112	Euphorbiaceae	Alchornea	latifolia	alchla	\N	24	\N	0002	145	15.45000	51.09000	15.45000	11.09000	482273	838580	481846	1	1		268	4	186	1.30	2013-04-15	19463	\N	1	\N	alive
2413635	P14	112	Euphorbiaceae	Alchornea	latifolia	alchla	\N	24	\N	0002	145	15.45000	51.09000	15.45000	11.09000	482273	838580	481846	1	1	\N	278	5	191	1.30	2014-04-09	19822	\N	1	\N	alive
2422251	P14	112	Euphorbiaceae	Alchornea	latifolia	alchla	\N	24	\N	0002	145	15.45000	51.09000	15.45000	11.09000	482273	838580	481846	1	1	\N	286	6	198	1.30	2015-06-24	20263	\N	1	\N	alive
2398154	P14	112	Melastomataceae	Miconia	argentea	micoar	\N	630	\N	0002	145	15.46000	44.79000	15.46000	4.79000	482274	838581	481847	1		main	204	2	144	1.30	2010-11-15	18581	\N	1	\N	alive
15715	P14	112	Melastomataceae	Miconia	argentea	micoar	\N	630	\N	0002	145	15.46000	44.79000	15.46000	4.79000	482274	838581	481847	1			256	3	149	1.30	2012-05-01	19114	\N	1	\N	alive
12415	P14	112	Melastomataceae	Miconia	argentea	micoar	\N	630	\N	0002	145	15.46000	44.79000	15.46000	4.79000	482274	838581	481847	1			268	4	150	1.30	2013-04-15	19463	\N	1	\N	alive
2413620	P14	112	Melastomataceae	Miconia	argentea	micoar	\N	630	\N	0002	145	15.46000	44.79000	15.46000	4.79000	482274	838581	481847	1		\N	278	5	150	1.30	2014-04-09	19822	\N	1	\N	alive
2422249	P14	112	Melastomataceae	Miconia	argentea	micoar	\N	630	\N	0002	145	15.46000	44.79000	15.46000	4.79000	482274	838581	481847	1		\N	286	6	152	1.30	2015-06-24	20263	\N	1	\N	alive
2398176	P14	112	Burseraceae	Protium	tenuifolium	protte		828	15	0003	208	4.44000	60.70000	4.44000	0.70000	482296	838582	481869	1		main	204	2	103	1.30	2010-11-16	18582	\N	1	\N	alive
19303	P14	112	Burseraceae	Protium	tenuifolium	protte		828	15	0003	208	4.44000	60.70000	4.44000	0.70000	482296	838582	481869	1			256	3	105	1.30	2012-05-01	19114	\N	1	\N	alive
15589	P14	112	Burseraceae	Protium	tenuifolium	protte		828	15	0003	208	4.44000	60.70000	4.44000	0.70000	482296	838582	481869	1			268	4	105	1.30	2013-04-15	19463	\N	1	\N	alive
2413641	P14	112	Burseraceae	Protium	tenuifolium	protte		828	15	0003	208	4.44000	60.70000	4.44000	0.70000	482296	838582	481869	1		\N	278	5	106	1.30	2014-04-09	19822	\N	1	\N	alive
2422254	P14	112	Burseraceae	Protium	tenuifolium	protte		828	15	0003	208	4.44000	60.70000	4.44000	0.70000	482296	838582	481869	1		\N	286	6	107	1.30	2015-06-24	20263	\N	1	\N	alive
2398195	P14	112	Arecaceae	Oenocarpus	mapora	oenoma	\N	1145	\N	0003	208	10.24000	69.64000	10.24000	9.64000	482297	838583	481870	1	1	main	204	2	100	1.30	2010-11-16	18582	\N	1	\N	alive
19441	P14	112	Arecaceae	Oenocarpus	mapora	oenoma	\N	1145	\N	0003	208	10.24000	69.64000	10.24000	9.64000	482297	838583	481870	1	1		256	3	100	1.30	2012-05-01	19114	\N	1	\N	alive
15727	P14	112	Arecaceae	Oenocarpus	mapora	oenoma	\N	1145	\N	0003	208	10.24000	69.64000	10.24000	9.64000	482297	838583	481870	1	1		268	4	100	1.30	2013-04-15	19463	\N	1	\N	alive
2413655	P14	112	Arecaceae	Oenocarpus	mapora	oenoma	\N	1145	\N	0003	208	10.24000	69.64000	10.24000	9.64000	482297	838583	481870	1	1	\N	278	5	\N	1.30	2014-04-09	19822	R	1	\N	broken below
2398198	P14	112	Erythropalaceae	Heisteria	concinna	heisco	\N	469	\N	0003	208	12.58000	75.56000	12.58000	15.56000	482298	838584	481871	1		main	204	2	113	1.30	2010-11-16	18582	\N	1	\N	alive
22326	P14	112	Erythropalaceae	Heisteria	concinna	heisco	\N	469	\N	0003	208	12.58000	75.56000	12.58000	15.56000	482298	838584	481871	1			256	3	119	1.30	2012-05-01	19114	\N	1	\N	alive
18073	P14	112	Erythropalaceae	Heisteria	concinna	heisco	\N	469	\N	0003	208	12.58000	75.56000	12.58000	15.56000	482298	838584	481871	1			268	4	119	1.30	2013-04-15	19463	\N	1	\N	alive
2413674	P14	112	Erythropalaceae	Heisteria	concinna	heisco	\N	469	\N	0003	208	12.58000	75.56000	12.58000	15.56000	482298	838584	481871	1		\N	278	5	118	1.30	2014-04-09	19822	\N	1	\N	alive
2422266	P14	112	Erythropalaceae	Heisteria	concinna	heisco	\N	469	\N	0003	208	12.58000	75.56000	12.58000	15.56000	482298	838584	481871	1		\N	286	6	121	1.30	2015-06-24	20263	\N	1	\N	alive
2398233	P14	112	Myristicaceae	Virola	sebifera	virose	\N	1072	\N	0004	271	2.93000	82.88000	2.93000	2.88000	482347	838585	481920	1		main	204	2	186	1.30	2010-11-16	18582	\N	1	\N	alive
26571	P14	112	Myristicaceae	Virola	sebifera	virose	\N	1072	\N	0004	271	2.93000	82.88000	2.93000	2.88000	482347	838585	481920	1			256	3	190	1.30	2012-05-01	19114	\N	1	\N	alive
20557	P14	112	Myristicaceae	Virola	sebifera	virose	\N	1072	\N	0004	271	2.93000	82.88000	2.93000	2.88000	482347	838585	481920	1			268	4	204	1.30	2013-04-15	19463	\N	1	\N	alive
2413685	P14	112	Myristicaceae	Virola	sebifera	virose	\N	1072	\N	0004	271	2.93000	82.88000	2.93000	2.88000	482347	838585	481920	1		\N	278	5	210	1.30	2014-04-09	19822	\N	1	\N	alive
2422271	P14	112	Myristicaceae	Virola	sebifera	virose	\N	1072	\N	0004	271	2.93000	82.88000	2.93000	2.88000	482347	838585	481920	1		\N	286	6	214	1.30	2015-06-24	20263	\N	1	\N	alive
2398244	P14	112	Arecaceae	Oenocarpus	mapora	oenoma	\N	1145	\N	0004	271	4.57000	82.40000	4.57000	2.40000	482348	838586	481921	1	1	main	204	2	104	1.30	2010-11-16	18582	\N	1	\N	alive
26708	P14	112	Arecaceae	Oenocarpus	mapora	oenoma	\N	1145	\N	0004	271	4.57000	82.40000	4.57000	2.40000	482348	838586	481921	1	1		256	3	108	1.30	2012-05-01	19114	\N	1	\N	alive
20695	P14	112	Arecaceae	Oenocarpus	mapora	oenoma	\N	1145	\N	0004	271	4.57000	82.40000	4.57000	2.40000	482348	838586	481921	1	1		268	4	108	1.30	2013-04-15	19463	\N	1	\N	alive
2413686	P14	112	Arecaceae	Oenocarpus	mapora	oenoma	\N	1145	\N	0004	271	4.57000	82.40000	4.57000	2.40000	482348	838586	481921	1	1	\N	278	5	\N	1.30	2014-04-09	19822	R	1	\N	broken below
2398247	P14	112	Cannabaceae	Celtis	schippii	celtsc	\N	184	\N	0004	271	12.27000	98.60000	12.27000	18.60000	482349	838587	481922	1		main	204	2	243	1.30	2010-11-16	18582	\N	1	\N	alive
28349	P14	112	Cannabaceae	Celtis	schippii	celtsc	\N	184	\N	0004	271	12.27000	98.60000	12.27000	18.60000	482349	838587	481922	1			256	3	260	1.30	2012-05-01	19114	\N	1	\N	alive
22338	P14	112	Cannabaceae	Celtis	schippii	celtsc	\N	184	\N	0004	271	12.27000	98.60000	12.27000	18.60000	482349	838587	481922	1			268	4	284	1.30	2013-04-15	19463	\N	1	\N	alive
2413709	P14	112	Cannabaceae	Celtis	schippii	celtsc	\N	184	\N	0004	271	12.27000	98.60000	12.27000	18.60000	482349	838587	481922	1		\N	278	5	300	1.30	2014-04-09	19822	\N	1	\N	alive
2422277	P14	112	Cannabaceae	Celtis	schippii	celtsc	\N	184	\N	0004	271	12.27000	98.60000	12.27000	18.60000	482349	838587	481922	1		\N	286	6	318	1.30	2015-06-24	20263	\N	1	\N	alive
2398326	P14	112	Arecaceae	Oenocarpus	mapora	oenoma	\N	1145	\N	0100	334	23.84000	5.14000	3.84000	5.14000	482384	826386	481957	1	1	main	204	2	102	1.30	2010-11-15	18581	\N	1	\N	alive
32263	P14	112	Arecaceae	Oenocarpus	mapora	oenoma	\N	1145	\N	0100	334	23.84000	5.14000	3.84000	5.14000	482384	826386	481957	1	1		256	3	103	1.30	2012-05-01	19114	\N	1	\N	alive
26035	P14	112	Arecaceae	Oenocarpus	mapora	oenoma	\N	1145	\N	0100	334	23.84000	5.14000	3.84000	5.14000	482384	826386	481957	1	1		268	4	102	1.30	2013-04-15	19463	\N	1	\N	alive
2413718	P14	112	Arecaceae	Oenocarpus	mapora	oenoma	\N	1145	\N	0100	334	23.84000	5.14000	3.84000	5.14000	482384	826386	481957	1	1	\N	278	5	102	1.30	2014-04-08	19821	\N	1	\N	alive
2422282	P14	112	Arecaceae	Oenocarpus	mapora	oenoma	\N	1145	\N	0100	334	23.84000	5.14000	3.84000	5.14000	482384	826386	481957	1	1	\N	286	6	102	1.30	2015-06-24	20263	\N	1	\N	alive
2398523	P14	112	Sapindaceae	Cupania	seemannii	cupasy	\N	1120	\N	0101	397	20.25000	24.07000	0.25000	4.07000	482738	848501	482311	1		main	204	2	14	1.30	2010-11-11	18577	\N	1	\N	alive
2398524	P14	112	Rubiaceae	Coussarea	curvigemmia	cou2cu	\N	280	\N	0101	397	24.05000	23.75000	4.05000	3.75000	482739	848502	482312	1		main	204	2	12	1.30	2010-11-11	18577	\N	1	\N	alive
2398525	P14	112	Fabaceae-caesalpinioideae	Tachigali	versicolor	tachve	\N	995	\N	0101	397	23.51000	21.61000	3.51000	1.61000	482740	848503	482313	1		main	204	2	12	1.30	2010-11-11	18577	\N	1	\N	alive
2398526	P14	112	Clusiaceae	Garcinia	intermedia	gar2in	\N	1125	\N	0101	397	20.54000	26.85000	0.54000	6.85000	482741	848504	482314	1		main	204	2	14	1.30	2010-11-11	18577	\N	1	\N	alive
2398527	P14	112	Burseraceae	Tetragastris	panamensis	tet2pa	\N	1007	\N	0101	397	21.85000	30.19000	1.85000	10.19000	482742	848505	482315	1		main	204	2	14	1.30	2010-11-11	18577	\N	1	\N	alive
2398528	P14	112	Melastomataceae	Mouriri	myrtilloides	mourmy	\N	671	\N	0101	397	20.92000	31.25000	0.92000	11.25000	482743	848506	482316	1		main	204	2	24	1.30	2010-11-11	18577	\N	1	\N	alive
2398529	P14	112	Burseraceae	Protium	panamense	protpa	\N	827	\N	0101	397	23.23000	31.34000	3.23000	11.34000	482744	848507	482317	1		main	204	2	33	1.30	2010-11-11	18577	\N	1	\N	alive
2398530	P14	112	Clusiaceae	Garcinia	intermedia	gar2in	\N	1125	\N	0101	397	29.35000	38.83000	9.35000	18.83000	482745	848508	482318	1		main	204	2	13	1.30	2010-11-11	18577	\N	1	\N	alive
2398531	P14	112	Myrtaceae	Eugenia	oerstediana	eugeoe	\N	362	\N	0101	397	29.71000	35.21000	9.71000	15.21000	482746	848509	482319	1		main	204	2	19	1.30	2010-11-11	18577	\N	1	\N	alive
2398532	P14	112	Rubiaceae	Psychotria	marginata	psycma	\N	853	\N	0101	397	29.50000	34.32000	9.50000	14.32000	482747	848510	482320	1		main	204	2	11	1.30	2010-11-11	18577	\N	1	\N	alive
2398533	P14	112	Arecaceae	Socratea	exorrhiza	socrex	\N	1163	\N	0101	397	25.95000	27.96000	5.95000	7.96000	482748	848511	482321	1		main	204	2	46	1.30	2010-11-11	18577	\N	1	\N	alive
2398534	P14	112	Violaceae	Hybanthus	prunifolius	hybapr	\N	494	\N	0101	397	26.47000	25.26000	6.47000	5.26000	482749	848512	482322	1		main	204	2	15	1.30	2010-11-11	18577	\N	1	\N	alive
2398535	P14	112	Chrysobalanaceae	Hirtella	triandra	hirttr	\N	487	\N	0101	397	32.63000	31.65000	12.63000	11.65000	482750	848513	482323	1		main	204	2	11	1.30	2010-11-11	18577	\N	1	\N	alive
2398536	P14	112	Melastomataceae	Miconia	nervosa	micone	\N	643	\N	0101	397	32.36000	32.26000	12.36000	12.26000	482751	848514	482324	1		main	204	2	19	1.30	2010-11-11	18577	\N	1	\N	alive
2398537	P14	112	Sapindaceae	Cupania	rufescens	cuparu	\N	299	\N	0101	397	34.26000	32.73000	14.26000	12.73000	482752	848515	482325	1		main	204	2	12	1.30	2010-11-11	18577	\N	1	\N	alive
2398538	P14	112	Burseraceae	Tetragastris	panamensis	tet2pa	\N	1007	\N	0101	397	30.25000	36.64000	10.25000	16.64000	482753	848516	482326	1		main	204	2	18	1.30	2010-11-11	18577	\N	1	\N	alive
2398539	P14	112	Rubiaceae	Alseis	blackiana	alsebl	\N	33	\N	0101	397	30.66000	37.61000	10.66000	17.61000	482754	848517	482327	1		main	204	2	10	1.30	2010-11-11	18577	\N	1	\N	alive
2398540	P14	112	Fabaceae-papilionoideae	Swartzia	simplex	swars2	var.ochnacea	980	8	0101	397	35.31000	30.67000	15.31000	10.67000	482755	848518	482328	1		main	204	2	16	1.30	2010-11-11	18577	\N	1	\N	alive
2398541	P14	112	Melastomataceae	Miconia	argentea	micoar	\N	630	\N	0101	397	35.81000	27.77000	15.81000	7.77000	482756	848519	482329	1		main	204	2	12	1.30	2010-11-11	18577	\N	1	\N	alive
2398542	P14	112	Rubiaceae	Palicourea	guianensis	paligu	\N	738	\N	0101	397	37.51000	29.61000	17.51000	9.61000	482757	848520	482330	1	1	main	204	2	30	1.30	2010-11-11	18577	\N	1	\N	alive
2398545	P14	112	Rubiaceae	Palicourea	guianensis	paligu	\N	738	\N	0101	397	37.12000	27.77000	17.12000	7.77000	482758	848521	482331	1		main	204	2	40	1.30	2010-11-11	18577	\N	1	\N	alive
2398546	P14	112	Rubiaceae	Palicourea	guianensis	paligu	\N	738	\N	0101	397	36.99000	25.96000	16.99000	5.96000	482759	848522	482332	1		main	204	2	25	1.30	2010-11-11	18577	\N	1	\N	alive
2398547	P14	112	Rubiaceae	Palicourea	guianensis	paligu	\N	738	\N	0101	397	37.16000	25.14000	17.16000	5.14000	482760	848523	482333	1		main	204	2	26	1.30	2010-11-11	18577	\N	1	\N	alive
2398548	P14	112	Sapindaceae	Cupania	seemannii	cupasy	\N	1120	\N	0101	397	36.79000	21.29000	16.79000	1.29000	482761	848524	482334	1		main	204	2	15	1.30	2010-11-11	18577	\N	1	\N	alive
2398549	P14	112	Annonaceae	Desmopsis	panamensis	des2pa	\N	316	\N	0101	397	37.11000	24.30000	17.11000	4.30000	482762	848525	482335	1		main	204	2	10	1.30	2010-11-11	18577	\N	1	\N	alive
2398550	P14	112	Arecaceae	Oenocarpus	mapora	oenoma	\N	1145	\N	0101	397	39.55000	20.41000	19.55000	0.41000	482763	848526	482336	1		main	204	2	69	1.30	2010-11-11	18577	\N	1	\N	alive
2398997	P14	112	Rhizophoraceae	Cassipourea	elliptica	cassel	\N	172	\N	0102	460	37.85000	52.09000	17.85000	12.09000	482800	516630	482373	1		main	204	2	53	1.30	2010-11-10	18576	\N	1	\N	alive
2398998	P14	112	Myrtaceae	Eugenia	galalonensis	eugega	\N	360	\N	0102	460	23.19000	41.89000	3.19000	1.89000	483241	849543	482814	1		main	204	2	16	1.30	2010-11-10	18576	\N	1	\N	alive
2398999	P14	112	Sapindaceae	Cupania	seemannii	cupasy	\N	1120	\N	0102	460	20.34000	47.57000	0.34000	7.57000	483242	849544	482815	1		main	204	2	17	1.30	2010-11-10	18576	\N	1	\N	alive
2399000	P14	112	Sapotaceae	Pouteria	reticulata	poutre	\N	1155	\N	0102	460	21.04000	49.25000	1.04000	9.25000	483243	849545	482816	1		main	204	2	11	1.30	2010-11-10	18576	\N	1	\N	alive
2399001	P14	112	Melastomataceae	Mouriri	myrtilloides	mourmy	\N	671	\N	0102	460	21.66000	48.08000	1.66000	8.08000	483244	849546	482817	1		main	204	2	18	1.30	2010-11-10	18576	\N	1	\N	alive
2399002	P14	112	Melastomataceae	Miconia	elata	micoel	\N	636	\N	0102	460	22.42000	47.78000	2.42000	7.78000	483245	849547	482818	1		main	204	2	17	1.30	2010-11-10	18576	\N	1	\N	alive
2399003	P14	112	Melastomataceae	Mouriri	myrtilloides	mourmy	\N	671	\N	0102	460	21.42000	46.27000	1.42000	6.27000	483246	849548	482819	1		main	204	2	17	1.30	2010-11-10	18576	\N	1	\N	alive
2399004	P14	112	Melastomataceae	Mouriri	myrtilloides	mourmy	\N	671	\N	0102	460	24.03000	45.67000	4.03000	5.67000	483247	849549	482820	1		main	204	2	18	1.30	2010-11-10	18576	\N	1	\N	alive
2399005	P14	112	Clusiaceae	Calophyllum	longifolium	calolo	\N	135	\N	0102	460	23.69000	51.40000	3.69000	11.40000	483248	849550	482821	1		main	204	2	28	1.30	2010-11-10	18576	\N	1	\N	alive
2399006	P14	112	Arecaceae	Bactris	major	bactma	\N	93	\N	0102	460	24.25000	54.74000	4.25000	14.74000	483249	849551	482822	1		main	204	2	25	1.30	2010-11-10	18576	\N	1	\N	alive
2399007	P14	112	Chrysobalanaceae	Hirtella	triandra	hirttr	\N	487	\N	0102	460	23.72000	55.35000	3.72000	15.35000	483250	849552	482823	1		main	204	2	12	1.30	2010-11-10	18576	\N	1	\N	alive
2399008	P14	112	Fabaceae-papilionoideae	Swartzia	simplex	swars2	var.ochnacea	980	8	0102	460	28.99000	54.66000	8.99000	14.66000	483251	849553	482824	1		main	204	2	12	1.30	2010-11-10	18576	\N	1	\N	alive
2399009	P14	112	Burseraceae	Tetragastris	panamensis	tet2pa	\N	1007	\N	0102	460	25.36000	54.29000	5.36000	14.29000	483252	849554	482825	1		main	204	2	18	1.30	2010-11-10	18576	\N	1	\N	alive
2399010	P14	112	Violaceae	Hybanthus	prunifolius	hybapr	\N	494	\N	0102	460	25.68000	52.73000	5.68000	12.73000	483253	849555	482826	1		main	204	2	16	1.30	2010-11-10	18576	\N	1	\N	alive
2399011	P14	112	Arecaceae	Oenocarpus	mapora	oenoma	\N	1145	\N	0102	460	26.14000	52.86000	6.14000	12.86000	483254	849556	482827	1		main	204	2	72	1.30	2010-11-10	18576	\N	1	\N	alive
2399012	P14	112	Burseraceae	Tetragastris	panamensis	tet2pa	\N	1007	\N	0102	460	28.86000	50.63000	8.86000	10.63000	483255	849557	482828	1		main	204	2	17	1.30	2010-11-10	18576	\N	1	\N	alive
2399013	P14	112	Arecaceae	Oenocarpus	mapora	oenoma	\N	1145	\N	0102	460	27.33000	41.60000	7.33000	1.60000	483256	849558	482829	1		main	204	2	80	1.30	2010-11-10	18576	\N	1	\N	alive
2399014	P14	112	Arecaceae	Oenocarpus	mapora	oenoma	\N	1145	\N	0102	460	32.64000	49.82000	12.64000	9.82000	483257	849559	482830	1		main	204	2	50	1.30	2010-11-10	18576	\N	1	\N	alive
2399015	P14	112	Melastomataceae	Mouriri	myrtilloides	mourmy	\N	671	\N	0102	460	38.51000	55.63000	18.51000	15.63000	483258	849560	482831	1		main	204	2	13	1.30	2010-11-10	18576	\N	1	\N	alive
2399016	P14	112	Annonaceae	Desmopsis	panamensis	des2pa	\N	316	\N	0102	460	38.87000	56.48000	18.87000	16.48000	483259	849561	482832	1		main	204	2	10	1.30	2010-11-10	18576	\N	1	\N	alive
2399017	P14	112	Melastomataceae	Mouriri	myrtilloides	mourmy	\N	671	\N	0102	460	39.88000	55.79000	19.88000	15.79000	483260	849562	482833	1		main	204	2	12	1.30	2010-11-10	18576	\N	1	\N	alive
2399018	P14	112	Arecaceae	Oenocarpus	mapora	oenoma	\N	1145	\N	0102	460	35.36000	46.34000	15.36000	6.34000	483261	849563	482834	1		main	204	2	52	1.30	2010-11-10	18576	\N	1	\N	alive
2399394	P14	112	Burseraceae	Trattinnickia	aspera	tratas	\N	1022	\N	0103	523	25.56000	75.81000	5.56000	15.81000	483284	826387	482857	1		main	204	2	137	1.30	2010-11-16	18582	\N	1	\N	alive
46993	P14	112	Burseraceae	Trattinnickia	aspera	tratas	\N	1022	\N	0103	523	25.56000	75.81000	5.56000	15.81000	483284	826387	482857	1			256	3	133	1.30	2012-05-01	19114	\N	1	\N	alive
41245	P14	112	Burseraceae	Trattinnickia	aspera	tratas	\N	1022	\N	0103	523	25.56000	75.81000	5.56000	15.81000	483284	826387	482857	1			268	4	132	1.30	2013-04-15	19463	\N	1	\N	alive
2413841	P14	112	Burseraceae	Trattinnickia	aspera	tratas	\N	1022	\N	0103	523	25.56000	75.81000	5.56000	15.81000	483284	826387	482857	1		\N	278	5	132	1.30	2014-04-08	19821	\N	1	\N	alive
2422336	P14	112	Burseraceae	Trattinnickia	aspera	tratas	\N	1022	\N	0103	523	25.56000	75.81000	5.56000	15.81000	483284	826387	482857	1		\N	286	6	133	1.30	2015-06-24	20263	\N	1	\N	alive
2399395	P14	112	Arecaceae	Oenocarpus	mapora	oenoma	\N	1145	\N	0103	523	26.99000	69.56000	6.99000	9.56000	483285	826388	482858	1	1	main	204	2	107	1.30	2010-11-16	18582	\N	1	\N	alive
47120	P14	112	Arecaceae	Oenocarpus	mapora	oenoma	\N	1145	\N	0103	523	26.99000	69.56000	6.99000	9.56000	483285	826388	482858	1	1		256	3	107	1.30	2012-05-01	19114	\N	1	\N	alive
41375	P14	112	Arecaceae	Oenocarpus	mapora	oenoma	\N	1145	\N	0103	523	26.99000	69.56000	6.99000	9.56000	483285	826388	482858	1	1		268	4	114	1.30	2013-04-15	19463	\N	1	\N	alive
2413828	P14	112	Arecaceae	Oenocarpus	mapora	oenoma	\N	1145	\N	0103	523	26.99000	69.56000	6.99000	9.56000	483285	826388	482858	1	1	\N	278	5	114	1.30	2014-04-08	19821	\N	1	\N	alive
2422331	P14	112	Arecaceae	Oenocarpus	mapora	oenoma	\N	1145	\N	0103	523	26.99000	69.56000	6.99000	9.56000	483285	826388	482858	1	1	\N	286	6	115	1.30	2015-06-24	20263	\N	1	\N	alive
2399409	P14	112	Myristicaceae	Virola	sebifera	virose	\N	1072	\N	0103	523	31.46000	69.78000	11.46000	9.78000	483286	826389	482859	1		main	204	2	136	1.30	2010-11-16	18582	\N	1	\N	alive
48771	P14	112	Myristicaceae	Virola	sebifera	virose	\N	1072	\N	0103	523	31.46000	69.78000	11.46000	9.78000	483286	826389	482859	1			256	3	145	1.30	2012-05-01	19114	\N	1	\N	alive
43046	P14	112	Myristicaceae	Virola	sebifera	virose	\N	1072	\N	0103	523	31.46000	69.78000	11.46000	9.78000	483286	826389	482859	1			268	4	150	1.30	2013-04-15	19463	\N	1	\N	alive
2413844	P14	112	Myristicaceae	Virola	sebifera	virose	\N	1072	\N	0103	523	31.46000	69.78000	11.46000	9.78000	483286	826389	482859	1		\N	278	5	154	1.30	2014-04-08	19821	\N	1	\N	alive
2422338	P14	112	Myristicaceae	Virola	sebifera	virose	\N	1072	\N	0103	523	31.46000	69.78000	11.46000	9.78000	483286	826389	482859	1		\N	286	6	158	1.30	2015-06-24	20263	\N	1	\N	alive
2399410	P14	112	Arecaceae	Oenocarpus	mapora	oenoma	\N	1145	\N	0103	523	35.16000	78.62000	15.16000	18.62000	483287	826390	482860	1	1	main	204	2	104	1.30	2010-11-16	18582	\N	1	\N	alive
48898	P14	112	Arecaceae	Oenocarpus	mapora	oenoma	\N	1145	\N	0103	523	35.16000	78.62000	15.16000	18.62000	483287	826390	482860	1	1		256	3	105	1.30	2012-05-01	19114	\N	1	\N	alive
43174	P14	112	Arecaceae	Oenocarpus	mapora	oenoma	\N	1145	\N	0103	523	35.16000	78.62000	15.16000	18.62000	483287	826390	482860	1	1		268	4	104	1.30	2013-04-15	19463	\N	1	\N	alive
2413869	P14	112	Arecaceae	Oenocarpus	mapora	oenoma	\N	1145	\N	0103	523	35.16000	78.62000	15.16000	18.62000	483287	826390	482860	1	1	\N	278	5	104	1.30	2014-04-08	19821	M	1	\N	alive
2422354	P14	112	Arecaceae	Oenocarpus	mapora	oenoma	\N	1145	\N	0103	523	35.16000	78.62000	15.16000	18.62000	483287	826390	482860	1	1	\N	286	6	105	1.30	2015-06-24	20263	\N	1	\N	alive
2399431	P14	112	Myrtaceae	Eugenia	coloradoensis	eugeco	\N	358	\N	0104	577	33.83000	90.37000	13.83000	10.37000	483314	826391	482887	1		main	204	2	186	1.30	2010-11-16	18582	\N	1	\N	alive
50546	P14	112	Myrtaceae	Eugenia	coloradoensis	eugeco	\N	358	\N	0104	577	33.83000	90.37000	13.83000	10.37000	483314	826391	482887	1			256	3	186	1.30	2012-05-01	19114	\N	1	\N	alive
44454	P14	112	Myrtaceae	Eugenia	coloradoensis	eugeco	\N	358	\N	0104	577	33.83000	90.37000	13.83000	10.37000	483314	826391	482887	1			268	4	194	1.30	2013-04-15	19463	\N	1	\N	alive
2413876	P14	112	Myrtaceae	Eugenia	coloradoensis	eugeco	\N	358	\N	0104	577	33.83000	90.37000	13.83000	10.37000	483314	826391	482887	1		\N	278	5	194	1.30	2014-04-08	19821	\N	1	\N	alive
2422361	P14	112	Myrtaceae	Eugenia	coloradoensis	eugeco	\N	358	\N	0104	577	33.83000	90.37000	13.83000	10.37000	483314	826391	482887	1		\N	286	6	195	1.30	2015-06-24	20263	\N	1	\N	alive
2399432	P14	112	Myristicaceae	Virola	sebifera	virose	\N	1072	\N	0104	577	31.75000	97.89000	11.75000	17.89000	483315	826392	482888	1		main	204	2	135	1.30	2010-11-16	18582	\N	1	\N	alive
50673	P14	112	Myristicaceae	Virola	sebifera	virose	\N	1072	\N	0104	577	31.75000	97.89000	11.75000	17.89000	483315	826392	482888	1			256	3	142	1.30	2012-05-01	19114	\N	1	\N	alive
44582	P14	112	Myristicaceae	Virola	sebifera	virose	\N	1072	\N	0104	577	31.75000	97.89000	11.75000	17.89000	483315	826392	482888	1			268	4	145	1.30	2013-04-15	19463	\N	1	\N	alive
2413878	P14	112	Myristicaceae	Virola	sebifera	virose	\N	1072	\N	0104	577	31.75000	97.89000	11.75000	17.89000	483315	826392	482888	1		\N	278	5	147	1.30	2014-04-08	19821	\N	1	\N	alive
2422363	P14	112	Myristicaceae	Virola	sebifera	virose	\N	1072	\N	0104	577	31.75000	97.89000	11.75000	17.89000	483315	826392	482888	1		\N	286	6	150	1.30	2015-06-24	20263	\N	1	\N	alive
2399433	P14	112	Burseraceae	Tetragastris	panamensis	tet2pa	\N	1007	\N	0104	577	37.58000	96.52000	17.58000	16.52000	483316	826393	482889	1		main	204	2	102	1.30	2010-11-16	18582	\N	1	\N	alive
50800	P14	112	Burseraceae	Tetragastris	panamensis	tet2pa	\N	1007	\N	0104	577	37.58000	96.52000	17.58000	16.52000	483316	826393	482889	1			256	3	102	1.30	2012-05-01	19114	\N	1	\N	alive
44710	P14	112	Burseraceae	Tetragastris	panamensis	tet2pa	\N	1007	\N	0104	577	37.58000	96.52000	17.58000	16.52000	483316	826393	482889	1			268	4	102	1.30	2013-04-15	19463	\N	1	\N	alive
2413885	P14	112	Burseraceae	Tetragastris	panamensis	tet2pa	\N	1007	\N	0104	577	37.58000	96.52000	17.58000	16.52000	483316	826393	482889	1		\N	278	5	102	1.30	2014-04-08	19821	\N	1	\N	alive
2422369	P14	112	Burseraceae	Tetragastris	panamensis	tet2pa	\N	1007	\N	0104	577	37.58000	96.52000	17.58000	16.52000	483316	826393	482889	1		\N	286	6	102	1.30	2015-06-24	20263	\N	1	\N	alive
2399434	P14	112	Annonaceae	Annona	spraguei	annosp	\N	58	\N	0104	577	36.89000	82.87000	16.89000	2.87000	483317	826394	482890	1		main	204	2	303	1.30	2010-11-16	18582	\N	1	\N	alive
50927	P14	112	Annonaceae	Annona	spraguei	annosp	\N	58	\N	0104	577	36.89000	82.87000	16.89000	2.87000	483317	826394	482890	1			256	3	312	1.30	2012-05-01	19114	\N	1	\N	alive
44838	P14	112	Annonaceae	Annona	spraguei	annosp	\N	58	\N	0104	577	36.89000	82.87000	16.89000	2.87000	483317	826394	482890	1			268	4	315	1.30	2013-04-15	19463	\N	1	\N	alive
2413879	P14	112	Annonaceae	Annona	spraguei	annosp	\N	58	\N	0104	577	36.89000	82.87000	16.89000	2.87000	483317	826394	482890	1		\N	278	5	315	1.30	2014-04-08	19821	\N	1	\N	alive
2422364	P14	112	Annonaceae	Annona	spraguei	annosp	\N	58	\N	0104	577	36.89000	82.87000	16.89000	2.87000	483317	826394	482890	1		\N	286	6	317	1.30	2015-06-24	20263	\N	1	\N	alive
2399435	P14	112	Meliaceae	Guarea	grandifolia	guargr	\N	434	\N	0104	577	35.54000	84.29000	15.54000	4.29000	483318	826395	482891	1	1	main	204	2	156	1.30	2010-11-16	18582	\N	1	\N	alive
51054	P14	112	Meliaceae	Guarea	grandifolia	guargr	\N	434	\N	0104	577	35.54000	84.29000	15.54000	4.29000	483318	826395	482891	1	1		256	3	159	1.30	2012-05-01	19114	\N	1	\N	alive
44966	P14	112	Meliaceae	Guarea	grandifolia	guargr	\N	434	\N	0104	577	35.54000	84.29000	15.54000	4.29000	483318	826395	482891	1	1		268	4	162	1.30	2013-04-15	19463	\N	1	\N	alive
2413880	P14	112	Meliaceae	Guarea	grandifolia	guargr	\N	434	\N	0104	577	35.54000	84.29000	15.54000	4.29000	483318	826395	482891	1	1	\N	278	5	163	1.30	2014-04-08	19821	\N	1	\N	alive
2422365	P14	112	Meliaceae	Guarea	grandifolia	guargr	\N	434	\N	0104	577	35.54000	84.29000	15.54000	4.29000	483318	826395	482891	1	1	\N	286	6	165	1.30	2015-06-24	20263	\N	1	\N	alive
2399437	P14	112	Burseraceae	Protium	tenuifolium	protte		828	15	0104	577	37.80000	84.43000	17.80000	4.43000	483319	826396	482892	1		main	204	2	220	1.30	2010-11-16	18582	\N	1	\N	alive
51308	P14	112	Burseraceae	Protium	tenuifolium	protte		828	15	0104	577	37.80000	84.43000	17.80000	4.43000	483319	826396	482892	1			256	3	230	1.30	2012-05-01	19114	\N	1	\N	alive
45222	P14	112	Burseraceae	Protium	tenuifolium	protte		828	15	0104	577	37.80000	84.43000	17.80000	4.43000	483319	826396	482892	1			268	4	235	1.30	2013-04-15	19463	\N	1	\N	alive
2413882	P14	112	Burseraceae	Protium	tenuifolium	protte		828	15	0104	577	37.80000	84.43000	17.80000	4.43000	483319	826396	482892	1		\N	278	5	236	1.30	2014-04-08	19821	\N	1	\N	alive
2422366	P14	112	Burseraceae	Protium	tenuifolium	protte		828	15	0104	577	37.80000	84.43000	17.80000	4.43000	483319	826396	482892	1		\N	286	6	240	1.30	2015-06-24	20263	\N	1	\N	alive
2410518	P14	112	Arecaceae	Socratea	exorrhiza	socrex	\N	1163	\N	0200	631	40.40000	18.14000	0.40000	18.14000	483362	839501	482935	1		main	204	2	100	3.00	2010-11-18	18584	B;cylY	1	\N	alive
55970	P14	112	Arecaceae	Socratea	exorrhiza	socrex	\N	1163	\N	0200	631	40.40000	18.14000	0.40000	18.14000	483362	839501	482935	1			256	3	100	3.00	2012-05-02	19115	S;cylY	1	\N	stem dead
48910	P14	112	Arecaceae	Socratea	exorrhiza	socrex	\N	1163	\N	0200	631	40.40000	18.14000	0.40000	18.14000	483362	839501	482935	1			268	4	\N	3.00	2013-04-12	19460	D;S	1	\N	dead
2413906	P14	112	Arecaceae	Socratea	exorrhiza	socrex	\N	1163	\N	0200	631	40.40000	18.14000	0.40000	18.14000	483362	839501	482935	1		\N	278	5	\N	1.30	2014-04-09	19822	N;D	1	\N	dead
2399695	P14	112	Moraceae	Sorocea	affinis	soroaf	\N	958	\N	0201	685	43.75000	35.36000	3.75000	15.36000	483682	838543	483255	1		main	204	2	23	1.30	2010-11-11	18577	\N	1	\N	alive
2399696	P14	112	Clusiaceae	Garcinia	intermedia	gar2in	\N	1125	\N	0201	685	40.17000	39.19000	0.17000	19.19000	483683	838544	483256	1		main	204	2	13	1.30	2010-11-11	18577	\N	1	\N	alive
2399697	P14	112	Apocynaceae	Tabernaemontana	arborea	tab2ar	\N	990	\N	0201	685	41.82000	38.97000	1.82000	18.97000	483684	838545	483257	1		main	204	2	27	1.30	2010-11-11	18577	L	1	\N	alive
2399698	P14	112	Sapotaceae	Pouteria	reticulata	poutre	\N	1155	\N	0201	685	42.54000	35.46000	2.54000	15.46000	483685	838546	483258	1		main	204	2	36	1.30	2010-11-11	18577	\N	1	\N	alive
2399699	P14	112	Fabaceae-papilionoideae	Swartzia	simplex	swars2	var.ochnacea	980	8	0201	685	45.88000	35.35000	5.88000	15.35000	483686	838547	483259	1		main	204	2	52	1.30	2010-11-11	18577	\N	1	\N	alive
2399700	P14	112	Sapotaceae	Pouteria	reticulata	poutre	\N	1155	\N	0201	685	45.19000	39.75000	5.19000	19.75000	483687	838548	483260	1		main	204	2	16	1.30	2010-11-11	18577	\N	1	\N	alive
2399701	P14	112	Apocynaceae	Tabernaemontana	arborea	tab2ar	\N	990	\N	0201	685	47.16000	39.76000	7.16000	19.76000	483688	838549	483261	1		main	204	2	23	1.30	2010-11-11	18577	\N	1	\N	alive
2399702	P14	112	Burseraceae	Protium	panamense	protpa	\N	827	\N	0201	685	49.31000	26.58000	9.31000	6.58000	483689	838550	483262	1		main	204	2	11	1.30	2010-11-11	18577	\N	1	\N	alive
2399703	P14	112	Apocynaceae	Tabernaemontana	arborea	tab2ar	\N	990	\N	0201	685	51.91000	31.15000	11.91000	11.15000	483690	838551	483263	1		main	204	2	15	1.30	2010-11-11	18577	\N	1	\N	alive
2399704	P14	112	Sapotaceae	Chrysophyllum	argenteum	chr2ar	\N	1118	\N	0201	685	51.30000	31.09000	11.30000	11.09000	483691	838552	483264	1		main	204	2	10	1.30	2010-11-11	18577	\N	1	\N	alive
2399705	P14	112	Burseraceae	Protium	panamense	protpa	\N	827	\N	0201	685	50.54000	31.07000	10.54000	11.07000	483692	838553	483265	1		main	204	2	14	1.30	2010-11-11	18577	\N	1	\N	alive
2399706	P14	112	Rubiaceae	Psychotria	horizontalis	psycho	\N	850	\N	0201	685	53.52000	34.64000	13.52000	14.64000	483693	838554	483266	1		main	204	2	17	1.30	2010-11-11	18577	\N	1	\N	alive
2399707	P14	112	Violaceae	Hybanthus	prunifolius	hybapr	\N	494	\N	0201	685	52.97000	35.84000	12.97000	15.84000	483694	838555	483267	1		main	204	2	15	1.30	2010-11-11	18577	\N	1	\N	alive
2399708	P14	112	Euphorbiaceae	Croton	billbergianus	crotbi	\N	289	\N	0201	685	52.54000	36.14000	12.54000	16.14000	483695	838556	483268	1		main	204	2	60	1.30	2010-11-11	18577	\N	1	\N	alive
2399709	P14	112	Euphorbiaceae	Croton	billbergianus	crotbi	\N	289	\N	0201	685	50.54000	37.10000	10.54000	17.10000	483696	838557	483269	1		main	204	2	41	1.30	2010-11-11	18577	\N	1	\N	alive
2399710	P14	112	Euphorbiaceae	Croton	billbergianus	crotbi	\N	289	\N	0201	685	51.08000	38.12000	11.08000	18.12000	483697	838558	483270	1		main	204	2	101	1.30	2010-11-11	18577	\N	1	\N	alive
58726	P14	112	Euphorbiaceae	Croton	billbergianus	crotbi	\N	289	\N	0201	685	51.08000	38.12000	11.08000	18.12000	483697	838558	483270	1			256	3	106	1.30	2012-05-01	19114	\N	1	\N	alive
51825	P14	112	Euphorbiaceae	Croton	billbergianus	crotbi	\N	289	\N	0201	685	51.08000	38.12000	11.08000	18.12000	483697	838558	483270	1			268	4	108	1.30	2013-04-15	19463	\N	1	\N	alive
2413935	P14	112	Euphorbiaceae	Croton	billbergianus	crotbi	\N	289	\N	0201	685	51.08000	38.12000	11.08000	18.12000	483697	838558	483270	1		\N	278	5	120	1.30	2014-04-09	19822	\N	1	\N	alive
2422387	P14	112	Euphorbiaceae	Croton	billbergianus	crotbi	\N	289	\N	0201	685	51.08000	38.12000	11.08000	18.12000	483697	838558	483270	1		\N	286	6	120	1.30	2015-06-25	20264	\N	1	\N	alive
2399711	P14	112	Euphorbiaceae	Croton	billbergianus	crotbi	\N	289	\N	0201	685	51.31000	37.84000	11.31000	17.84000	483698	838559	483271	1		main	204	2	54	1.30	2010-11-11	18577	\N	1	\N	alive
2399712	P14	112	Burseraceae	Protium	tenuifolium	protte		828	15	0201	685	51.79000	37.18000	11.79000	17.18000	483699	838560	483272	1		main	204	2	11	1.30	2010-11-11	18577	\N	1	\N	alive
2399713	P14	112	Burseraceae	Protium	tenuifolium	protte		828	15	0201	685	51.74000	37.54000	11.74000	17.54000	483700	838561	483273	1		main	204	2	13	1.30	2010-11-11	18577	\N	1	\N	alive
2399714	P14	112	Bignoniaceae	Tabebuia	rosea	tab1ro	\N	988	\N	0201	685	52.12000	37.95000	12.12000	17.95000	483701	838562	483274	1		main	204	2	22	1.30	2010-11-11	18577	\N	1	\N	alive
2399715	P14	112	Burseraceae	Protium	tenuifolium	protte		828	15	0201	685	51.92000	38.18000	11.92000	18.18000	483702	838563	483275	1		main	204	2	47	1.30	2010-11-11	18577	\N	1	\N	alive
2399716	P14	112	Burseraceae	Protium	tenuifolium	protte		828	15	0201	685	52.42000	38.59000	12.42000	18.59000	483703	838564	483276	1		main	204	2	34	1.30	2010-11-11	18577	\N	1	\N	alive
2399717	P14	112	Burseraceae	Protium	tenuifolium	protte		828	15	0201	685	53.01000	39.02000	13.01000	19.02000	483704	838565	483277	1		main	204	2	18	1.30	2010-11-11	18577	\N	1	\N	alive
2399718	P14	112	Rutaceae	Zanthoxylum	acuminatum	zantpr	\N	1099	\N	0201	685	53.29000	38.54000	13.29000	18.54000	483705	838566	483278	1		main	204	2	20	1.30	2010-11-11	18577	\N	1	\N	alive
2399719	P14	112	Euphorbiaceae	Croton	billbergianus	crotbi	\N	289	\N	0201	685	53.57000	39.25000	13.57000	19.25000	483706	838567	483279	1		main	204	2	57	1.30	2010-11-11	18577	\N	1	\N	alive
2399720	P14	112	Euphorbiaceae	Croton	billbergianus	crotbi	\N	289	\N	0201	685	54.17000	38.62000	14.17000	18.62000	483707	838568	483280	1		main	204	2	88	1.30	2010-11-11	18577	\N	1	\N	alive
89990	P14	112	Euphorbiaceae	Croton	billbergianus	crotbi	\N	289	\N	0201	685	54.17000	38.62000	14.17000	18.62000	483707	838568	483280	1			268	4	107	1.30	2013-04-15	19463	\N	1	\N	alive
2413936	P14	112	Euphorbiaceae	Croton	billbergianus	crotbi	\N	289	\N	0201	685	54.17000	38.62000	14.17000	18.62000	483707	838568	483280	1		\N	278	5	115	1.30	2014-04-09	19822	\N	1	\N	alive
2422388	P14	112	Euphorbiaceae	Croton	billbergianus	crotbi	\N	289	\N	0201	685	54.17000	38.62000	14.17000	18.62000	483707	838568	483280	1		\N	286	6	119	1.30	2015-06-25	20264	\N	1	\N	alive
2399721	P14	112	Burseraceae	Protium	tenuifolium	protte		828	15	0201	685	53.66000	38.31000	13.66000	18.31000	483708	838569	483281	1		main	204	2	59	1.30	2010-11-11	18577	\N	1	\N	alive
2399722	P14	112	Rubiaceae	Faramea	occidentalis	faraoc	\N	379	\N	0201	685	55.23000	30.83000	15.23000	10.83000	483709	838570	483282	1		main	204	2	20	1.30	2010-11-11	18577	\N	1	\N	alive
2399723	P14	112	Fabaceae-papilionoideae	Lonchocarpus	heptaphyllus	loncla	\N	1134	\N	0201	685	59.68000	29.40000	19.68000	9.40000	483710	838571	483283	1		main	204	2	23	1.30	2010-11-11	18577	\N	1	\N	alive
2399724	P14	112	Clusiaceae	Garcinia	intermedia	gar2in	\N	1125	\N	0201	685	58.11000	22.11000	18.11000	2.11000	483711	838572	483284	1		main	204	2	11	1.30	2010-11-11	18577	\N	1	\N	alive
2400072	P14	112	Annonaceae	Mosannona	garwoodii	malmsp	\N	1139	\N	0202	739	42.49000	43.56000	2.49000	3.56000	483984	848530	483557	1		main	204	2	23	1.30	2010-11-16	18582	\N	1	\N	alive
2400073	P14	112	Rubiaceae	Coussarea	curvigemmia	cou2cu	\N	280	\N	0202	739	41.38000	44.19000	1.38000	4.19000	483985	848531	483558	1		main	204	2	12	1.30	2010-11-16	18582	\N	1	\N	alive
2400074	P14	112	Burseraceae	Protium	tenuifolium	protte		828	15	0202	739	41.41000	44.90000	1.41000	4.90000	483986	848532	483559	1		main	204	2	12	1.30	2010-11-16	18582	\N	1	\N	alive
2400075	P14	112	Rubiaceae	Psychotria	marginata	psycma	\N	853	\N	0202	739	44.09000	43.81000	4.09000	3.81000	483987	848533	483560	1		main	204	2	12	1.30	2010-11-16	18582	\N	1	\N	alive
2400076	P14	112	Euphorbiaceae	Croton	billbergianus	crotbi	\N	289	\N	0202	739	44.14000	40.58000	4.14000	0.58000	483988	848534	483561	1		main	204	2	35	1.30	2010-11-16	18582	\N	1	\N	alive
2400077	P14	112	Rubiaceae	Palicourea	guianensis	paligu	\N	738	\N	0202	739	44.59000	40.15000	4.59000	0.15000	483989	848535	483562	1		main	204	2	18	1.30	2010-11-16	18582	\N	1	\N	alive
2400078	P14	112	Rubiaceae	Coussarea	curvigemmia	cou2cu	\N	280	\N	0202	739	43.17000	40.12000	3.17000	0.12000	483990	848536	483563	1		main	204	2	29	1.30	2010-11-16	18582	\N	1	\N	alive
2400079	P14	112	Melastomataceae	Mouriri	myrtilloides	mourmy	\N	671	\N	0202	739	43.93000	48.56000	3.93000	8.56000	483991	849564	483564	1		main	204	2	15	1.30	2010-11-16	18582	\N	1	\N	alive
2400080	P14	112	Clusiaceae	Garcinia	intermedia	gar2in	\N	1125	\N	0202	739	43.19000	47.95000	3.19000	7.95000	483992	849565	483565	1		main	204	2	10	1.30	2010-11-16	18582	\N	1	\N	alive
2400081	P14	112	Violaceae	Hybanthus	prunifolius	hybapr	\N	494	\N	0202	739	43.72000	50.65000	3.72000	10.65000	483993	849566	483566	1		main	204	2	26	1.30	2010-11-16	18582	\N	1	\N	alive
2400082	P14	112	Burseraceae	Protium	panamense	protpa	\N	827	\N	0202	739	43.68000	54.97000	3.68000	14.97000	483994	849567	483567	1		main	204	2	11	1.30	2010-11-16	18582	\N	1	\N	alive
2400083	P14	112	Melastomataceae	Mouriri	myrtilloides	mourmy	\N	671	\N	0202	739	44.60000	52.81000	4.60000	12.81000	483995	849568	483568	1		main	204	2	14	1.30	2010-11-16	18582	\N	1	\N	alive
2400084	P14	112	Melastomataceae	Mouriri	myrtilloides	mourmy	\N	671	\N	0202	739	44.93000	52.33000	4.93000	12.33000	483996	849569	483569	1	1	main	204	2	14	1.30	2010-11-16	18582	\N	1	\N	alive
2400086	P14	112	Violaceae	Hybanthus	prunifolius	hybapr	\N	494	\N	0202	739	43.32000	51.69000	3.32000	11.69000	483997	849570	483570	1		main	204	2	24	1.30	2010-11-16	18582	\N	1	\N	alive
2400087	P14	112	Arecaceae	Oenocarpus	mapora	oenoma	\N	1145	\N	0202	739	48.79000	56.91000	8.79000	16.91000	483998	849571	483571	1		main	204	2	56	1.30	2010-11-16	18582	\N	1	\N	alive
2400088	P14	112	Myrtaceae	Eugenia	coloradoensis	eugeco	\N	358	\N	0202	739	48.58000	58.03000	8.58000	18.03000	483999	849572	483572	1		main	204	2	22	1.30	2010-11-16	18582	\N	1	\N	alive
2400089	P14	112	Melastomataceae	Mouriri	myrtilloides	mourmy	\N	671	\N	0202	739	48.23000	53.04000	8.23000	13.04000	484000	849573	483573	1		main	204	2	24	1.30	2010-11-16	18582	\N	1	\N	alive
2400090	P14	112	Rubiaceae	Faramea	occidentalis	faraoc	\N	379	\N	0202	739	49.45000	51.01000	9.45000	11.01000	484001	849574	483574	1		main	204	2	21	1.30	2010-11-16	18582	\N	1	\N	alive
2400091	P14	112	Violaceae	Hybanthus	prunifolius	hybapr	\N	494	\N	0202	739	48.18000	50.37000	8.18000	10.37000	484002	849575	483575	1		main	204	2	11	1.30	2010-11-16	18582	\N	1	\N	alive
2400092	P14	112	Burseraceae	Protium	panamense	protpa	\N	827	\N	0202	739	49.34000	41.29000	9.34000	1.29000	484003	849576	483576	1		main	204	2	31	1.30	2010-11-16	18582	\N	1	\N	alive
2400093	P14	112	Myrtaceae	Eugenia	coloradoensis	eugeco	\N	358	\N	0202	739	53.30000	44.34000	13.30000	4.34000	484004	849577	483577	1		main	204	2	10	1.30	2010-11-16	18582	\N	1	\N	alive
2400094	P14	112	Meliaceae	Guarea	guidonia	guargu	\N	435	\N	0202	739	51.00000	51.01000	11.00000	11.01000	484005	849578	483578	1		main	204	2	15	1.30	2010-11-16	18582	\N	1	\N	alive
2400095	P14	112	Burseraceae	Protium	panamense	protpa	\N	827	\N	0202	739	51.23000	56.60000	11.23000	16.60000	484006	849579	483579	1		main	204	2	27	1.30	2010-11-16	18582	\N	1	\N	alive
2400096	P14	112	Burseraceae	Tetragastris	panamensis	tet2pa	\N	1007	\N	0202	739	51.88000	56.43000	11.88000	16.43000	484007	849580	483580	1		main	204	2	11	1.30	2010-11-16	18582	\N	1	\N	alive
2400097	P14	112	Violaceae	Hybanthus	prunifolius	hybapr	\N	494	\N	0202	739	54.36000	55.46000	14.36000	15.46000	484008	849581	483581	1		main	204	2	12	1.30	2010-11-16	18582	\N	1	\N	alive
2400098	P14	112	Rubiaceae	Faramea	occidentalis	faraoc	\N	379	\N	0202	739	58.51000	55.36000	18.51000	15.36000	484009	849582	483582	1		main	204	2	12	1.30	2010-11-16	18582	\N	1	\N	alive
2400099	P14	112	Burseraceae	Tetragastris	panamensis	tet2pa	\N	1007	\N	0202	739	59.77000	59.29000	19.77000	19.29000	484010	849583	483583	1		main	204	2	15	1.30	2010-11-16	18582	\N	1	\N	alive
2400100	P14	112	Apocynaceae	Tabernaemontana	arborea	tab2ar	\N	990	\N	0202	739	59.01000	45.43000	19.01000	5.43000	484011	849584	483584	1		main	204	2	15	1.30	2010-11-16	18582	\N	1	\N	alive
2400101	P14	112	Fabaceae-mimosoideae	Inga	umbellifera	ingaum	\N	530	\N	0202	739	55.46000	42.99000	15.46000	2.99000	484012	849585	483585	1		main	204	2	56	1.30	2010-11-16	18582	\N	1	\N	alive
2400102	P14	112	Fabaceae-papilionoideae	Swartzia	simplex	swars2	var.ochnacea	980	8	0202	739	59.66000	44.71000	19.66000	4.71000	484013	849586	483586	1		main	204	2	26	1.30	2010-11-16	18582	\N	1	\N	alive
2400103	P14	112	Burseraceae	Tetragastris	panamensis	tet2pa	\N	1007	\N	0202	739	41.13000	58.91000	1.13000	18.91000	484014	809596	483587	1		main	204	2	10	1.30	2010-11-16	18582	\N	1	\N	alive
2400400	P14	112	Lauraceae	Nectandra	purpurea	nectpu	\N	690	\N	0203	793	49.36000	77.68000	9.36000	17.68000	484111	839502	483684	1		main	204	2	241	1.30	2010-11-15	18581	\N	1	\N	alive
64035	P14	112	Lauraceae	Nectandra	purpurea	nectpu	\N	690	\N	0203	793	49.36000	77.68000	9.36000	17.68000	484111	839502	483684	1			256	3	260	1.30	2012-05-01	19114	\N	1	\N	alive
55856	P14	112	Lauraceae	Nectandra	purpurea	nectpu	\N	690	\N	0203	793	49.36000	77.68000	9.36000	17.68000	484111	839502	483684	1			268	4	263	1.30	2013-04-15	19463	\N	1	\N	alive
2413960	P14	112	Lauraceae	Nectandra	purpurea	nectpu	\N	690	\N	0203	793	49.36000	77.68000	9.36000	17.68000	484111	839502	483684	1		\N	278	5	276	1.30	2014-04-09	19822	\N	1	\N	alive
2422409	P14	112	Lauraceae	Nectandra	purpurea	nectpu	\N	690	\N	0203	793	49.36000	77.68000	9.36000	17.68000	484111	839502	483684	1		\N	286	6	288	1.30	2015-06-25	20264	\N	1	\N	alive
2400432	P14	112	Apocynaceae	Tabernaemontana	arborea	tab2ar	\N	990	\N	0204	847	42.27000	81.73000	2.27000	1.73000	484132	826397	483705	1		main	204	2	137	1.30	2010-11-17	18583	\N	1	\N	alive
65499	P14	112	Apocynaceae	Tabernaemontana	arborea	tab2ar	\N	990	\N	0204	847	42.27000	81.73000	2.27000	1.73000	484132	826397	483705	1			256	3	140	1.30	2012-05-01	19114	\N	1	\N	alive
56988	P14	112	Apocynaceae	Tabernaemontana	arborea	tab2ar	\N	990	\N	0204	847	42.27000	81.73000	2.27000	1.73000	484132	826397	483705	1			268	4	140	1.30	2013-04-15	19463	\N	1	\N	alive
2413969	P14	112	Apocynaceae	Tabernaemontana	arborea	tab2ar	\N	990	\N	0204	847	42.27000	81.73000	2.27000	1.73000	484132	826397	483705	1		\N	278	5	142	1.30	2014-04-09	19822	\N	1	\N	alive
2422420	P14	112	Apocynaceae	Tabernaemontana	arborea	tab2ar	\N	990	\N	0204	847	42.27000	81.73000	2.27000	1.73000	484132	826397	483705	1		\N	286	6	144	1.30	2015-06-25	20264	\N	1	\N	alive
2400433	P14	112	Boraginaceae	Cordia	bicolor	cordbi	\N	263	\N	0204	847	43.91000	89.69000	3.91000	9.69000	484133	826398	483706	1		main	204	2	290	1.30	2010-11-17	18583	\N	1	\N	alive
65621	P14	112	Boraginaceae	Cordia	bicolor	cordbi	\N	263	\N	0204	847	43.91000	89.69000	3.91000	9.69000	484133	826398	483706	1			256	3	298	1.30	2012-05-01	19114	\N	1	\N	alive
57113	P14	112	Boraginaceae	Cordia	bicolor	cordbi	\N	263	\N	0204	847	43.91000	89.69000	3.91000	9.69000	484133	826398	483706	1			268	4	299	1.30	2013-04-15	19463	\N	1	\N	alive
2413970	P14	112	Boraginaceae	Cordia	bicolor	cordbi	\N	263	\N	0204	847	43.91000	89.69000	3.91000	9.69000	484133	826398	483706	1		\N	278	5	299	1.30	2014-04-09	19822	\N	1	\N	alive
2422421	P14	112	Boraginaceae	Cordia	bicolor	cordbi	\N	263	\N	0204	847	43.91000	89.69000	3.91000	9.69000	484133	826398	483706	1		\N	286	6	299	1.30	2015-06-25	20264	\N	1	\N	alive
2400434	P14	112	Myrtaceae	Myrcia	gatunensis	myrcga	\N	674	\N	0204	847	43.57000	92.93000	3.57000	12.93000	484134	826399	483707	1		main	204	2	150	1.30	2010-11-17	18583	\N	1	\N	alive
65742	P14	112	Myrtaceae	Myrcia	gatunensis	myrcga	\N	674	\N	0204	847	43.57000	92.93000	3.57000	12.93000	484134	826399	483707	1			256	3	162	1.30	2012-05-01	19114	\N	1	\N	alive
57238	P14	112	Myrtaceae	Myrcia	gatunensis	myrcga	\N	674	\N	0204	847	43.57000	92.93000	3.57000	12.93000	484134	826399	483707	1			268	4	164	1.30	2013-04-15	19463	\N	1	\N	alive
2413971	P14	112	Myrtaceae	Myrcia	gatunensis	myrcga	\N	674	\N	0204	847	43.57000	92.93000	3.57000	12.93000	484134	826399	483707	1		\N	278	5	165	1.30	2014-04-09	19822	\N	1	\N	alive
2422422	P14	112	Myrtaceae	Myrcia	gatunensis	myrcga	\N	674	\N	0204	847	43.57000	92.93000	3.57000	12.93000	484134	826399	483707	1		\N	286	6	169	1.30	2015-06-25	20264	\N	1	\N	alive
2400435	P14	112	Burseraceae	Protium	tenuifolium	protte		828	15	0204	847	44.57000	95.40000	4.57000	15.40000	484135	826400	483708	1		main	204	2	144	1.30	2010-11-17	18583	\N	1	\N	alive
65863	P14	112	Burseraceae	Protium	tenuifolium	protte		828	15	0204	847	44.57000	95.40000	4.57000	15.40000	484135	826400	483708	1			256	3	148	1.30	2012-05-01	19114	\N	1	\N	alive
57363	P14	112	Burseraceae	Protium	tenuifolium	protte		828	15	0204	847	44.57000	95.40000	4.57000	15.40000	484135	826400	483708	1			268	4	150	1.30	2013-04-15	19463	\N	1	\N	alive
2413973	P14	112	Burseraceae	Protium	tenuifolium	protte		828	15	0204	847	44.57000	95.40000	4.57000	15.40000	484135	826400	483708	1		\N	278	5	151	1.30	2014-04-09	19822	\N	1	\N	alive
2422424	P14	112	Burseraceae	Protium	tenuifolium	protte		828	15	0204	847	44.57000	95.40000	4.57000	15.40000	484135	826400	483708	1		\N	286	6	153	1.30	2015-06-25	20264	\N	1	\N	alive
2400436	P14	112	Burseraceae	Protium	panamense	protpa	\N	827	\N	0204	847	45.89000	96.25000	5.89000	16.25000	484137	828471	483710	1		main	204	2	163	1.30	2010-11-17	18583	\N	1	\N	alive
65984	P14	112	Burseraceae	Protium	panamense	protpa	\N	827	\N	0204	847	45.89000	96.25000	5.89000	16.25000	484137	828471	483710	1			256	3	165	1.30	2012-05-01	19114	\N	1	\N	alive
57488	P14	112	Burseraceae	Protium	panamense	protpa	\N	827	\N	0204	847	45.89000	96.25000	5.89000	16.25000	484137	828471	483710	1			268	4	166	1.30	2013-04-15	19463	\N	1	\N	alive
2413977	P14	112	Burseraceae	Protium	panamense	protpa	\N	827	\N	0204	847	45.89000	96.25000	5.89000	16.25000	484137	828471	483710	1		\N	278	5	166	1.30	2014-04-09	19822	\N	1	\N	alive
2422427	P14	112	Burseraceae	Protium	panamense	protpa	\N	827	\N	0204	847	45.89000	96.25000	5.89000	16.25000	484137	828471	483710	1		\N	286	6	167	1.30	2015-06-25	20264	\N	1	\N	alive
2400437	P14	112	Myrtaceae	Eugenia	coloradoensis	eugeco	\N	358	\N	0204	847	50.42000	93.27000	10.42000	13.27000	484138	828472	483711	1		main	204	2	220	1.30	2010-11-17	18583	\N	1	\N	alive
66105	P14	112	Myrtaceae	Eugenia	coloradoensis	eugeco	\N	358	\N	0204	847	50.42000	93.27000	10.42000	13.27000	484138	828472	483711	1			256	3	243	1.30	2012-05-01	19114	\N	1	\N	alive
57613	P14	112	Myrtaceae	Eugenia	coloradoensis	eugeco	\N	358	\N	0204	847	50.42000	93.27000	10.42000	13.27000	484138	828472	483711	1			268	4	252	1.30	2013-04-15	19463	\N	1	\N	alive
2413983	P14	112	Myrtaceae	Eugenia	coloradoensis	eugeco	\N	358	\N	0204	847	50.42000	93.27000	10.42000	13.27000	484138	828472	483711	1		\N	278	5	264	1.30	2014-04-09	19822	\N	1	\N	alive
2422434	P14	112	Myrtaceae	Eugenia	coloradoensis	eugeco	\N	358	\N	0204	847	50.42000	93.27000	10.42000	13.27000	484138	828472	483711	1		\N	286	6	272	1.30	2015-06-25	20264	\N	1	\N	alive
2400438	P14	112	Rubiaceae	Coussarea	curvigemmia	cou2cu	\N	280	\N	0204	847	54.75000	91.40000	14.75000	11.40000	484139	828473	483712	1		main	204	2	115	1.30	2010-11-17	18583	Q	1	\N	alive
66226	P14	112	Rubiaceae	Coussarea	curvigemmia	cou2cu	\N	280	\N	0204	847	54.75000	91.40000	14.75000	11.40000	484139	828473	483712	1			256	3	115	1.30	2012-05-01	19114	\N	1	\N	alive
57738	P14	112	Rubiaceae	Coussarea	curvigemmia	cou2cu	\N	280	\N	0204	847	54.75000	91.40000	14.75000	11.40000	484139	828473	483712	1			268	4	115	1.30	2013-04-15	19463	\N	1	\N	alive
2413984	P14	112	Rubiaceae	Coussarea	curvigemmia	cou2cu	\N	280	\N	0204	847	54.75000	91.40000	14.75000	11.40000	484139	828473	483712	1		\N	278	5	115	1.30	2014-04-09	19822	\N	1	\N	alive
2422435	P14	112	Rubiaceae	Coussarea	curvigemmia	cou2cu	\N	280	\N	0204	847	54.75000	91.40000	14.75000	11.40000	484139	828473	483712	1		\N	286	6	115	1.30	2015-06-25	20264	\N	1	\N	alive
2400439	P14	112	Burseraceae	Protium	tenuifolium	protte		828	15	0204	847	54.54000	89.88000	14.54000	9.88000	484140	828474	483713	1		main	204	2	133	1.30	2010-11-17	18583	Q	1	\N	alive
66347	P14	112	Burseraceae	Protium	tenuifolium	protte		828	15	0204	847	54.54000	89.88000	14.54000	9.88000	484140	828474	483713	1			256	3	133	1.30	2012-05-01	19114	\N	1	\N	alive
57863	P14	112	Burseraceae	Protium	tenuifolium	protte		828	15	0204	847	54.54000	89.88000	14.54000	9.88000	484140	828474	483713	1			268	4	132	1.30	2013-04-15	19463	\N	1	\N	alive
2413980	P14	112	Burseraceae	Protium	tenuifolium	protte		828	15	0204	847	54.54000	89.88000	14.54000	9.88000	484140	828474	483713	1		\N	278	5	\N	1.30	2014-04-09	19822	S;D	1	\N	dead
2422431	P14	112	Burseraceae	Protium	tenuifolium	protte		828	15	0204	847	54.54000	89.88000	14.54000	9.88000	484140	828474	483713	1		\N	286	6	\N	1.30	2015-06-25	20264	D	1	\N	dead
2400440	P14	112	Arecaceae	Oenocarpus	mapora	oenoma	\N	1145	\N	0204	847	46.99000	80.98000	6.99000	0.98000	484141	828475	483714	1	1	main	204	2	113	1.30	2010-11-17	18583	\N	1	\N	alive
66468	P14	112	Arecaceae	Oenocarpus	mapora	oenoma	\N	1145	\N	0204	847	46.99000	80.98000	6.99000	0.98000	484141	828475	483714	1	1		256	3	115	1.30	2012-05-01	19114	\N	1	\N	alive
57988	P14	112	Arecaceae	Oenocarpus	mapora	oenoma	\N	1145	\N	0204	847	46.99000	80.98000	6.99000	0.98000	484141	828475	483714	1	1		268	4	113	1.30	2013-04-15	19463	\N	1	\N	alive
2413974	P14	112	Arecaceae	Oenocarpus	mapora	oenoma	\N	1145	\N	0204	847	46.99000	80.98000	6.99000	0.98000	484141	828475	483714	1	1	\N	278	5	115	1.30	2014-04-09	19822	\N	1	\N	alive
2422425	P14	112	Arecaceae	Oenocarpus	mapora	oenoma	\N	1145	\N	0204	847	46.99000	80.98000	6.99000	0.98000	484141	828475	483714	1	1	\N	286	6	115	1.30	2015-06-25	20264	\N	1	\N	alive
2400494	P14	112	Apocynaceae	Lacmellea	panamensis	lacmpa	\N	549	\N	0300	901	63.63000	11.02000	3.63000	11.02000	484186	827331	483759	1		main	204	2	154	1.30	2010-11-16	18582	\N	1	\N	alive
69976	P14	112	Apocynaceae	Lacmellea	panamensis	lacmpa	\N	549	\N	0300	901	63.63000	11.02000	3.63000	11.02000	484186	827331	483759	1			256	3	177	1.30	2012-05-01	19114	\N	1	\N	alive
60855	P14	112	Apocynaceae	Lacmellea	panamensis	lacmpa	\N	549	\N	0300	901	63.63000	11.02000	3.63000	11.02000	484186	827331	483759	1			268	4	187	1.30	2013-04-16	19464	\N	1	\N	alive
2413993	P14	112	Apocynaceae	Lacmellea	panamensis	lacmpa	\N	549	\N	0300	901	63.63000	11.02000	3.63000	11.02000	484186	827331	483759	1		\N	278	5	193	1.30	2014-04-08	19821	\N	1	\N	alive
2422444	P14	112	Apocynaceae	Lacmellea	panamensis	lacmpa	\N	549	\N	0300	901	63.63000	11.02000	3.63000	11.02000	484186	827331	483759	1		\N	286	6	199	1.30	2015-06-24	20263	\N	1	\N	alive
2400495	P14	112	Burseraceae	Protium	tenuifolium	protte		828	15	0300	901	68.57000	11.98000	8.57000	11.98000	484187	827332	483760	1		main	204	2	102	1.30	2010-11-16	18582	\N	1	\N	alive
70097	P14	112	Burseraceae	Protium	tenuifolium	protte		828	15	0300	901	68.57000	11.98000	8.57000	11.98000	484187	827332	483760	1			256	3	103	1.30	2012-05-01	19114	\N	1	\N	alive
60979	P14	112	Burseraceae	Protium	tenuifolium	protte		828	15	0300	901	68.57000	11.98000	8.57000	11.98000	484187	827332	483760	1			268	4	103	1.30	2013-04-16	19464	\N	1	\N	alive
2414000	P14	112	Burseraceae	Protium	tenuifolium	protte		828	15	0300	901	68.57000	11.98000	8.57000	11.98000	484187	827332	483760	1		\N	278	5	103	1.30	2014-04-08	19821	\N	1	\N	alive
2422448	P14	112	Burseraceae	Protium	tenuifolium	protte		828	15	0300	901	68.57000	11.98000	8.57000	11.98000	484187	827332	483760	1		\N	286	6	103	1.30	2015-06-24	20263	\N	1	\N	alive
2400531	P14	112	Meliaceae	Guarea	guidonia	guargu	\N	435	\N	0301	955	60.71000	28.49000	0.71000	8.49000	484212	827333	483785	1		main	204	2	143	1.30	2010-11-16	18582	\N	1	\N	alive
75915	P14	112	Meliaceae	Guarea	guidonia	guargu	\N	435	\N	0301	955	60.71000	28.49000	0.71000	8.49000	484212	827333	483785	1			256	3	153	1.30	2012-05-01	19114	\N	1	\N	alive
66722	P14	112	Meliaceae	Guarea	guidonia	guargu	\N	435	\N	0301	955	60.71000	28.49000	0.71000	8.49000	484212	827333	483785	1			268	4	157	1.30	2013-04-16	19464	\N	1	\N	alive
2414011	P14	112	Meliaceae	Guarea	guidonia	guargu	\N	435	\N	0301	955	60.71000	28.49000	0.71000	8.49000	484212	827333	483785	1		\N	278	5	158	1.30	2014-04-08	19821	\N	1	\N	alive
2422454	P14	112	Meliaceae	Guarea	guidonia	guargu	\N	435	\N	0301	955	60.71000	28.49000	0.71000	8.49000	484212	827333	483785	1		\N	286	6	158	1.30	2015-06-24	20263	\N	1	\N	alive
2400532	P14	112	Sapindaceae	Cupania	seemannii	cupasy	\N	1120	\N	0301	955	63.58000	33.43000	3.58000	13.43000	484213	827334	483786	1	1	main	204	2	126	1.30	2010-11-16	18582	\N	1	\N	alive
76032	P14	112	Sapindaceae	Cupania	seemannii	cupasy	\N	1120	\N	0301	955	63.58000	33.43000	3.58000	13.43000	484213	827334	483786	1	1		256	3	128	1.30	2012-05-01	19114	\N	1	\N	alive
66843	P14	112	Sapindaceae	Cupania	seemannii	cupasy	\N	1120	\N	0301	955	63.58000	33.43000	3.58000	13.43000	484213	827334	483786	1	1		268	4	130	1.30	2013-04-16	19464	\N	1	\N	alive
2414012	P14	112	Sapindaceae	Cupania	seemannii	cupasy	\N	1120	\N	0301	955	63.58000	33.43000	3.58000	13.43000	484213	827334	483786	1	1	\N	278	5	134	1.30	2014-04-08	19821	\N	1	\N	alive
2422455	P14	112	Sapindaceae	Cupania	seemannii	cupasy	\N	1120	\N	0301	955	63.58000	33.43000	3.58000	13.43000	484213	827334	483786	1	1	\N	286	6	134	1.30	2015-06-24	20263	\N	1	\N	alive
2400536	P14	112	Arecaceae	Oenocarpus	mapora	oenoma	\N	1145	\N	0301	955	72.02000	37.78000	12.02000	17.78000	484214	827335	483787	1		main	204	2	106	1.30	2010-11-16	18582	\N	1	\N	alive
76500	P14	112	Arecaceae	Oenocarpus	mapora	oenoma	\N	1145	\N	0301	955	72.02000	37.78000	12.02000	17.78000	484214	827335	483787	1			256	3	106	1.30	2012-05-01	19114	\N	1	\N	alive
67327	P14	112	Arecaceae	Oenocarpus	mapora	oenoma	\N	1145	\N	0301	955	72.02000	37.78000	12.02000	17.78000	484214	827335	483787	1			268	4	106	1.30	2013-04-16	19464	\N	1	\N	alive
2414051	P14	112	Arecaceae	Oenocarpus	mapora	oenoma	\N	1145	\N	0301	955	72.02000	37.78000	12.02000	17.78000	484214	827335	483787	1		\N	278	5	106	1.30	2014-04-08	19821	\N	1	\N	alive
2422475	P14	112	Arecaceae	Oenocarpus	mapora	oenoma	\N	1145	\N	0301	955	72.02000	37.78000	12.02000	17.78000	484214	827335	483787	1		\N	286	6	106	1.30	2015-06-24	20263	\N	1	\N	alive
2400537	P14	112	Boraginaceae	Cordia	alliodora	cordal	\N	262	\N	0301	955	72.25000	37.68000	12.25000	17.68000	484215	827336	483788	1	1	main	204	2	144	1.30	2010-11-16	18582	\N	1	\N	alive
76616	P14	112	Boraginaceae	Cordia	alliodora	cordal	\N	262	\N	0301	955	72.25000	37.68000	12.25000	17.68000	484215	827336	483788	1	1		256	3	144	1.30	2012-05-01	19114	\N	1	\N	alive
67447	P14	112	Boraginaceae	Cordia	alliodora	cordal	\N	262	\N	0301	955	72.25000	37.68000	12.25000	17.68000	484215	827336	483788	1	1		268	4	144	1.30	2013-04-16	19464	\N	1	\N	alive
2414052	P14	112	Boraginaceae	Cordia	alliodora	cordal	\N	262	\N	0301	955	72.25000	37.68000	12.25000	17.68000	484215	827336	483788	1	1	\N	278	5	144	1.30	2014-04-08	19821	M	1	\N	alive
2422476	P14	112	Boraginaceae	Cordia	alliodora	cordal	\N	262	\N	0301	955	72.25000	37.68000	12.25000	17.68000	484215	827336	483788	1	1	\N	286	6	145	1.30	2015-06-24	20263	\N	1	\N	alive
2400538	P14	112	Burseraceae	Protium	panamense	protpa	\N	827	\N	0301	955	75.81000	32.70000	15.81000	12.70000	484216	827337	483789	1		main	204	2	122	1.30	2010-11-16	18582	\N	1	\N	alive
76732	P14	112	Burseraceae	Protium	panamense	protpa	\N	827	\N	0301	955	75.81000	32.70000	15.81000	12.70000	484216	827337	483789	1			256	3	122	1.30	2012-05-01	19114	\N	1	\N	alive
67568	P14	112	Burseraceae	Protium	panamense	protpa	\N	827	\N	0301	955	75.81000	32.70000	15.81000	12.70000	484216	827337	483789	1			268	4	121	1.30	2013-04-16	19464	\N	1	\N	alive
2414067	P14	112	Burseraceae	Protium	panamense	protpa	\N	827	\N	0301	955	75.81000	32.70000	15.81000	12.70000	484216	827337	483789	1		\N	278	5	124	1.30	2014-04-08	19821	\N	1	\N	alive
2422484	P14	112	Burseraceae	Protium	panamense	protpa	\N	827	\N	0301	955	75.81000	32.70000	15.81000	12.70000	484216	827337	483789	1		\N	286	6	\N	1.30	2015-06-24	20263	D	1	\N	dead
2400539	P14	112	Myristicaceae	Virola	sebifera	virose	\N	1072	\N	0301	955	70.65000	26.76000	10.65000	6.76000	484217	827338	483790	1		main	204	2	232	1.30	2010-11-16	18582	\N	1	\N	alive
76847	P14	112	Myristicaceae	Virola	sebifera	virose	\N	1072	\N	0301	955	70.65000	26.76000	10.65000	6.76000	484217	827338	483790	1			256	3	232	1.30	2012-05-01	19114	\N	1	\N	alive
67689	P14	112	Myristicaceae	Virola	sebifera	virose	\N	1072	\N	0301	955	70.65000	26.76000	10.65000	6.76000	484217	827338	483790	1			268	4	238	1.30	2013-04-16	19464	\N	1	\N	alive
2414049	P14	112	Myristicaceae	Virola	sebifera	virose	\N	1072	\N	0301	955	70.65000	26.76000	10.65000	6.76000	484217	827338	483790	1		\N	278	5	242	1.30	2014-04-08	19821	\N	1	\N	alive
2422473	P14	112	Myristicaceae	Virola	sebifera	virose	\N	1072	\N	0301	955	70.65000	26.76000	10.65000	6.76000	484217	827338	483790	1		\N	286	6	246	1.30	2015-06-24	20263	\N	1	\N	alive
2400540	P14	112	Simaroubaceae	Simarouba	amara	simaam	\N	935	\N	0301	955	71.12000	20.85000	11.12000	0.85000	484218	827339	483791	1		main	204	2	105	1.30	2010-11-16	18582	\N	1	\N	alive
76962	P14	112	Simaroubaceae	Simarouba	amara	simaam	\N	935	\N	0301	955	71.12000	20.85000	11.12000	0.85000	484218	827339	483791	1			256	3	107	1.30	2012-05-01	19114	\N	1	\N	alive
67810	P14	112	Simaroubaceae	Simarouba	amara	simaam	\N	935	\N	0301	955	71.12000	20.85000	11.12000	0.85000	484218	827339	483791	1			268	4	112	1.30	2013-04-16	19464	\N	1	\N	alive
2414046	P14	112	Simaroubaceae	Simarouba	amara	simaam	\N	935	\N	0301	955	71.12000	20.85000	11.12000	0.85000	484218	827339	483791	1		\N	278	5	112	1.30	2014-04-08	19821	\N	1	\N	alive
2422470	P14	112	Simaroubaceae	Simarouba	amara	simaam	\N	935	\N	0301	955	71.12000	20.85000	11.12000	0.85000	484218	827339	483791	1		\N	286	6	112	1.30	2015-06-24	20263	\N	1	\N	alive
2400541	P14	112	Myristicaceae	Virola	sebifera	virose	\N	1072	\N	0301	955	73.29000	23.50000	13.29000	3.50000	484219	827340	483792	1		main	204	2	135	1.30	2010-11-16	18582	\N	1	\N	alive
77077	P14	112	Myristicaceae	Virola	sebifera	virose	\N	1072	\N	0301	955	73.29000	23.50000	13.29000	3.50000	484219	827340	483792	1			256	3	137	1.30	2012-05-01	19114	\N	1	\N	alive
67931	P14	112	Myristicaceae	Virola	sebifera	virose	\N	1072	\N	0301	955	73.29000	23.50000	13.29000	3.50000	484219	827340	483792	1			268	4	137	1.30	2013-04-16	19464	\N	1	\N	alive
2414047	P14	112	Myristicaceae	Virola	sebifera	virose	\N	1072	\N	0301	955	73.29000	23.50000	13.29000	3.50000	484219	827340	483792	1		\N	278	5	134	1.30	2014-04-08	19821	L	1	\N	alive
2422471	P14	112	Myristicaceae	Virola	sebifera	virose	\N	1072	\N	0301	955	73.29000	23.50000	13.29000	3.50000	484219	827340	483792	1		\N	286	6	\N	1.30	2015-06-24	20263	D	1	\N	dead
2400542	P14	112	Cannabaceae	Celtis	schippii	celtsc	\N	184	\N	0301	955	72.66000	25.21000	12.66000	5.21000	484220	827341	483793	1		main	204	2	187	1.30	2010-11-16	18582	\N	1	\N	alive
77192	P14	112	Cannabaceae	Celtis	schippii	celtsc	\N	184	\N	0301	955	72.66000	25.21000	12.66000	5.21000	484220	827341	483793	1			256	3	195	1.30	2012-05-01	19114	\N	1	\N	alive
68052	P14	112	Cannabaceae	Celtis	schippii	celtsc	\N	184	\N	0301	955	72.66000	25.21000	12.66000	5.21000	484220	827341	483793	1			268	4	206	1.30	2013-04-16	19464	\N	1	\N	alive
2414050	P14	112	Cannabaceae	Celtis	schippii	celtsc	\N	184	\N	0301	955	72.66000	25.21000	12.66000	5.21000	484220	827341	483793	1		\N	278	5	218	1.30	2014-04-08	19821	\N	1	\N	alive
2422474	P14	112	Cannabaceae	Celtis	schippii	celtsc	\N	184	\N	0301	955	72.66000	25.21000	12.66000	5.21000	484220	827341	483793	1		\N	286	6	231	1.30	2015-06-24	20263	\N	1	\N	alive
2400543	P14	112	Fabaceae-caesalpinioideae	Tachigali	versicolor	tachve	\N	995	\N	0301	955	79.87000	24.31000	19.87000	4.31000	484221	827342	483794	1		main	204	2	181	1.30	2010-11-16	18582	\N	1	\N	alive
77307	P14	112	Fabaceae-caesalpinioideae	Tachigali	versicolor	tachve	\N	995	\N	0301	955	79.87000	24.31000	19.87000	4.31000	484221	827342	483794	1			256	3	209	1.30	2012-05-01	19114	\N	1	\N	alive
68173	P14	112	Fabaceae-caesalpinioideae	Tachigali	versicolor	tachve	\N	995	\N	0301	955	79.87000	24.31000	19.87000	4.31000	484221	827342	483794	1			268	4	227	1.30	2013-04-16	19464	\N	1	\N	alive
2414061	P14	112	Fabaceae-caesalpinioideae	Tachigali	versicolor	tachve	\N	995	\N	0301	955	79.87000	24.31000	19.87000	4.31000	484221	827342	483794	1		\N	278	5	245	1.30	2014-04-08	19821	\N	1	\N	alive
2422481	P14	112	Fabaceae-caesalpinioideae	Tachigali	versicolor	tachve	\N	995	\N	0301	955	79.87000	24.31000	19.87000	4.31000	484221	827342	483794	1		\N	286	6	274	1.30	2015-06-24	20263	\N	1	\N	alive
2400577	P14	112	Euphorbiaceae	Croton	billbergianus	crotbi	\N	289	\N	0302	1009	68.22000	42.82000	8.22000	2.82000	484251	827343	483823	1		main	204	2	106	1.30	2010-11-17	18583	\N	1	\N	alive
79032	P14	112	Euphorbiaceae	Croton	billbergianus	crotbi	\N	289	\N	0302	1009	68.22000	42.82000	8.22000	2.82000	484251	827343	483823	1			256	3	\N	0.00	2012-05-01	19114	D;S	1	\N	dead
69383	P14	112	Euphorbiaceae	Croton	billbergianus	crotbi	\N	289	\N	0302	1009	68.22000	42.82000	8.22000	2.82000	484251	827343	483823	1			268	4	\N	0.00	2013-04-16	19464	D	1	\N	dead
2400578	P14	112	Simaroubaceae	Simarouba	amara	simaam	\N	935	\N	0302	1009	66.88000	43.14000	6.88000	3.14000	484252	827344	483824	1		main	204	2	252	1.30	2010-11-17	18583	\N	1	\N	alive
79147	P14	112	Simaroubaceae	Simarouba	amara	simaam	\N	935	\N	0302	1009	66.88000	43.14000	6.88000	3.14000	484252	827344	483824	1			256	3	280	1.30	2012-05-01	19114	\N	1	\N	alive
69504	P14	112	Simaroubaceae	Simarouba	amara	simaam	\N	935	\N	0302	1009	66.88000	43.14000	6.88000	3.14000	484252	827344	483824	1			268	4	302	1.30	2013-04-16	19464	\N	1	\N	alive
2414074	P14	112	Simaroubaceae	Simarouba	amara	simaam	\N	935	\N	0302	1009	66.88000	43.14000	6.88000	3.14000	484252	827344	483824	1		\N	278	5	323	1.30	2014-04-09	19822	\N	1	\N	alive
2422491	P14	112	Simaroubaceae	Simarouba	amara	simaam	\N	935	\N	0302	1009	66.88000	43.14000	6.88000	3.14000	484252	827344	483824	1		\N	286	6	348	1.30	2015-06-24	20263	\N	1	\N	alive
2400579	P14	112	Annonaceae	Annona	spraguei	annosp	\N	58	\N	0302	1009	63.85000	44.83000	3.85000	4.83000	484253	827345	483825	1		main	204	2	176	1.30	2010-11-17	18583	\N	1	\N	alive
79262	P14	112	Annonaceae	Annona	spraguei	annosp	\N	58	\N	0302	1009	63.85000	44.83000	3.85000	4.83000	484253	827345	483825	1			256	3	176	1.30	2012-05-01	19114	\N	1	\N	alive
69625	P14	112	Annonaceae	Annona	spraguei	annosp	\N	58	\N	0302	1009	63.85000	44.83000	3.85000	4.83000	484253	827345	483825	1			268	4	176	1.30	2013-04-16	19464	\N	1	\N	alive
2414070	P14	112	Annonaceae	Annona	spraguei	annosp	\N	58	\N	0302	1009	63.85000	44.83000	3.85000	4.83000	484253	827345	483825	1		\N	278	5	176	1.30	2014-04-09	19822	\N	1	\N	alive
2422487	P14	112	Annonaceae	Annona	spraguei	annosp	\N	58	\N	0302	1009	63.85000	44.83000	3.85000	4.83000	484253	827345	483825	1		\N	286	6	\N	1.30	2015-06-24	20263	D	1	\N	dead
2400580	P14	112	Euphorbiaceae	Croton	billbergianus	crotbi	\N	289	\N	0302	1009	64.89000	46.49000	4.89000	6.49000	484254	827346	483826	1		main	204	2	178	1.30	2010-11-17	18583	\N	1	\N	alive
79377	P14	112	Euphorbiaceae	Croton	billbergianus	crotbi	\N	289	\N	0302	1009	64.89000	46.49000	4.89000	6.49000	484254	827346	483826	1			256	3	182	1.30	2012-05-01	19114	\N	1	\N	alive
69746	P14	112	Euphorbiaceae	Croton	billbergianus	crotbi	\N	289	\N	0302	1009	64.89000	46.49000	4.89000	6.49000	484254	827346	483826	1			268	4	188	1.30	2013-04-16	19464	\N	1	\N	alive
2414071	P14	112	Euphorbiaceae	Croton	billbergianus	crotbi	\N	289	\N	0302	1009	64.89000	46.49000	4.89000	6.49000	484254	827346	483826	1		\N	278	5	191	1.30	2014-04-09	19822	\N	1	\N	alive
2422488	P14	112	Euphorbiaceae	Croton	billbergianus	crotbi	\N	289	\N	0302	1009	64.89000	46.49000	4.89000	6.49000	484254	827346	483826	1		\N	286	6	\N	1.30	2015-06-24	20263	D	1	\N	dead
2400581	P14	112	Myrtaceae	Eugenia	oerstediana	eugeoe	\N	362	\N	0302	1009	74.73000	46.19000	14.73000	6.19000	484255	827347	483827	1		main	204	2	101	1.30	2010-11-17	18583	\N	1	\N	alive
79492	P14	112	Myrtaceae	Eugenia	oerstediana	eugeoe	\N	362	\N	0302	1009	74.73000	46.19000	14.73000	6.19000	484255	827347	483827	1			256	3	\N	0.00	2012-05-01	19114	D;S	1	\N	dead
69867	P14	112	Myrtaceae	Eugenia	oerstediana	eugeoe	\N	362	\N	0302	1009	74.73000	46.19000	14.73000	6.19000	484255	827347	483827	1			268	4	\N	0.00	2013-04-16	19464	D	1	\N	dead
2400582	P14	112	Fabaceae-mimosoideae	Inga	thibaudiana	ingath	\N	1133	\N	0302	1009	72.14000	44.07000	12.14000	4.07000	484256	827348	483828	1		main	204	2	134	1.30	2010-11-17	18583	\N	1	\N	alive
79607	P14	112	Fabaceae-mimosoideae	Inga	thibaudiana	ingath	\N	1133	\N	0302	1009	72.14000	44.07000	12.14000	4.07000	484256	827348	483828	1			256	3	155	1.30	2012-05-01	19114	\N	1	\N	alive
69988	P14	112	Fabaceae-mimosoideae	Inga	thibaudiana	ingath	\N	1133	\N	0302	1009	72.14000	44.07000	12.14000	4.07000	484256	827348	483828	1			268	4	161	1.30	2013-04-16	19464	\N	1	\N	alive
2414077	P14	112	Fabaceae-mimosoideae	Inga	thibaudiana	ingath	\N	1133	\N	0302	1009	72.14000	44.07000	12.14000	4.07000	484256	827348	483828	1		\N	278	5	165	1.30	2014-04-09	19822	\N	1	\N	alive
2422494	P14	112	Fabaceae-mimosoideae	Inga	thibaudiana	ingath	\N	1133	\N	0302	1009	72.14000	44.07000	12.14000	4.07000	484256	827348	483828	1		\N	286	6	170	1.30	2015-06-24	20263	\N	1	\N	alive
2400636	P14	112	Arecaceae	Socratea	exorrhiza	socrex	\N	1163	\N	0303	1063	65.72000	68.55000	5.72000	8.55000	484304	827349	483876	1		main	204	2	109	1.30	2010-11-17	18583	\N	1	\N	alive
81534	P14	112	Arecaceae	Socratea	exorrhiza	socrex	\N	1163	\N	0303	1063	65.72000	68.55000	5.72000	8.55000	484304	827349	483876	1			256	3	109	1.30	2012-05-01	19114	\N	1	\N	alive
71795	P14	112	Arecaceae	Socratea	exorrhiza	socrex	\N	1163	\N	0303	1063	65.72000	68.55000	5.72000	8.55000	484304	827349	483876	1			268	4	110	1.30	2013-04-16	19464	\N	1	\N	alive
2414090	P14	112	Arecaceae	Socratea	exorrhiza	socrex	\N	1163	\N	0303	1063	65.72000	68.55000	5.72000	8.55000	484304	827349	483876	1		\N	278	5	111	1.30	2014-04-09	19822	\N	1	\N	alive
2422504	P14	112	Arecaceae	Socratea	exorrhiza	socrex	\N	1163	\N	0303	1063	65.72000	68.55000	5.72000	8.55000	484304	827349	483876	1		\N	286	6	111	1.30	2015-06-24	20263	\N	1	\N	alive
2400637	P14	112	Rubiaceae	Coussarea	curvigemmia	cou2cu	\N	280	\N	0303	1063	62.74000	76.48000	2.74000	16.48000	484305	827350	483877	1		main	204	2	102	1.30	2010-11-17	18583	\N	1	\N	alive
81646	P14	112	Rubiaceae	Coussarea	curvigemmia	cou2cu	\N	280	\N	0303	1063	62.74000	76.48000	2.74000	16.48000	484305	827350	483877	1			256	3	102	1.30	2012-05-01	19114	\N	1	\N	alive
71914	P14	112	Rubiaceae	Coussarea	curvigemmia	cou2cu	\N	280	\N	0303	1063	62.74000	76.48000	2.74000	16.48000	484305	827350	483877	1			268	4	102	1.30	2013-04-16	19464	\N	1	\N	alive
2414089	P14	112	Rubiaceae	Coussarea	curvigemmia	cou2cu	\N	280	\N	0303	1063	62.74000	76.48000	2.74000	16.48000	484305	827350	483877	1		\N	278	5	101	1.30	2014-04-09	19822	\N	1	\N	alive
2422503	P14	112	Rubiaceae	Coussarea	curvigemmia	cou2cu	\N	280	\N	0303	1063	62.74000	76.48000	2.74000	16.48000	484305	827350	483877	1		\N	286	6	102	1.30	2015-06-24	20263	\N	1	\N	alive
2400638	P14	112	Meliaceae	Trichilia	tuberculata	tri2tu	\N	1169	\N	0303	1063	67.99000	79.22000	7.99000	19.22000	484306	827351	483878	1		main	204	2	118	1.30	2010-11-17	18583	\N	1	\N	alive
81758	P14	112	Meliaceae	Trichilia	tuberculata	tri2tu	\N	1169	\N	0303	1063	67.99000	79.22000	7.99000	19.22000	484306	827351	483878	1			256	3	120	1.30	2012-05-01	19114	\N	1	\N	alive
72033	P14	112	Meliaceae	Trichilia	tuberculata	tri2tu	\N	1169	\N	0303	1063	67.99000	79.22000	7.99000	19.22000	484306	827351	483878	1			268	4	120	1.30	2013-04-16	19464	\N	1	\N	alive
2414094	P14	112	Meliaceae	Trichilia	tuberculata	tri2tu	\N	1169	\N	0303	1063	67.99000	79.22000	7.99000	19.22000	484306	827351	483878	1		\N	278	5	120	1.30	2014-04-09	19822	\N	1	\N	alive
2422508	P14	112	Meliaceae	Trichilia	tuberculata	tri2tu	\N	1169	\N	0303	1063	67.99000	79.22000	7.99000	19.22000	484306	827351	483878	1		\N	286	6	123	1.30	2015-06-24	20263	\N	1	\N	alive
2400639	P14	112	Rubiaceae	Alseis	blackiana	alsebl	\N	33	\N	0303	1063	74.54000	65.58000	14.54000	5.58000	484307	827352	483879	1		main	204	2	100	1.30	2010-11-17	18583	\N	1	\N	alive
81870	P14	112	Rubiaceae	Alseis	blackiana	alsebl	\N	33	\N	0303	1063	74.54000	65.58000	14.54000	5.58000	484307	827352	483879	1			256	3	102	1.30	2012-05-01	19114	\N	1	\N	alive
72152	P14	112	Rubiaceae	Alseis	blackiana	alsebl	\N	33	\N	0303	1063	74.54000	65.58000	14.54000	5.58000	484307	827352	483879	1			268	4	102	1.30	2013-04-16	19464	\N	1	\N	alive
2414096	P14	112	Rubiaceae	Alseis	blackiana	alsebl	\N	33	\N	0303	1063	74.54000	65.58000	14.54000	5.58000	484307	827352	483879	1		\N	278	5	101	1.30	2014-04-09	19822	\N	1	\N	alive
2422510	P14	112	Rubiaceae	Alseis	blackiana	alsebl	\N	33	\N	0303	1063	74.54000	65.58000	14.54000	5.58000	484307	827352	483879	1		\N	286	6	104	1.30	2015-06-24	20263	\N	1	\N	alive
2400640	P14	112	Burseraceae	Tetragastris	panamensis	tet2pa	\N	1007	\N	0303	1063	70.77000	65.54000	10.77000	5.54000	484308	827353	483880	1		main	204	2	159	1.30	2010-11-17	18583	\N	1	\N	alive
81982	P14	112	Burseraceae	Tetragastris	panamensis	tet2pa	\N	1007	\N	0303	1063	70.77000	65.54000	10.77000	5.54000	484308	827353	483880	1			256	3	162	1.30	2012-05-01	19114	\N	1	\N	alive
72271	P14	112	Burseraceae	Tetragastris	panamensis	tet2pa	\N	1007	\N	0303	1063	70.77000	65.54000	10.77000	5.54000	484308	827353	483880	1			268	4	166	1.30	2013-04-16	19464	\N	1	\N	alive
2414097	P14	112	Burseraceae	Tetragastris	panamensis	tet2pa	\N	1007	\N	0303	1063	70.77000	65.54000	10.77000	5.54000	484308	827353	483880	1		\N	278	5	170	1.30	2014-04-09	19822	\N	1	\N	alive
2422511	P14	112	Burseraceae	Tetragastris	panamensis	tet2pa	\N	1007	\N	0303	1063	70.77000	65.54000	10.77000	5.54000	484308	827353	483880	1		\N	286	6	170	1.30	2015-06-24	20263	\N	1	\N	alive
2400641	P14	112	Burseraceae	Tetragastris	panamensis	tet2pa	\N	1007	\N	0303	1063	74.55000	67.76000	14.55000	7.76000	484309	838410	483881	1		main	204	2	104	1.30	2010-11-17	18583	\N	1	\N	alive
82094	P14	112	Burseraceae	Tetragastris	panamensis	tet2pa	\N	1007	\N	0303	1063	74.55000	67.76000	14.55000	7.76000	484309	838410	483881	1			256	3	104	1.30	2012-05-01	19114	\N	1	\N	alive
72390	P14	112	Burseraceae	Tetragastris	panamensis	tet2pa	\N	1007	\N	0303	1063	74.55000	67.76000	14.55000	7.76000	484309	838410	483881	1			268	4	112	1.30	2013-04-16	19464	\N	1	\N	alive
2414098	P14	112	Burseraceae	Tetragastris	panamensis	tet2pa	\N	1007	\N	0303	1063	74.55000	67.76000	14.55000	7.76000	484309	838410	483881	1		\N	278	5	112	1.30	2014-04-09	19822	\N	1	\N	alive
2422512	P14	112	Burseraceae	Tetragastris	panamensis	tet2pa	\N	1007	\N	0303	1063	74.55000	67.76000	14.55000	7.76000	484309	838410	483881	1		\N	286	6	113	1.30	2015-06-24	20263	\N	1	\N	alive
2400702	P14	112	Fabaceae-caesalpinioideae	Tachigali	versicolor	tachve	\N	995	\N	0304	1117	63.87000	91.97000	3.87000	11.97000	484332	826495	483904	1		main	204	2	230	1.30	2010-11-17	18583	\N	1	\N	alive
83206	P14	112	Fabaceae-caesalpinioideae	Tachigali	versicolor	tachve	\N	995	\N	0304	1117	63.87000	91.97000	3.87000	11.97000	484332	826495	483904	1			256	3	252	1.30	2012-05-01	19114	\N	1	\N	alive
73580	P14	112	Fabaceae-caesalpinioideae	Tachigali	versicolor	tachve	\N	995	\N	0304	1117	63.87000	91.97000	3.87000	11.97000	484332	826495	483904	1			268	4	281	1.30	2013-04-16	19464	\N	1	\N	alive
2414105	P14	112	Fabaceae-caesalpinioideae	Tachigali	versicolor	tachve	\N	995	\N	0304	1117	63.87000	91.97000	3.87000	11.97000	484332	826495	483904	1		\N	278	5	313	1.30	2014-04-09	19822	\N	1	\N	alive
2422519	P14	112	Fabaceae-caesalpinioideae	Tachigali	versicolor	tachve	\N	995	\N	0304	1117	63.87000	91.97000	3.87000	11.97000	484332	826495	483904	1		\N	286	6	324	2.50	2015-06-24	20263	B;cylY	1	\N	alive
2400703	P14	112	Boraginaceae	Cordia	lasiocalyx	cordla	\N	269	\N	0304	1117	60.11000	97.39000	0.11000	17.39000	484333	826496	483905	1	1	main	204	2	134	1.30	2010-11-17	18583	\N	1	\N	alive
83316	P14	112	Boraginaceae	Cordia	lasiocalyx	cordla	\N	269	\N	0304	1117	60.11000	97.39000	0.11000	17.39000	484333	826496	483905	1	1		256	3	134	1.30	2012-05-01	19114	\N	1	\N	alive
73699	P14	112	Boraginaceae	Cordia	lasiocalyx	cordla	\N	269	\N	0304	1117	60.11000	97.39000	0.11000	17.39000	484333	826496	483905	1	1		268	4	136	1.30	2013-04-16	19464	M	1	\N	alive
2414106	P14	112	Boraginaceae	Cordia	lasiocalyx	cordla	\N	269	\N	0304	1117	60.11000	97.39000	0.11000	17.39000	484333	826496	483905	1	1	\N	278	5	135	1.30	2014-04-09	19822	\N	1	\N	alive
2422520	P14	112	Boraginaceae	Cordia	lasiocalyx	cordla	\N	269	\N	0304	1117	60.11000	97.39000	0.11000	17.39000	484333	826496	483905	1	1	\N	286	6	136	1.30	2015-06-24	20263	\N	1	\N	alive
2400704	P14	112	Myrtaceae	Eugenia	coloradoensis	eugeco	\N	358	\N	0304	1117	72.10000	90.55000	12.10000	10.55000	484334	826497	483906	1		main	204	2	117	1.30	2010-11-17	18583	\N	1	\N	alive
83426	P14	112	Myrtaceae	Eugenia	coloradoensis	eugeco	\N	358	\N	0304	1117	72.10000	90.55000	12.10000	10.55000	484334	826497	483906	1			256	3	120	1.30	2012-05-01	19114	\N	1	\N	alive
73818	P14	112	Myrtaceae	Eugenia	coloradoensis	eugeco	\N	358	\N	0304	1117	72.10000	90.55000	12.10000	10.55000	484334	826497	483906	1			268	4	122	1.30	2013-04-16	19464	\N	1	\N	alive
2414109	P14	112	Myrtaceae	Eugenia	coloradoensis	eugeco	\N	358	\N	0304	1117	72.10000	90.55000	12.10000	10.55000	484334	826497	483906	1		\N	278	5	122	1.30	2014-04-09	19822	\N	1	\N	alive
2422522	P14	112	Myrtaceae	Eugenia	coloradoensis	eugeco	\N	358	\N	0304	1117	72.10000	90.55000	12.10000	10.55000	484334	826497	483906	1		\N	286	6	124	1.30	2015-06-24	20263	\N	1	\N	alive
2400705	P14	112	Rubiaceae	Alseis	blackiana	alsebl	\N	33	\N	0304	1117	73.12000	92.31000	13.12000	12.31000	484335	826498	483907	1		main	204	2	135	1.30	2010-11-17	18583	\N	1	\N	alive
83536	P14	112	Rubiaceae	Alseis	blackiana	alsebl	\N	33	\N	0304	1117	73.12000	92.31000	13.12000	12.31000	484335	826498	483907	1			256	3	136	1.30	2012-05-01	19114	\N	1	\N	alive
73936	P14	112	Rubiaceae	Alseis	blackiana	alsebl	\N	33	\N	0304	1117	73.12000	92.31000	13.12000	12.31000	484335	826498	483907	1			268	4	136	1.30	2013-04-16	19464	\N	1	\N	alive
2414110	P14	112	Rubiaceae	Alseis	blackiana	alsebl	\N	33	\N	0304	1117	73.12000	92.31000	13.12000	12.31000	484335	826498	483907	1		\N	278	5	136	1.30	2014-04-09	19822	\N	1	\N	alive
2422523	P14	112	Rubiaceae	Alseis	blackiana	alsebl	\N	33	\N	0304	1117	73.12000	92.31000	13.12000	12.31000	484335	826498	483907	1		\N	286	6	136	1.30	2015-06-24	20263	\N	1	\N	alive
2400706	P14	112	Rubiaceae	Faramea	occidentalis	faraoc	\N	379	\N	0304	1117	72.08000	98.05000	12.08000	18.05000	484336	826499	483908	1		main	204	2	100	1.30	2010-11-17	18583	\N	1	\N	alive
83646	P14	112	Rubiaceae	Faramea	occidentalis	faraoc	\N	379	\N	0304	1117	72.08000	98.05000	12.08000	18.05000	484336	826499	483908	1			256	3	100	1.30	2012-05-01	19114	\N	1	\N	alive
74054	P14	112	Rubiaceae	Faramea	occidentalis	faraoc	\N	379	\N	0304	1117	72.08000	98.05000	12.08000	18.05000	484336	826499	483908	1			268	4	100	1.30	2013-04-16	19464	\N	1	\N	alive
2414111	P14	112	Rubiaceae	Faramea	occidentalis	faraoc	\N	379	\N	0304	1117	72.08000	98.05000	12.08000	18.05000	484336	826499	483908	1		\N	278	5	100	1.30	2014-04-09	19822	\N	1	\N	alive
2422524	P14	112	Rubiaceae	Faramea	occidentalis	faraoc	\N	379	\N	0304	1117	72.08000	98.05000	12.08000	18.05000	484336	826499	483908	1		\N	286	6	100	1.30	2015-06-24	20263	\N	1	\N	alive
2400707	P14	112	Cannabaceae	Celtis	schippii	celtsc	\N	184	\N	0304	1117	70.37000	99.57000	10.37000	19.57000	484343	827571	483915	1		main	204	2	349	1.30	2010-11-17	18583	\N	1	\N	alive
83756	P14	112	Cannabaceae	Celtis	schippii	celtsc	\N	184	\N	0304	1117	70.37000	99.57000	10.37000	19.57000	484343	827571	483915	1			256	3	377	1.30	2012-05-01	19114	\N	1	\N	alive
74172	P14	112	Cannabaceae	Celtis	schippii	celtsc	\N	184	\N	0304	1117	70.37000	99.57000	10.37000	19.57000	484343	827571	483915	1			268	4	403	1.30	2013-04-16	19464	\N	1	\N	alive
2414112	P14	112	Cannabaceae	Celtis	schippii	celtsc	\N	184	\N	0304	1117	70.37000	99.57000	10.37000	19.57000	484343	827571	483915	1		\N	278	5	422	1.30	2014-04-09	19822	\N	1	\N	alive
2422525	P14	112	Cannabaceae	Celtis	schippii	celtsc	\N	184	\N	0304	1117	70.37000	99.57000	10.37000	19.57000	484343	827571	483915	1		\N	286	6	439	1.30	2015-06-24	20263	\N	1	\N	alive
2400708	P14	112	Burseraceae	Protium	tenuifolium	protte		828	15	0304	1117	79.01000	80.71000	19.01000	0.71000	484344	827572	483916	1		main	204	2	106	1.30	2010-11-17	18583	\N	1	\N	alive
83866	P14	112	Burseraceae	Protium	tenuifolium	protte		828	15	0304	1117	79.01000	80.71000	19.01000	0.71000	484344	827572	483916	1			256	3	106	1.30	2012-05-01	19114	\N	1	\N	alive
74289	P14	112	Burseraceae	Protium	tenuifolium	protte		828	15	0304	1117	79.01000	80.71000	19.01000	0.71000	484344	827572	483916	1			268	4	105	1.30	2013-04-16	19464	\N	1	\N	alive
2414114	P14	112	Burseraceae	Protium	tenuifolium	protte		828	15	0304	1117	79.01000	80.71000	19.01000	0.71000	484344	827572	483916	1		\N	278	5	105	1.30	2014-04-09	19822	\N	1	\N	alive
2422527	P14	112	Burseraceae	Protium	tenuifolium	protte		828	15	0304	1117	79.01000	80.71000	19.01000	0.71000	484344	827572	483916	1		\N	286	6	106	1.30	2015-06-24	20263	\N	1	\N	alive
2400753	P14	112	Rubiaceae	Coussarea	curvigemmia	cou2cu	\N	280	\N	0400	1171	81.58000	5.35000	1.58000	5.35000	484385	826480	483957	1	1	main	204	2	106	1.30	2010-11-16	18582	\N	1	\N	alive
87130	P14	112	Rubiaceae	Coussarea	curvigemmia	cou2cu	\N	280	\N	0400	1171	81.58000	5.35000	1.58000	5.35000	484385	826480	483957	1	1		256	3	112	1.30	2012-05-01	19114	\N	1	\N	alive
76628	P14	112	Rubiaceae	Coussarea	curvigemmia	cou2cu	\N	280	\N	0400	1171	81.58000	5.35000	1.58000	5.35000	484385	826480	483957	1	1		268	4	113	1.30	2013-04-16	19464	\N	1	\N	alive
2414119	P14	112	Rubiaceae	Coussarea	curvigemmia	cou2cu	\N	280	\N	0400	1171	81.58000	5.35000	1.58000	5.35000	484385	826480	483957	1	1	\N	278	5	113	1.30	2014-04-09	19822	\N	1	\N	alive
2422531	P14	112	Rubiaceae	Coussarea	curvigemmia	cou2cu	\N	280	\N	0400	1171	81.58000	5.35000	1.58000	5.35000	484385	826480	483957	1	1	\N	286	6	114	1.30	2015-06-24	20263	\N	1	\N	alive
2400755	P14	112	Erythropalaceae	Heisteria	concinna	heisco	\N	469	\N	0400	1171	80.21000	9.80000	0.21000	9.80000	484386	826481	483958	1		main	204	2	125	1.30	2010-11-16	18582	\N	1	\N	alive
87342	P14	112	Erythropalaceae	Heisteria	concinna	heisco	\N	469	\N	0400	1171	80.21000	9.80000	0.21000	9.80000	484386	826481	483958	1			256	3	130	1.30	2012-05-01	19114	\N	1	\N	alive
76859	P14	112	Erythropalaceae	Heisteria	concinna	heisco	\N	469	\N	0400	1171	80.21000	9.80000	0.21000	9.80000	484386	826481	483958	1			268	4	135	1.30	2013-04-16	19464	\N	1	\N	alive
2414121	P14	112	Erythropalaceae	Heisteria	concinna	heisco	\N	469	\N	0400	1171	80.21000	9.80000	0.21000	9.80000	484386	826481	483958	1		\N	278	5	140	1.30	2014-04-09	19822	\N	1	\N	alive
2422532	P14	112	Erythropalaceae	Heisteria	concinna	heisco	\N	469	\N	0400	1171	80.21000	9.80000	0.21000	9.80000	484386	826481	483958	1		\N	286	6	147	1.30	2015-06-24	20263	\N	1	\N	alive
2400756	P14	112	Burseraceae	Tetragastris	panamensis	tet2pa	\N	1007	\N	0400	1171	80.40000	18.76000	0.40000	18.76000	484387	826482	483959	1		main	204	2	101	1.30	2010-11-16	18582	\N	1	\N	alive
87448	P14	112	Burseraceae	Tetragastris	panamensis	tet2pa	\N	1007	\N	0400	1171	80.40000	18.76000	0.40000	18.76000	484387	826482	483959	1			256	3	101	1.30	2012-05-01	19114	\N	1	\N	alive
76974	P14	112	Burseraceae	Tetragastris	panamensis	tet2pa	\N	1007	\N	0400	1171	80.40000	18.76000	0.40000	18.76000	484387	826482	483959	1			268	4	112	1.30	2013-04-16	19464	\N	1	\N	alive
2414130	P14	112	Burseraceae	Tetragastris	panamensis	tet2pa	\N	1007	\N	0400	1171	80.40000	18.76000	0.40000	18.76000	484387	826482	483959	1		\N	278	5	113	1.30	2014-04-09	19822	\N	1	\N	alive
2422534	P14	112	Burseraceae	Tetragastris	panamensis	tet2pa	\N	1007	\N	0400	1171	80.40000	18.76000	0.40000	18.76000	484387	826482	483959	1		\N	286	6	117	1.30	2015-06-24	20263	\N	1	\N	alive
2400757	P14	112	Sapotaceae	Pouteria	fossicola	poutfo	\N	809	\N	0400	1171	85.36000	14.19000	5.36000	14.19000	484388	826483	483960	1		main	204	2	178	1.30	2010-11-16	18582	\N	1	\N	alive
87554	P14	112	Sapotaceae	Pouteria	fossicola	poutfo	\N	809	\N	0400	1171	85.36000	14.19000	5.36000	14.19000	484388	826483	483960	1			256	3	188	1.30	2012-05-01	19114	\N	1	\N	alive
77089	P14	112	Sapotaceae	Pouteria	fossicola	poutfo	\N	809	\N	0400	1171	85.36000	14.19000	5.36000	14.19000	484388	826483	483960	1			268	4	200	1.30	2013-04-16	19464	\N	1	\N	alive
2414134	P14	112	Sapotaceae	Pouteria	fossicola	poutfo	\N	809	\N	0400	1171	85.36000	14.19000	5.36000	14.19000	484388	826483	483960	1		\N	278	5	212	1.30	2014-04-09	19822	\N	1	\N	alive
2422538	P14	112	Sapotaceae	Pouteria	fossicola	poutfo	\N	809	\N	0400	1171	85.36000	14.19000	5.36000	14.19000	484388	826483	483960	1		\N	286	6	224	1.30	2015-06-24	20263	\N	1	\N	alive
2400758	P14	112	Rubiaceae	Alseis	blackiana	alsebl	\N	33	\N	0400	1171	94.07000	5.45000	14.07000	5.45000	484389	826484	483961	1		main	204	2	111	1.30	2010-11-16	18582	\N	1	\N	alive
87660	P14	112	Rubiaceae	Alseis	blackiana	alsebl	\N	33	\N	0400	1171	94.07000	5.45000	14.07000	5.45000	484389	826484	483961	1			256	3	115	1.30	2012-05-01	19114	\N	1	\N	alive
77204	P14	112	Rubiaceae	Alseis	blackiana	alsebl	\N	33	\N	0400	1171	94.07000	5.45000	14.07000	5.45000	484389	826484	483961	1			268	4	105	1.30	2013-04-16	19464	\N	1	\N	alive
2414135	P14	112	Rubiaceae	Alseis	blackiana	alsebl	\N	33	\N	0400	1171	94.07000	5.45000	14.07000	5.45000	484389	826484	483961	1		\N	278	5	105	1.30	2014-04-09	19822	\N	1	\N	alive
2422539	P14	112	Rubiaceae	Alseis	blackiana	alsebl	\N	33	\N	0400	1171	94.07000	5.45000	14.07000	5.45000	484389	826484	483961	1		\N	286	6	105	1.30	2015-06-24	20263	\N	1	\N	alive
2400759	P14	112	Burseraceae	Protium	tenuifolium	protte		828	15	0400	1171	99.28000	18.01000	19.28000	18.01000	484390	826485	483962	1		main	204	2	116	1.30	2010-11-16	18582	\N	1	\N	alive
87766	P14	112	Burseraceae	Protium	tenuifolium	protte		828	15	0400	1171	99.28000	18.01000	19.28000	18.01000	484390	826485	483962	1			256	3	124	1.30	2012-05-01	19114	\N	1	\N	alive
77319	P14	112	Burseraceae	Protium	tenuifolium	protte		828	15	0400	1171	99.28000	18.01000	19.28000	18.01000	484390	826485	483962	1			268	4	130	1.30	2013-04-16	19464	\N	1	\N	alive
2414144	P14	112	Burseraceae	Protium	tenuifolium	protte		828	15	0400	1171	99.28000	18.01000	19.28000	18.01000	484390	826485	483962	1		\N	278	5	135	1.30	2014-04-09	19822	\N	1	\N	alive
2422547	P14	112	Burseraceae	Protium	tenuifolium	protte		828	15	0400	1171	99.28000	18.01000	19.28000	18.01000	484390	826485	483962	1		\N	286	6	138	1.30	2015-06-24	20263	\N	1	\N	alive
2400760	P14	112	Rubiaceae	Faramea	occidentalis	faraoc	\N	379	\N	0400	1171	99.94000	2.86000	19.94000	2.86000	484391	826486	483963	1	1	main	204	2	101	1.30	2010-11-16	18582	\N	1	\N	alive
87872	P14	112	Rubiaceae	Faramea	occidentalis	faraoc	\N	379	\N	0400	1171	99.94000	2.86000	19.94000	2.86000	484391	826486	483963	1	1		256	3	105	1.30	2012-05-01	19114	\N	1	\N	alive
77434	P14	112	Rubiaceae	Faramea	occidentalis	faraoc	\N	379	\N	0400	1171	99.94000	2.86000	19.94000	2.86000	484391	826486	483963	1	1		268	4	105	1.30	2013-04-16	19464	\N	1	\N	alive
2414140	P14	112	Rubiaceae	Faramea	occidentalis	faraoc	\N	379	\N	0400	1171	99.94000	2.86000	19.94000	2.86000	484391	826486	483963	1	1	\N	278	5	105	1.30	2014-04-09	19822	\N	1	\N	alive
2422543	P14	112	Rubiaceae	Faramea	occidentalis	faraoc	\N	379	\N	0400	1171	99.94000	2.86000	19.94000	2.86000	484391	826486	483963	1	1	\N	286	6	106	1.30	2015-06-24	20263	\N	1	\N	alive
2400806	P14	112	Salicaceae	Casearia	arborea	casear	\N	1114	\N	0401	1225	82.28000	20.16000	2.28000	0.16000	484414	826487	483986	1		main	204	2	135	1.30	2010-11-17	18583	\N	1	\N	alive
90190	P14	112	Salicaceae	Casearia	arborea	casear	\N	1114	\N	0401	1225	82.28000	20.16000	2.28000	0.16000	484414	826487	483986	1			256	3	140	1.30	2012-05-01	19114	\N	1	\N	alive
79159	P14	112	Salicaceae	Casearia	arborea	casear	\N	1114	\N	0401	1225	82.28000	20.16000	2.28000	0.16000	484414	826487	483986	1			268	4	147	1.30	2013-04-16	19464	\N	1	\N	alive
2414146	P14	112	Salicaceae	Casearia	arborea	casear	\N	1114	\N	0401	1225	82.28000	20.16000	2.28000	0.16000	484414	826487	483986	1		\N	278	5	148	1.30	2014-04-09	19822	\N	1	\N	alive
2422550	P14	112	Salicaceae	Casearia	arborea	casear	\N	1114	\N	0401	1225	82.28000	20.16000	2.28000	0.16000	484414	826487	483986	1		\N	286	6	153	1.30	2015-06-24	20263	\N	1	\N	alive
2400807	P14	112	Salicaceae	Casearia	arborea	casear	\N	1114	\N	0401	1225	81.82000	30.20000	1.82000	10.20000	484415	826488	483987	1		main	204	2	165	1.30	2010-11-17	18583	\N	1	\N	alive
90295	P14	112	Salicaceae	Casearia	arborea	casear	\N	1114	\N	0401	1225	81.82000	30.20000	1.82000	10.20000	484415	826488	483987	1			256	3	175	1.30	2012-05-01	19114	\N	1	\N	alive
79274	P14	112	Salicaceae	Casearia	arborea	casear	\N	1114	\N	0401	1225	81.82000	30.20000	1.82000	10.20000	484415	826488	483987	1			268	4	180	1.30	2013-04-16	19464	\N	1	\N	alive
2414151	P14	112	Salicaceae	Casearia	arborea	casear	\N	1114	\N	0401	1225	81.82000	30.20000	1.82000	10.20000	484415	826488	483987	1		\N	278	5	182	1.30	2014-04-09	19822	\N	1	\N	alive
2422553	P14	112	Salicaceae	Casearia	arborea	casear	\N	1114	\N	0401	1225	81.82000	30.20000	1.82000	10.20000	484415	826488	483987	1		\N	286	6	182	1.30	2015-06-24	20263	\N	1	\N	alive
2400808	P14	112	Rubiaceae	Alseis	blackiana	alsebl	\N	33	\N	0401	1225	83.74000	34.35000	3.74000	14.35000	484416	826489	483988	1		main	204	2	130	1.30	2010-11-17	18583	\N	1	\N	alive
90400	P14	112	Rubiaceae	Alseis	blackiana	alsebl	\N	33	\N	0401	1225	83.74000	34.35000	3.74000	14.35000	484416	826489	483988	1			256	3	134	1.30	2012-05-01	19114	\N	1	\N	alive
79389	P14	112	Rubiaceae	Alseis	blackiana	alsebl	\N	33	\N	0401	1225	83.74000	34.35000	3.74000	14.35000	484416	826489	483988	1			268	4	135	1.30	2013-04-16	19464	\N	1	\N	alive
2414152	P14	112	Rubiaceae	Alseis	blackiana	alsebl	\N	33	\N	0401	1225	83.74000	34.35000	3.74000	14.35000	484416	826489	483988	1		\N	278	5	140	1.30	2014-04-09	19822	\N	1	\N	alive
2422554	P14	112	Rubiaceae	Alseis	blackiana	alsebl	\N	33	\N	0401	1225	83.74000	34.35000	3.74000	14.35000	484416	826489	483988	1		\N	286	6	141	1.30	2015-06-24	20263	\N	1	\N	alive
2400809	P14	112	Anacardiaceae	Spondias	radlkoferi	sponra	\N	966	\N	0401	1225	89.19000	39.51000	9.19000	19.51000	484417	826490	483989	1		main	204	2	133	1.30	2010-11-17	18583	\N	1	\N	alive
90504	P14	112	Anacardiaceae	Spondias	radlkoferi	sponra	\N	966	\N	0401	1225	89.19000	39.51000	9.19000	19.51000	484417	826490	483989	1			256	3	133	1.30	2012-05-01	19114	\N	1	\N	alive
79504	P14	112	Anacardiaceae	Spondias	radlkoferi	sponra	\N	966	\N	0401	1225	89.19000	39.51000	9.19000	19.51000	484417	826490	483989	1			268	4	136	1.30	2013-04-16	19464	\N	1	\N	alive
2414158	P14	112	Anacardiaceae	Spondias	radlkoferi	sponra	\N	966	\N	0401	1225	89.19000	39.51000	9.19000	19.51000	484417	826490	483989	1		\N	278	5	136	1.30	2014-04-09	19822	\N	1	\N	alive
2422559	P14	112	Anacardiaceae	Spondias	radlkoferi	sponra	\N	966	\N	0401	1225	89.19000	39.51000	9.19000	19.51000	484417	826490	483989	1		\N	286	6	136	1.30	2015-06-24	20263	\N	1	\N	alive
2400810	P14	112	Burseraceae	Protium	panamense	protpa	\N	827	\N	0401	1225	86.02000	32.96000	6.02000	12.96000	484418	826491	483990	1	1	main	204	2	120	1.30	2010-11-17	18583	\N	1	\N	alive
90609	P14	112	Burseraceae	Protium	panamense	protpa	\N	827	\N	0401	1225	86.02000	32.96000	6.02000	12.96000	484418	826491	483990	1	1		256	3	120	1.30	2012-05-01	19114	\N	1	\N	alive
79619	P14	112	Burseraceae	Protium	panamense	protpa	\N	827	\N	0401	1225	86.02000	32.96000	6.02000	12.96000	484418	826491	483990	1	1		268	4	120	1.30	2013-04-16	19464	\N	1	\N	alive
2414156	P14	112	Burseraceae	Protium	panamense	protpa	\N	827	\N	0401	1225	86.02000	32.96000	6.02000	12.96000	484418	826491	483990	1	1	\N	278	5	120	1.30	2014-04-09	19822	\N	1	\N	alive
2422558	P14	112	Burseraceae	Protium	panamense	protpa	\N	827	\N	0401	1225	86.02000	32.96000	6.02000	12.96000	484418	826491	483990	1	1	\N	286	6	120	1.30	2015-06-24	20263	\N	1	\N	alive
2400812	P14	112	Annonaceae	Xylopia	macrantha	xyl1ma	\N	1094	\N	0401	1225	85.64000	23.72000	5.64000	3.72000	484419	826492	483991	1		main	204	2	100	1.30	2010-11-17	18583	\N	1	\N	alive
90817	P14	112	Annonaceae	Xylopia	macrantha	xyl1ma	\N	1094	\N	0401	1225	85.64000	23.72000	5.64000	3.72000	484419	826492	483991	1			256	3	105	1.30	2012-05-01	19114	\N	1	\N	alive
79849	P14	112	Annonaceae	Xylopia	macrantha	xyl1ma	\N	1094	\N	0401	1225	85.64000	23.72000	5.64000	3.72000	484419	826492	483991	1			268	4	110	1.30	2013-04-16	19464	\N	1	\N	alive
2414154	P14	112	Annonaceae	Xylopia	macrantha	xyl1ma	\N	1094	\N	0401	1225	85.64000	23.72000	5.64000	3.72000	484419	826492	483991	1		\N	278	5	111	1.30	2014-04-09	19822	\N	1	\N	alive
2422556	P14	112	Annonaceae	Xylopia	macrantha	xyl1ma	\N	1094	\N	0401	1225	85.64000	23.72000	5.64000	3.72000	484419	826492	483991	1		\N	286	6	113	1.30	2015-06-24	20263	\N	1	\N	alive
2400813	P14	112	Rubiaceae	Randia	armata	randar	\N	879	\N	0401	1225	94.89000	35.23000	14.89000	15.23000	484420	826493	483992	1		main	204	2	113	1.30	2010-11-17	18583	\N	1	\N	alive
90922	P14	112	Rubiaceae	Randia	armata	randar	\N	879	\N	0401	1225	94.89000	35.23000	14.89000	15.23000	484420	826493	483992	1			256	3	114	1.30	2012-05-01	19114	\N	1	\N	alive
79963	P14	112	Rubiaceae	Randia	armata	randar	\N	879	\N	0401	1225	94.89000	35.23000	14.89000	15.23000	484420	826493	483992	1			268	4	116	1.30	2013-04-16	19464	\N	1	\N	alive
2414162	P14	112	Rubiaceae	Randia	armata	randar	\N	879	\N	0401	1225	94.89000	35.23000	14.89000	15.23000	484420	826493	483992	1		\N	278	5	116	1.30	2014-04-09	19822	\N	1	\N	alive
2422563	P14	112	Rubiaceae	Randia	armata	randar	\N	879	\N	0401	1225	94.89000	35.23000	14.89000	15.23000	484420	826493	483992	1		\N	286	6	117	1.30	2015-06-24	20263	\N	1	\N	alive
2400814	P14	112	Arecaceae	Oenocarpus	mapora	oenoma	\N	1145	\N	0401	1225	97.42000	39.55000	17.42000	19.55000	484421	826494	483993	1	1	main	204	2	101	1.30	2010-11-17	18583	\N	1	\N	alive
91026	P14	112	Arecaceae	Oenocarpus	mapora	oenoma	\N	1145	\N	0401	1225	97.42000	39.55000	17.42000	19.55000	484421	826494	483993	1	1		256	3	103	1.30	2012-05-01	19114	\N	1	\N	alive
80077	P14	112	Arecaceae	Oenocarpus	mapora	oenoma	\N	1145	\N	0401	1225	97.42000	39.55000	17.42000	19.55000	484421	826494	483993	1	1		268	4	105	1.30	2013-04-16	19464	\N	1	\N	alive
2414165	P14	112	Arecaceae	Oenocarpus	mapora	oenoma	\N	1145	\N	0401	1225	97.42000	39.55000	17.42000	19.55000	484421	826494	483993	1	1	\N	278	5	105	1.30	2014-04-09	19822	\N	1	\N	alive
2422566	P14	112	Arecaceae	Oenocarpus	mapora	oenoma	\N	1145	\N	0401	1225	97.42000	39.55000	17.42000	19.55000	484421	826494	483993	1	1	\N	286	6	106	1.30	2015-06-24	20263	\N	1	\N	alive
2400851	P14	112	Rubiaceae	Faramea	occidentalis	faraoc	\N	379	\N	0402	1279	82.03000	46.57000	2.03000	6.57000	484460	848593	484032	1	1	main	204	2	102	1.30	2010-11-16	18582	\N	1	\N	alive
92955	P14	112	Rubiaceae	Faramea	occidentalis	faraoc	\N	379	\N	0402	1279	82.03000	46.57000	2.03000	6.57000	484460	848593	484032	1	1		256	3	107	1.30	2012-05-02	19115	\N	1	\N	alive
81770	P14	112	Rubiaceae	Faramea	occidentalis	faraoc	\N	379	\N	0402	1279	82.03000	46.57000	2.03000	6.57000	484460	848593	484032	1	1		268	4	112	1.30	2013-04-16	19464	\N	1	\N	alive
2414175	P14	112	Rubiaceae	Faramea	occidentalis	faraoc	\N	379	\N	0402	1279	82.03000	46.57000	2.03000	6.57000	484460	848593	484032	1	1	\N	278	5	114	1.30	2014-04-09	19822	\N	1	\N	alive
2422571	P14	112	Rubiaceae	Faramea	occidentalis	faraoc	\N	379	\N	0402	1279	82.03000	46.57000	2.03000	6.57000	484460	848593	484032	1	1	\N	286	6	115	1.30	2015-09-14	20345	Q	1	\N	alive
2400853	P14	112	Clusiaceae	Garcinia	intermedia	gar2in	\N	1125	\N	0402	1279	81.04000	50.39000	1.04000	10.39000	484461	848594	484033	1		main	204	2	118	1.30	2010-11-16	18582	Q	1	\N	alive
93155	P14	112	Clusiaceae	Garcinia	intermedia	gar2in	\N	1125	\N	0402	1279	81.04000	50.39000	1.04000	10.39000	484461	848594	484033	1			256	3	119	1.30	2012-05-02	19115	\N	1	\N	alive
81994	P14	112	Clusiaceae	Garcinia	intermedia	gar2in	\N	1125	\N	0402	1279	81.04000	50.39000	1.04000	10.39000	484461	848594	484033	1			268	4	120	1.30	2013-04-16	19464	Q	1	\N	alive
2414177	P14	112	Clusiaceae	Garcinia	intermedia	gar2in	\N	1125	\N	0402	1279	81.04000	50.39000	1.04000	10.39000	484461	848594	484033	1		\N	278	5	\N	1.30	2014-04-09	19822	S;D	1	\N	dead
2422572	P14	112	Clusiaceae	Garcinia	intermedia	gar2in	\N	1125	\N	0402	1279	81.04000	50.39000	1.04000	10.39000	484461	848594	484033	1		\N	286	6	\N	1.30	2015-09-14	20345	D	1	\N	dead
2400854	P14	112	Meliaceae	Guarea	guidonia	guargu	\N	435	\N	0402	1279	94.32000	50.32000	14.32000	10.32000	484462	848595	484034	1		main	204	2	151	1.30	2010-11-16	18582	\N	1	\N	alive
93255	P14	112	Meliaceae	Guarea	guidonia	guargu	\N	435	\N	0402	1279	94.32000	50.32000	14.32000	10.32000	484462	848595	484034	1			256	3	155	1.30	2012-05-02	19115	\N	1	\N	alive
82106	P14	112	Meliaceae	Guarea	guidonia	guargu	\N	435	\N	0402	1279	94.32000	50.32000	14.32000	10.32000	484462	848595	484034	1			268	4	162	1.30	2013-04-16	19464	\N	1	\N	alive
2414183	P14	112	Meliaceae	Guarea	guidonia	guargu	\N	435	\N	0402	1279	94.32000	50.32000	14.32000	10.32000	484462	848595	484034	1		\N	278	5	166	1.30	2014-04-09	19822	\N	1	\N	alive
2422577	P14	112	Meliaceae	Guarea	guidonia	guargu	\N	435	\N	0402	1279	94.32000	50.32000	14.32000	10.32000	484462	848595	484034	1		\N	286	6	174	1.30	2015-09-14	20345	\N	1	\N	alive
2400855	P14	112	Boraginaceae	Cordia	alliodora	cordal	\N	262	\N	0402	1279	94.29000	54.78000	14.29000	14.78000	484463	848596	484035	1		main	204	2	170	1.30	2010-11-16	18582	\N	1	\N	alive
93355	P14	112	Boraginaceae	Cordia	alliodora	cordal	\N	262	\N	0402	1279	94.29000	54.78000	14.29000	14.78000	484463	848596	484035	1			256	3	183	1.30	2012-05-02	19115	\N	1	\N	alive
82218	P14	112	Boraginaceae	Cordia	alliodora	cordal	\N	262	\N	0402	1279	94.29000	54.78000	14.29000	14.78000	484463	848596	484035	1			268	4	200	1.30	2013-04-16	19464	\N	1	\N	alive
2414184	P14	112	Boraginaceae	Cordia	alliodora	cordal	\N	262	\N	0402	1279	94.29000	54.78000	14.29000	14.78000	484463	848596	484035	1		\N	278	5	215	1.30	2014-04-09	19822	\N	1	\N	alive
2422578	P14	112	Boraginaceae	Cordia	alliodora	cordal	\N	262	\N	0402	1279	94.29000	54.78000	14.29000	14.78000	484463	848596	484035	1		\N	286	6	220	1.30	2015-09-14	20345	\N	1	\N	alive
2400856	P14	112	Rubiaceae	Alseis	blackiana	alsebl	\N	33	\N	0402	1279	96.88000	43.94000	16.88000	3.94000	484464	848597	484036	1		main	204	2	139	1.30	2010-11-16	18582	\N	1	\N	alive
93454	P14	112	Rubiaceae	Alseis	blackiana	alsebl	\N	33	\N	0402	1279	96.88000	43.94000	16.88000	3.94000	484464	848597	484036	1			256	3	147	1.30	2012-05-02	19115	\N	1	\N	alive
82330	P14	112	Rubiaceae	Alseis	blackiana	alsebl	\N	33	\N	0402	1279	96.88000	43.94000	16.88000	3.94000	484464	848597	484036	1			268	4	154	1.30	2013-04-16	19464	\N	1	\N	alive
2414185	P14	112	Rubiaceae	Alseis	blackiana	alsebl	\N	33	\N	0402	1279	96.88000	43.94000	16.88000	3.94000	484464	848597	484036	1		\N	278	5	160	1.30	2014-04-09	19822	\N	1	\N	alive
2422579	P14	112	Rubiaceae	Alseis	blackiana	alsebl	\N	33	\N	0402	1279	96.88000	43.94000	16.88000	3.94000	484464	848597	484036	1		\N	286	6	167	1.30	2015-09-14	20345	\N	1	\N	alive
2400857	P14	112	Salicaceae	Hasseltia	floribunda	hassfl	\N	465	\N	0402	1279	99.45000	42.50000	19.45000	2.50000	484465	848598	484037	1	1	main	204	2	110	1.30	2010-11-16	18582	L	1	\N	alive
93553	P14	112	Salicaceae	Hasseltia	floribunda	hassfl	\N	465	\N	0402	1279	99.45000	42.50000	19.45000	2.50000	484465	848598	484037	1	1		256	3	110	1.30	2012-05-02	19115	L	1	\N	alive
82441	P14	112	Salicaceae	Hasseltia	floribunda	hassfl	\N	465	\N	0402	1279	99.45000	42.50000	19.45000	2.50000	484465	848598	484037	1	1		268	4	111	1.30	2013-04-16	19464	L	1	\N	alive
2414186	P14	112	Salicaceae	Hasseltia	floribunda	hassfl	\N	465	\N	0402	1279	99.45000	42.50000	19.45000	2.50000	484465	848598	484037	1	1	\N	278	5	111	1.30	2014-04-09	19822	\N	1	\N	alive
2422580	P14	112	Salicaceae	Hasseltia	floribunda	hassfl	\N	465	\N	0402	1279	99.45000	42.50000	19.45000	2.50000	484465	848598	484037	1	1	\N	286	6	113	1.30	2015-09-14	20345	\N	1	\N	alive
2400860	P14	112	Anacardiaceae	Spondias	radlkoferi	sponra	\N	966	\N	0402	1279	99.56000	51.23000	19.56000	11.23000	484466	848599	484038	1		main	204	2	109	1.30	2010-11-16	18582	\N	1	\N	alive
93850	P14	112	Anacardiaceae	Spondias	radlkoferi	sponra	\N	966	\N	0402	1279	99.56000	51.23000	19.56000	11.23000	484466	848599	484038	1			256	3	109	1.30	2012-05-02	19115	\N	1	\N	alive
82776	P14	112	Anacardiaceae	Spondias	radlkoferi	sponra	\N	966	\N	0402	1279	99.56000	51.23000	19.56000	11.23000	484466	848599	484038	1			268	4	111	1.30	2013-04-16	19464	\N	1	\N	alive
2414189	P14	112	Anacardiaceae	Spondias	radlkoferi	sponra	\N	966	\N	0402	1279	99.56000	51.23000	19.56000	11.23000	484466	848599	484038	1		\N	278	5	113	1.30	2014-04-09	19822	\N	1	\N	alive
2422582	P14	112	Anacardiaceae	Spondias	radlkoferi	sponra	\N	966	\N	0402	1279	99.56000	51.23000	19.56000	11.23000	484466	848599	484038	1		\N	286	6	114	1.30	2015-09-14	20345	\N	1	\N	alive
2400919	P14	112	Rubiaceae	Faramea	occidentalis	faraoc	\N	379	\N	0403	1333	96.29000	76.41000	16.29000	16.41000	484506	828476	484078	1		main	204	2	104	1.30	2010-11-17	18583	\N	1	\N	alive
95922	P14	112	Rubiaceae	Faramea	occidentalis	faraoc	\N	379	\N	0403	1333	96.29000	76.41000	16.29000	16.41000	484506	828476	484078	1			256	3	106	1.30	2012-05-01	19114	\N	1	\N	alive
84759	P14	112	Rubiaceae	Faramea	occidentalis	faraoc	\N	379	\N	0403	1333	96.29000	76.41000	16.29000	16.41000	484506	828476	484078	1			268	4	109	1.30	2013-04-16	19464	\N	1	\N	alive
2414218	P14	112	Rubiaceae	Faramea	occidentalis	faraoc	\N	379	\N	0403	1333	96.29000	76.41000	16.29000	16.41000	484506	828476	484078	1		\N	278	5	108	1.30	2014-04-09	19822	\N	1	\N	alive
2422602	P14	112	Rubiaceae	Faramea	occidentalis	faraoc	\N	379	\N	0403	1333	96.29000	76.41000	16.29000	16.41000	484506	828476	484078	1		\N	286	6	113	1.30	2015-06-24	20263	\N	1	\N	alive
2400920	P14	112	Myrtaceae	Eugenia	coloradoensis	eugeco	\N	358	\N	0403	1333	90.75000	72.54000	10.75000	12.54000	484507	828477	484079	1	1	main	204	2	120	1.30	2010-11-17	18583	\N	1	\N	alive
96021	P14	112	Myrtaceae	Eugenia	coloradoensis	eugeco	\N	358	\N	0403	1333	90.75000	72.54000	10.75000	12.54000	484507	828477	484079	1	1		256	3	119	1.30	2012-05-01	19114	\N	1	\N	alive
84869	P14	112	Myrtaceae	Eugenia	coloradoensis	eugeco	\N	358	\N	0403	1333	90.75000	72.54000	10.75000	12.54000	484507	828477	484079	1	1		268	4	119	1.30	2013-04-16	19464	\N	1	\N	alive
2414201	P14	112	Myrtaceae	Eugenia	coloradoensis	eugeco	\N	358	\N	0403	1333	90.75000	72.54000	10.75000	12.54000	484507	828477	484079	1	1	\N	278	5	118	1.30	2014-04-09	19822	\N	1	\N	alive
2422594	P14	112	Myrtaceae	Eugenia	coloradoensis	eugeco	\N	358	\N	0403	1333	90.75000	72.54000	10.75000	12.54000	484507	828477	484079	1	1	\N	286	6	120	1.30	2015-06-24	20263	\N	1	\N	alive
2400929	P14	112	Boraginaceae	Cordia	lasiocalyx	cordla	\N	269	\N	0403	1333	89.65000	72.03000	9.65000	12.03000	484508	828478	484080	1		main	204	2	125	1.30	2010-11-17	18583	\N	1	\N	alive
96901	P14	112	Boraginaceae	Cordia	lasiocalyx	cordla	\N	269	\N	0403	1333	89.65000	72.03000	9.65000	12.03000	484508	828478	484080	1			256	3	126	1.30	2012-05-01	19114	\N	1	\N	alive
85858	P14	112	Boraginaceae	Cordia	lasiocalyx	cordla	\N	269	\N	0403	1333	89.65000	72.03000	9.65000	12.03000	484508	828478	484080	1			268	4	130	1.30	2013-04-16	19464	\N	1	\N	alive
2414197	P14	112	Boraginaceae	Cordia	lasiocalyx	cordla	\N	269	\N	0403	1333	89.65000	72.03000	9.65000	12.03000	484508	828478	484080	1		\N	278	5	128	1.30	2014-04-09	19822	\N	1	\N	alive
2422590	P14	112	Boraginaceae	Cordia	lasiocalyx	cordla	\N	269	\N	0403	1333	89.65000	72.03000	9.65000	12.03000	484508	828478	484080	1		\N	286	6	128	1.30	2015-06-24	20263	\N	1	\N	alive
2400991	P14	112	Burseraceae	Tetragastris	panamensis	tet2pa	\N	1007	\N	0404	1387	84.93000	81.68000	4.93000	1.68000	484531	838399	484103	1		main	204	2	105	1.30	2010-11-17	18583	\N	1	\N	alive
98536	P14	112	Burseraceae	Tetragastris	panamensis	tet2pa	\N	1007	\N	0404	1387	84.93000	81.68000	4.93000	1.68000	484531	838399	484103	1			256	3	105	1.30	2012-05-01	19114	\N	1	\N	alive
87140	P14	112	Burseraceae	Tetragastris	panamensis	tet2pa	\N	1007	\N	0404	1387	84.93000	81.68000	4.93000	1.68000	484531	838399	484103	1			268	4	105	1.30	2013-04-16	19464	\N	1	\N	alive
2414219	P14	112	Burseraceae	Tetragastris	panamensis	tet2pa	\N	1007	\N	0404	1387	84.93000	81.68000	4.93000	1.68000	484531	838399	484103	1		\N	278	5	105	1.30	2014-04-09	19822	\N	1	\N	alive
2422603	P14	112	Burseraceae	Tetragastris	panamensis	tet2pa	\N	1007	\N	0404	1387	84.93000	81.68000	4.93000	1.68000	484531	838399	484103	1		\N	286	6	106	1.30	2015-06-24	20263	\N	1	\N	alive
2400992	P14	112	Rubiaceae	Faramea	occidentalis	faraoc	\N	379	\N	0404	1387	81.51000	98.18000	1.51000	18.18000	484532	838400	484104	1		main	204	2	105	1.30	2010-11-17	18583	\N	1	\N	alive
98631	P14	112	Rubiaceae	Faramea	occidentalis	faraoc	\N	379	\N	0404	1387	81.51000	98.18000	1.51000	18.18000	484532	838400	484104	1			256	3	\N	0.00	2012-05-01	19114	D;S	1	\N	dead
87246	P14	112	Rubiaceae	Faramea	occidentalis	faraoc	\N	379	\N	0404	1387	81.51000	98.18000	1.51000	18.18000	484532	838400	484104	1			268	4	\N	0.00	2013-04-16	19464	D;S	1	\N	dead
2400993	P14	112	Rubiaceae	Coussarea	curvigemmia	cou2cu	\N	280	\N	0404	1387	90.18000	80.29000	10.18000	0.29000	484533	838401	484105	1		main	204	2	106	1.30	2010-11-17	18583	\N	1	\N	alive
98726	P14	112	Rubiaceae	Coussarea	curvigemmia	cou2cu	\N	280	\N	0404	1387	90.18000	80.29000	10.18000	0.29000	484533	838401	484105	1			256	3	106	1.30	2012-05-01	19114	\N	1	\N	alive
87352	P14	112	Rubiaceae	Coussarea	curvigemmia	cou2cu	\N	280	\N	0404	1387	90.18000	80.29000	10.18000	0.29000	484533	838401	484105	1			268	4	108	1.30	2013-04-16	19464	\N	1	\N	alive
2414225	P14	112	Rubiaceae	Coussarea	curvigemmia	cou2cu	\N	280	\N	0404	1387	90.18000	80.29000	10.18000	0.29000	484533	838401	484105	1		\N	278	5	105	1.30	2014-04-09	19822	\N	1	\N	alive
2422609	P14	112	Rubiaceae	Coussarea	curvigemmia	cou2cu	\N	280	\N	0404	1387	90.18000	80.29000	10.18000	0.29000	484533	838401	484105	1		\N	286	6	107	1.30	2015-06-24	20263	\N	1	\N	alive
2400994	P14	112	Burseraceae	Protium	tenuifolium	protte		828	15	0404	1387	94.28000	83.58000	14.28000	3.58000	484534	838402	484106	1		main	204	2	220	1.30	2010-11-17	18583	\N	1	\N	alive
98821	P14	112	Burseraceae	Protium	tenuifolium	protte		828	15	0404	1387	94.28000	83.58000	14.28000	3.58000	484534	838402	484106	1			256	3	226	1.30	2012-05-01	19114	\N	1	\N	alive
87458	P14	112	Burseraceae	Protium	tenuifolium	protte		828	15	0404	1387	94.28000	83.58000	14.28000	3.58000	484534	838402	484106	1			268	4	225	1.30	2013-04-16	19464	\N	1	\N	alive
2414226	P14	112	Burseraceae	Protium	tenuifolium	protte		828	15	0404	1387	94.28000	83.58000	14.28000	3.58000	484534	838402	484106	1		\N	278	5	225	1.30	2014-04-09	19822	\N	1	\N	alive
2422610	P14	112	Burseraceae	Protium	tenuifolium	protte		828	15	0404	1387	94.28000	83.58000	14.28000	3.58000	484534	838402	484106	1		\N	286	6	230	1.30	2015-06-24	20263	\N	1	\N	alive
2400995	P14	112	Myristicaceae	Virola	sebifera	virose	\N	1072	\N	0404	1387	94.60000	82.21000	14.60000	2.21000	484535	838403	484107	1		main	204	2	214	1.30	2010-11-17	18583	\N	1	\N	alive
98916	P14	112	Myristicaceae	Virola	sebifera	virose	\N	1072	\N	0404	1387	94.60000	82.21000	14.60000	2.21000	484535	838403	484107	1			256	3	230	1.30	2012-05-01	19114	\N	1	\N	alive
87564	P14	112	Myristicaceae	Virola	sebifera	virose	\N	1072	\N	0404	1387	94.60000	82.21000	14.60000	2.21000	484535	838403	484107	1			268	4	243	1.30	2013-04-16	19464	\N	1	\N	alive
2414227	P14	112	Myristicaceae	Virola	sebifera	virose	\N	1072	\N	0404	1387	94.60000	82.21000	14.60000	2.21000	484535	838403	484107	1		\N	278	5	255	1.30	2014-04-09	19822	\N	1	\N	alive
2422611	P14	112	Myristicaceae	Virola	sebifera	virose	\N	1072	\N	0404	1387	94.60000	82.21000	14.60000	2.21000	484535	838403	484107	1		\N	286	6	268	1.30	2015-06-24	20263	\N	1	\N	alive
2400996	P14	112	Euphorbiaceae	Croton	billbergianus	crotbi	\N	289	\N	0404	1387	93.66000	89.18000	13.66000	9.18000	484536	838404	484108	1		main	204	2	107	1.30	2010-11-17	18583	\N	1	\N	alive
99011	P14	112	Euphorbiaceae	Croton	billbergianus	crotbi	\N	289	\N	0404	1387	93.66000	89.18000	13.66000	9.18000	484536	838404	484108	1			256	3	111	1.30	2012-05-01	19114	\N	1	\N	alive
87670	P14	112	Euphorbiaceae	Croton	billbergianus	crotbi	\N	289	\N	0404	1387	93.66000	89.18000	13.66000	9.18000	484536	838404	484108	1			268	4	112	1.30	2013-04-16	19464	\N	1	\N	alive
2414229	P14	112	Euphorbiaceae	Croton	billbergianus	crotbi	\N	289	\N	0404	1387	93.66000	89.18000	13.66000	9.18000	484536	838404	484108	1		\N	278	5	114	1.30	2014-04-09	19822	\N	1	\N	alive
2422613	P14	112	Euphorbiaceae	Croton	billbergianus	crotbi	\N	289	\N	0404	1387	93.66000	89.18000	13.66000	9.18000	484536	838404	484108	1		\N	286	6	122	1.30	2015-06-24	20263	\N	1	\N	alive
2400997	P14	112	Burseraceae	Tetragastris	panamensis	tet2pa	\N	1007	\N	0404	1387	91.03000	98.43000	11.03000	18.43000	484537	838405	484109	1		main	204	2	128	1.30	2010-11-17	18583	\N	1	\N	alive
99106	P14	112	Burseraceae	Tetragastris	panamensis	tet2pa	\N	1007	\N	0404	1387	91.03000	98.43000	11.03000	18.43000	484537	838405	484109	1			256	3	130	1.30	2012-05-01	19114	\N	1	\N	alive
87776	P14	112	Burseraceae	Tetragastris	panamensis	tet2pa	\N	1007	\N	0404	1387	91.03000	98.43000	11.03000	18.43000	484537	838405	484109	1			268	4	135	1.30	2013-04-16	19464	\N	1	\N	alive
2414232	P14	112	Burseraceae	Tetragastris	panamensis	tet2pa	\N	1007	\N	0404	1387	91.03000	98.43000	11.03000	18.43000	484537	838405	484109	1		\N	278	5	137	1.30	2014-04-09	19822	\N	1	\N	alive
2422616	P14	112	Burseraceae	Tetragastris	panamensis	tet2pa	\N	1007	\N	0404	1387	91.03000	98.43000	11.03000	18.43000	484537	838405	484109	1		\N	286	6	142	1.30	2015-06-24	20263	\N	1	\N	alive
2400998	P14	112	Rubiaceae	Genipa	americana	geniam	\N	409	\N	0404	1387	97.56000	97.57000	17.56000	17.57000	484538	838406	484110	1		main	204	2	179	1.30	2010-11-17	18583	\N	1	\N	alive
99201	P14	112	Rubiaceae	Genipa	americana	geniam	\N	409	\N	0404	1387	97.56000	97.57000	17.56000	17.57000	484538	838406	484110	1			256	3	190	1.30	2012-05-01	19114	\N	1	\N	alive
87882	P14	112	Rubiaceae	Genipa	americana	geniam	\N	409	\N	0404	1387	97.56000	97.57000	17.56000	17.57000	484538	838406	484110	1			268	4	194	1.30	2013-04-16	19464	\N	1	\N	alive
2414238	P14	112	Rubiaceae	Genipa	americana	geniam	\N	409	\N	0404	1387	97.56000	97.57000	17.56000	17.57000	484538	838406	484110	1		\N	278	5	194	1.30	2014-04-09	19822	\N	1	\N	alive
2422622	P14	112	Rubiaceae	Genipa	americana	geniam	\N	409	\N	0404	1387	97.56000	97.57000	17.56000	17.57000	484538	838406	484110	1		\N	286	6	202	1.30	2015-06-24	20263	\N	1	\N	alive
2400999	P14	112	Rubiaceae	Alseis	blackiana	alsebl	\N	33	\N	0404	1387	97.08000	88.20000	17.08000	8.20000	484539	838407	484111	1		main	204	2	107	1.30	2010-11-17	18583	\N	1	\N	alive
99296	P14	112	Rubiaceae	Alseis	blackiana	alsebl	\N	33	\N	0404	1387	97.08000	88.20000	17.08000	8.20000	484539	838407	484111	1			256	3	107	1.30	2012-05-01	19114	\N	1	\N	alive
87989	P14	112	Rubiaceae	Alseis	blackiana	alsebl	\N	33	\N	0404	1387	97.08000	88.20000	17.08000	8.20000	484539	838407	484111	1			268	4	112	1.30	2013-04-16	19464	\N	1	\N	alive
2414235	P14	112	Rubiaceae	Alseis	blackiana	alsebl	\N	33	\N	0404	1387	97.08000	88.20000	17.08000	8.20000	484539	838407	484111	1		\N	278	5	113	1.30	2014-04-09	19822	\N	1	\N	alive
2422619	P14	112	Rubiaceae	Alseis	blackiana	alsebl	\N	33	\N	0404	1387	97.08000	88.20000	17.08000	8.20000	484539	838407	484111	1		\N	286	6	113	1.30	2015-06-24	20263	\N	1	\N	alive
2401000	P14	112	Burseraceae	Protium	tenuifolium	protte		828	15	0404	1387	98.98000	88.13000	18.98000	8.13000	484540	838408	484112	1		main	204	2	188	1.30	2010-11-17	18583	\N	1	\N	alive
99391	P14	112	Burseraceae	Protium	tenuifolium	protte		828	15	0404	1387	98.98000	88.13000	18.98000	8.13000	484540	838408	484112	1			256	3	214	1.30	2012-05-01	19114	\N	1	\N	alive
88095	P14	112	Burseraceae	Protium	tenuifolium	protte		828	15	0404	1387	98.98000	88.13000	18.98000	8.13000	484540	838408	484112	1			268	4	232	1.30	2013-04-16	19464	\N	1	\N	alive
2414236	P14	112	Burseraceae	Protium	tenuifolium	protte		828	15	0404	1387	98.98000	88.13000	18.98000	8.13000	484540	838408	484112	1		\N	278	5	246	1.30	2014-04-09	19822	\N	1	\N	alive
2422620	P14	112	Burseraceae	Protium	tenuifolium	protte		828	15	0404	1387	98.98000	88.13000	18.98000	8.13000	484540	838408	484112	1		\N	286	6	266	1.30	2015-06-24	20263	\N	1	\N	alive
2401001	P14	112	Burseraceae	Protium	tenuifolium	protte		828	15	0404	1387	97.80000	83.89000	17.80000	3.89000	484541	838409	484113	1		main	204	2	136	1.30	2010-11-17	18583	\N	1	\N	alive
99486	P14	112	Burseraceae	Protium	tenuifolium	protte		828	15	0404	1387	97.80000	83.89000	17.80000	3.89000	484541	838409	484113	1			256	3	137	1.30	2012-05-01	19114	\N	1	\N	alive
88200	P14	112	Burseraceae	Protium	tenuifolium	protte		828	15	0404	1387	97.80000	83.89000	17.80000	3.89000	484541	838409	484113	1			268	4	136	1.30	2013-04-16	19464	\N	1	\N	alive
2414234	P14	112	Burseraceae	Protium	tenuifolium	protte		828	15	0404	1387	97.80000	83.89000	17.80000	3.89000	484541	838409	484113	1		\N	278	5	138	1.30	2014-04-09	19822	\N	1	\N	alive
2422618	P14	112	Burseraceae	Protium	tenuifolium	protte		828	15	0404	1387	97.80000	83.89000	17.80000	3.89000	484541	838409	484113	1		\N	286	6	143	1.30	2015-06-24	20263	\N	1	\N	alive
104772	P14	112	Urticaceae	Cecropia	insignis	cecrin	\N	177	\N	0001	82	19.50000	32.50000	19.50000	12.50000	489152	119654	488723	1		main	256	3	103	1.30	2012-05-01	19114	\N	1	\N	alive
4136	P14	112	Urticaceae	Cecropia	insignis	cecrin	\N	177	\N	0001	82	19.50000	32.50000	19.50000	12.50000	489152	119654	488723	1			268	4	135	1.30	2013-04-15	19463	\N	1	\N	alive
2413591	P14	112	Urticaceae	Cecropia	insignis	cecrin	\N	177	\N	0001	82	19.50000	32.50000	19.50000	12.50000	489152	119654	488723	1		\N	278	5	163	1.30	2014-04-09	19822	\N	1	\N	alive
2422228	P14	112	Urticaceae	Cecropia	insignis	cecrin	\N	177	\N	0001	82	19.50000	32.50000	19.50000	12.50000	489152	119654	488723	1		\N	286	6	164	1.90	2015-06-24	20263	B;cylY	1	\N	alive
104867	P14	112	Arecaceae	Oenocarpus	mapora	oenoma	\N	1145	\N	0003	208	5.30000	75.30000	5.30000	15.30000	489153	119655	488724	1		main	256	3	100	1.30	2012-05-01	19114	\N	1	\N	alive
12553	P14	112	Arecaceae	Oenocarpus	mapora	oenoma	\N	1145	\N	0003	208	5.30000	75.30000	5.30000	15.30000	489153	119655	488724	1			268	4	100	1.30	2013-04-15	19463	\N	1	\N	alive
2413646	P14	112	Arecaceae	Oenocarpus	mapora	oenoma	\N	1145	\N	0003	208	5.30000	75.30000	5.30000	15.30000	489153	119655	488724	1		\N	278	5	100	1.30	2014-04-09	19822	\N	1	\N	alive
2422258	P14	112	Arecaceae	Oenocarpus	mapora	oenoma	\N	1145	\N	0003	208	5.30000	75.30000	5.30000	15.30000	489153	119655	488724	1		\N	286	6	100	1.30	2015-06-24	20263	\N	1	\N	alive
104962	P14	112	Rubiaceae	Coussarea	curvigemmia	cou2cu	\N	280	\N	0100	334	30.10000	0.40000	10.10000	0.40000	489154	116528	488725	1		main	256	3	103	1.30	2012-05-01	19114	\N	1	\N	alive
22475	P14	112	Rubiaceae	Coussarea	curvigemmia	cou2cu	\N	280	\N	0100	334	30.10000	0.40000	10.10000	0.40000	489154	116528	488725	1			268	4	104	1.30	2013-04-15	19463	\N	1	\N	alive
2413736	P14	112	Rubiaceae	Coussarea	curvigemmia	cou2cu	\N	280	\N	0100	334	30.10000	0.40000	10.10000	0.40000	489154	116528	488725	1		\N	278	5	104	1.30	2014-04-08	19821	\N	1	\N	alive
2422287	P14	112	Rubiaceae	Coussarea	curvigemmia	cou2cu	\N	280	\N	0100	334	30.10000	0.40000	10.10000	0.40000	489154	116528	488725	1		\N	286	6	105	1.30	2015-06-24	20263	\N	1	\N	alive
105057	P14	112	Arecaceae	Oenocarpus	mapora	oenoma	\N	1145	\N	0300	901	66.30000	5.40000	6.30000	5.40000	489155	119478	488726	1	1	main	256	3	117	1.30	2012-05-01	19114	\N	1	\N	alive
58238	P14	112	Arecaceae	Oenocarpus	mapora	oenoma	\N	1145	\N	0300	901	66.30000	5.40000	6.30000	5.40000	489155	119478	488726	1	1		268	4	107	1.30	2013-04-16	19464	\N	1	\N	alive
2413995	P14	112	Arecaceae	Oenocarpus	mapora	oenoma	\N	1145	\N	0300	901	66.30000	5.40000	6.30000	5.40000	489155	119478	488726	1	1	\N	278	5	108	1.30	2014-04-08	19821	\N	1	\N	alive
2422446	P14	112	Arecaceae	Oenocarpus	mapora	oenoma	\N	1145	\N	0300	901	66.30000	5.40000	6.30000	5.40000	489155	119478	488726	1	1	\N	286	6	108	1.30	2015-06-24	20263	\N	1	\N	alive
105437	P14	112	Burseraceae	Protium	tenuifolium	protte		828	15	0300	901	60.10000	8.90000	0.10000	8.90000	489156	119479	488727	1		main	256	3	105	1.30	2012-05-01	19114	\N	1	\N	alive
58738	P14	112	Burseraceae	Protium	tenuifolium	protte		828	15	0300	901	60.10000	8.90000	0.10000	8.90000	489156	119479	488727	1			268	4	106	1.30	2013-04-16	19464	\N	1	\N	alive
2413988	P14	112	Burseraceae	Protium	tenuifolium	protte		828	15	0300	901	60.10000	8.90000	0.10000	8.90000	489156	119479	488727	1		\N	278	5	178	1.30	2014-04-08	19821	\N	1	\N	alive
2422439	P14	112	Burseraceae	Protium	tenuifolium	protte		828	15	0300	901	60.10000	8.90000	0.10000	8.90000	489156	119479	488727	1		\N	286	6	107	1.30	2015-06-24	20263	\N	1	\N	alive
105532	P14	112	Burseraceae	Protium	panamense	protpa	\N	827	\N	0404	1387	95.80000	84.80000	15.80000	4.80000	489157	119656	488728	1		main	256	3	100	1.30	2012-05-01	19114	\N	1	\N	alive
85968	P14	112	Burseraceae	Protium	panamense	protpa	\N	827	\N	0404	1387	95.80000	84.80000	15.80000	4.80000	489157	119656	488728	1			268	4	104	1.30	2013-04-16	19464	\N	1	\N	alive
2414233	P14	112	Burseraceae	Protium	panamense	protpa	\N	827	\N	0404	1387	95.80000	84.80000	15.80000	4.80000	489157	119656	488728	1		\N	278	5	105	1.30	2014-04-09	19822	\N	1	\N	alive
2422617	P14	112	Burseraceae	Protium	panamense	protpa	\N	827	\N	0404	1387	95.80000	84.80000	15.80000	4.80000	489157	119656	488728	1		\N	286	6	107	1.30	2015-06-24	20263	\N	1	\N	alive
90305	P14	112	Rubiaceae	Randia	armata	randar	\N	879	\N	0002	145	10.18860	43.60610	10.18860	3.60608	490721	838434	490292	1		main	268	4	101	1.30	2013-04-15	19463	\N	1	\N	alive
2413609	P14	112	Rubiaceae	Randia	armata	randar	\N	879	\N	0002	145	10.18860	43.60610	10.18860	3.60608	490721	838434	490292	1		\N	278	5	101	1.30	2014-04-09	19822	\N	1	\N	alive
2422244	P14	112	Rubiaceae	Randia	armata	randar	\N	879	\N	0002	145	10.18860	43.60610	10.18860	3.60608	490721	838434	490292	1		\N	286	6	105	1.30	2015-06-24	20263	\N	1	\N	alive
90514	P14	112	Urticaceae	Cecropia	insignis	cecrin	\N	177	\N	0204	847	52.12780	86.32510	12.12780	6.32508	490722	802664	490293	1	1	main	268	4	102	1.30	2013-04-15	19463	\N	1	\N	alive
2413979	P14	112	Urticaceae	Cecropia	insignis	cecrin	\N	177	\N	0204	847	52.12780	86.32510	12.12780	6.32508	490722	802664	490293	1	1	\N	278	5	112	1.30	2014-04-09	19822	M	1	\N	alive
2422429	P14	112	Urticaceae	Cecropia	insignis	cecrin	\N	177	\N	0204	847	52.12780	86.32510	12.12780	6.32508	490722	802664	490293	1	1	\N	286	6	114	1.30	2015-06-25	20264	\N	1	\N	alive
90827	P14	112	Boraginaceae	Cordia	alliodora	cordal	\N	262	\N	0402	1279	96.23690	55.96230	16.23690	15.96230	490723	502663	490294	1		main	268	4	102	1.30	2013-04-16	19464	\N	1	\N	alive
2414190	P14	112	Boraginaceae	Cordia	alliodora	cordal	\N	262	\N	0402	1279	96.23690	55.96230	16.23690	15.96230	490723	502663	490294	1		\N	278	5	109	1.30	2014-04-09	19822	\N	1	\N	alive
2422583	P14	112	Boraginaceae	Cordia	alliodora	cordal	\N	262	\N	0402	1279	96.23690	55.96230	16.23690	15.96230	490723	502663	490294	1		\N	286	6	120	1.30	2015-09-14	20345	\N	1	\N	alive
582	P14	112	Rubiaceae	Pentagonia	macrophylla	pentma	\N	750	\N	0203	793	41.30000	60.10000	1.30000	0.10000	416616	507336	611086	2	\N	secondary	123	1	31	1.30	1996-11-15	13468	\N	1	\N	alive
995	P14	112	Melastomataceae	Miconia	argentea	micoar	\N	630	\N	0202	739	43.60000	43.60000	3.60000	3.60000	416618	507338	611087	2	\N	secondary	123	1	12	1.30	1996-11-15	13468	\N	1	\N	alive
2513	P14	112	Clusiaceae	Garcinia	intermedia	gar2in	\N	1125	\N	0000	19	2.80000	12.50000	2.80000	12.50000	416627	515706	611088	2	\N	secondary	123	1	17	1.30	1996-11-08	13461	\N	1	\N	alive
2401189	P14	112	Salicaceae	Laetia	thamnia	laetth	\N	553	\N	0000	19	0.90000	13.10000	0.90000	13.10000	416628	515707	611089	2	1	main	204	2	101	1.30	2010-11-15	18581	L;M	1	\N	alive
950	P14	112	Salicaceae	Laetia	thamnia	laetth	\N	553	\N	0000	19	0.90000	13.10000	0.90000	13.10000	416628	515707	611089	2	1		256	3	\N	0.00	2012-05-01	19114	D;S	1	\N	dead
411	P14	112	Salicaceae	Laetia	thamnia	laetth	\N	553	\N	0000	19	0.90000	13.10000	0.90000	13.10000	416628	515707	611089	2	1		268	4	\N	0.00	2013-04-15	19463	D;N	1	\N	dead
3341	P14	112	Arecaceae	Oenocarpus	mapora	oenoma	\N	1145	\N	0000	19	9.60000	19.70000	9.60000	19.70000	416632	515711	611090	2	\N	secondary	123	1	102	1.30	1996-11-08	13461	\N	1	\N	alive
4307	P14	112	Arecaceae	Oenocarpus	mapora	oenoma	\N	1145	\N	0000	19	13.70000	17.70000	13.70000	17.70000	416633	515712	611091	2	\N	secondary	123	1	107	1.30	1996-11-08	13461	\N	1	\N	alive
2401340	P14	112	Polygonaceae	Coccoloba	manzinellensis	coccma	\N	237	\N	0001	82	9.50000	27.20000	9.50000	7.20000	416638	515717	611092	2	1	main	204	2	49	1.30	2010-11-16	18582	R;M	1	\N	broken below
5228	P14	112	Polygonaceae	Coccoloba	manzinellensis	coccma	\N	237	\N	0001	82	9.50000	27.20000	9.50000	7.20000	416638	515717	611092	2	1		256	3	47	1.30	2012-05-01	19114	\N	1	\N	alive
2401341	P14	112	Lauraceae	Cinnamomum	triplinerve	phoeci	\N	208	\N	0001	82	7.60000	29.70000	7.60000	9.70000	416639	515718	611093	2		main	204	2	115	1.30	2010-11-16	18582	R	1	\N	broken below
5641	P14	112	Lauraceae	Cinnamomum	triplinerve	phoeci	\N	208	\N	0001	82	7.60000	29.70000	7.60000	9.70000	416639	515718	611093	2			256	3	131	1.30	2012-05-01	19114	\N	1	\N	alive
4412	P14	112	Lauraceae	Cinnamomum	triplinerve	phoeci	\N	208	\N	0001	82	7.60000	29.70000	7.60000	9.70000	416639	515718	611093	2			268	4	137	1.30	2013-04-15	19463	\N	1	\N	alive
2413583	P14	112	Lauraceae	Cinnamomum	triplinerve	phoeci	\N	208	\N	0001	82	7.60000	29.70000	7.60000	9.70000	416639	515718	611093	2		\N	278	5	147	1.30	2014-04-09	19822	\N	1	\N	alive
2422221	P14	112	Lauraceae	Cinnamomum	triplinerve	phoeci	\N	208	\N	0001	82	7.60000	29.70000	7.60000	9.70000	416639	515718	611093	2		\N	286	6	161	1.30	2015-06-24	20263	\N	1	\N	alive
9688	P14	112	Arecaceae	Oenocarpus	mapora	oenoma	\N	1145	\N	0002	145	11.50000	53.90000	11.50000	13.90000	416662	515741	611094	2	\N	secondary	123	1	103	1.30	1996-12-11	13494	\N	1	\N	alive
10930	P14	112	Arecaceae	Oenocarpus	mapora	oenoma	\N	1145	\N	0002	145	17.50000	48.20000	17.50000	8.20000	416665	515744	611095	2	\N	secondary	123	1	105	1.30	1996-12-11	13494	\N	1	\N	alive
13000	P14	112	Arecaceae	Oenocarpus	mapora	oenoma	\N	1145	\N	0003	208	3.80000	72.70000	3.80000	12.70000	416669	515748	611096	2	\N	secondary	123	1	96	1.30	1996-12-11	13494	\N	1	\N	alive
14380	P14	112	Burseraceae	Protium	tenuifolium	protte		828	15	0003	208	9.70000	79.20000	9.70000	19.20000	416673	515752	611097	2	\N	secondary	123	1	87	1.30	1996-12-11	13494	\N	1	\N	alive
16174	P14	112	Arecaceae	Oenocarpus	mapora	oenoma	\N	1145	\N	0003	208	18.70000	66.40000	18.70000	6.40000	416683	515762	611098	2	\N	secondary	123	1	98	1.30	1996-12-11	13494	\N	1	\N	alive
17278	P14	112	Arecaceae	Oenocarpus	mapora	oenoma	\N	1145	\N	0004	271	2.40000	82.50000	2.40000	2.50000	416684	515763	611099	2	\N	secondary	123	1	58	1.30	1996-12-13	13496	\N	1	\N	alive
17692	P14	112	Arecaceae	Oenocarpus	mapora	oenoma	\N	1145	\N	0004	271	5.30000	90.60000	5.30000	10.60000	416685	515764	611100	2	\N	secondary	123	1	95	1.30	1996-12-13	13496	\N	1	\N	alive
2401754	P14	112	Arecaceae	Oenocarpus	mapora	oenoma	\N	1145	\N	0004	271	10.50000	93.60000	10.50000	13.60000	416687	515766	611101	2	1	main	204	2	103	1.30	2010-11-16	18582	M	1	\N	alive
24244	P14	112	Arecaceae	Oenocarpus	mapora	oenoma	\N	1145	\N	0004	271	10.50000	93.60000	10.50000	13.60000	416687	515766	611101	2	1		256	3	103	1.30	2012-05-01	19114	\N	1	\N	alive
18763	P14	112	Arecaceae	Oenocarpus	mapora	oenoma	\N	1145	\N	0004	271	10.50000	93.60000	10.50000	13.60000	416687	515766	611101	2	1		268	4	103	1.30	2013-04-15	19463	\N	1	\N	alive
2413703	P14	112	Arecaceae	Oenocarpus	mapora	oenoma	\N	1145	\N	0004	271	10.50000	93.60000	10.50000	13.60000	416687	515766	611101	2	1	\N	278	5	103	1.30	2014-04-09	19822	\N	1	\N	alive
2422275	P14	112	Arecaceae	Oenocarpus	mapora	oenoma	\N	1145	\N	0004	271	10.50000	93.60000	10.50000	13.60000	416687	515766	611101	2	1	\N	286	6	104	1.30	2015-06-24	20263	\N	1	\N	alive
2410279	P14	112	Rubiaceae	Alseis	blackiana	alsebl	\N	33	\N	0004	271	19.80000	96.70000	19.80000	16.70000	416690	515769	611102	2	1	main	204	2	455	2.95	2010-11-18	18584	Q;B	1	\N	alive
25338	P14	112	Rubiaceae	Alseis	blackiana	alsebl	\N	33	\N	0004	271	19.80000	96.70000	19.80000	16.70000	416690	515769	611102	2	1		256	3	455	2.95	2012-05-02	19115	B;cylN	1	\N	alive
19591	P14	112	Rubiaceae	Alseis	blackiana	alsebl	\N	33	\N	0004	271	19.80000	96.70000	19.80000	16.70000	416690	515769	611102	2	1		268	4	458	2.95	2013-04-12	19460	B;cylN	1	\N	alive
2413711	P14	112	Rubiaceae	Alseis	blackiana	alsebl	\N	33	\N	0004	271	19.80000	96.70000	19.80000	16.70000	416690	515769	611102	2	1	\N	278	5	459	2.95	2014-04-09	19822	B;Q;cylN	1	\N	alive
2422279	P14	112	Rubiaceae	Alseis	blackiana	alsebl	\N	33	\N	0004	271	19.80000	96.70000	19.80000	16.70000	416690	515769	611102	2	1	\N	286	6	462	2.95	2015-06-24	20263	B;cylN	1	\N	alive
19900	P14	112	Burseraceae	Protium	tenuifolium	protte		828	15	0004	271	14.80000	82.10000	14.80000	2.10000	416693	515772	611103	2	\N	secondary	123	1	127	1.30	1996-12-13	13496	\N	1	\N	alive
22508	P14	112	Arecaceae	Oenocarpus	mapora	oenoma	\N	1145	\N	0100	334	34.90000	0.20000	14.90000	0.20000	416710	515789	611104	2	\N	secondary	123	1	106	1.30	1996-11-13	13466	\N	1	\N	alive
24973	P14	112	Lauraceae	Cinnamomum	triplinerve	phoeci	\N	208	\N	0103	523	23.40000	68.10000	3.40000	8.10000	416714	515793	611105	2	\N	secondary	123	1	33	1.30	1996-11-13	13466	\N	1	\N	alive
25794	P14	112	Arecaceae	Oenocarpus	mapora	oenoma	\N	1145	\N	0103	523	38.90000	61.10000	18.90000	1.10000	416719	515798	611106	2	\N	secondary	123	1	116	1.30	1996-11-13	13466	\N	1	\N	alive
26342	P14	112	Moraceae	Maquira	guianensis	maquco	\N	1137	\N	0103	523	36.70000	65.70000	16.70000	5.70000	416720	515799	611107	2	\N	secondary	123	1	23	1.30	1996-11-13	13466	\N	1	\N	alive
27027	P14	112	Arecaceae	Oenocarpus	mapora	oenoma	\N	1145	\N	0103	523	39.00000	71.50000	19.00000	11.50000	416724	515803	611108	2	\N	secondary	123	1	115	1.30	1996-11-13	13466	\N	1	\N	alive
28393	P14	112	Burseraceae	Protium	tenuifolium	protte		828	15	0103	523	30.75000	79.89000	10.75000	19.89000	416726	515805	611109	2	\N	secondary	123	1	40	1.30	1996-11-13	13466	\N	1	\N	alive
28663	P14	112	Burseraceae	Protium	tenuifolium	protte		828	15	0104	577	27.30000	81.80000	7.30000	1.80000	416727	515806	611110	2	\N	secondary	123	1	41	1.30	1996-11-14	13467	\N	1	\N	alive
30418	P14	112	Arecaceae	Oenocarpus	mapora	oenoma	\N	1145	\N	0200	631	40.90000	0.60000	0.90000	0.60000	416739	515819	611111	2	\N	secondary	123	1	90	1.30	1996-11-13	13466	\N	1	\N	alive
32442	P14	112	Arecaceae	Oenocarpus	mapora	oenoma	\N	1145	\N	0200	631	44.60000	17.10000	4.60000	17.10000	416744	515824	611112	2	\N	secondary	123	1	115	1.30	1996-11-13	13466	\N	1	\N	alive
2404854	P14	112	Lauraceae	Nectandra	cissiflora	nectci	\N	686	\N	0200	631	50.90000	14.50000	10.90000	14.50000	416745	515825	611113	2		main	204	2	76	1.10	2010-11-15	18581	R	1	\N	broken below
53954	P14	112	Lauraceae	Nectandra	cissiflora	nectci	\N	686	\N	0200	631	50.90000	14.50000	10.90000	14.50000	416745	515825	611113	2			256	3	76	1.10	2012-05-01	19114	\N	1	\N	alive
34858	P14	112	Arecaceae	Oenocarpus	mapora	oenoma	\N	1145	\N	0200	631	55.80000	2.40000	15.80000	2.40000	416756	515836	611114	2	\N	secondary	123	1	95	1.30	1996-11-13	13466	\N	1	\N	alive
2402756	P14	112	Myrtaceae	Eugenia	galalonensis	eugega	\N	360	\N	0101	397	23.40000	27.70000	3.40000	7.70000	416776	515872	611115	2		main	204	2	15	1.30	2010-11-11	18577	R	1	\N	broken below
38018	P14	112	Rubiaceae	Coussarea	curvigemmia	cou2cu	\N	280	\N	0101	397	22.80000	25.50000	2.80000	5.50000	416778	515874	611116	2	\N	secondary	123	1	14	1.30	1996-11-13	13466	\N	1	\N	alive
38804	P14	112	Moraceae	Sorocea	affinis	soroaf	\N	958	\N	0101	397	20.50000	32.80000	0.50000	12.80000	416782	515878	611117	2	\N	secondary	123	1	19	1.30	1996-11-13	13466	\N	1	\N	alive
2402765	P14	112	Burseraceae	Tetragastris	panamensis	tet2pa	\N	1007	\N	0101	397	21.40000	33.70000	1.40000	13.70000	416784	515880	611118	2		main	204	2	15	1.30	2010-11-11	18577	R	1	\N	broken below
39327	P14	112	Rubiaceae	Coussarea	curvigemmia	cou2cu	\N	280	\N	0101	397	20.50000	34.00000	0.50000	14.00000	416785	515881	611119	2	\N	secondary	123	1	15	1.30	1996-11-13	13466	\N	1	\N	alive
41277	P14	112	Clusiaceae	Garcinia	intermedia	gar2in	\N	1125	\N	0101	397	25.36000	37.71000	5.36000	17.71000	416798	515894	611120	2	\N	secondary	123	1	22	1.30	1996-11-13	13466	\N	1	\N	alive
2402786	P14	112	Rubiaceae	Faramea	occidentalis	faraoc	\N	379	\N	0101	397	22.80000	37.00000	2.80000	17.00000	416803	515899	611121	2	1	main	204	2	24	1.30	2010-11-11	18577	M	1	\N	alive
42438	P14	112	Annonaceae	Desmopsis	panamensis	des2pa	\N	316	\N	0101	397	26.10000	36.60000	6.10000	16.60000	416806	515902	611122	2	\N	secondary	123	1	18	1.30	1996-11-13	13466	\N	1	\N	alive
43718	P14	112	Rubiaceae	Coussarea	curvigemmia	cou2cu	\N	280	\N	0101	397	27.20000	33.30000	7.20000	13.30000	416815	515913	611123	2	\N	secondary	123	1	17	1.30	1996-11-13	13466	\N	1	\N	alive
43974	P14	112	Arecaceae	Oenocarpus	mapora	oenoma	\N	1145	\N	0101	397	27.30000	34.30000	7.30000	14.30000	416816	515914	611124	2	\N	secondary	123	1	89	1.30	1996-11-13	13466	\N	1	\N	alive
44998	P14	112	Sapindaceae	Cupania	seemannii	cupasy	\N	1120	\N	0101	397	29.70000	28.40000	9.70000	8.40000	416822	516422	611125	2	\N	secondary	123	1	80	1.30	1996-11-13	13466	\N	1	\N	alive
46656	P14	112	Apocynaceae	Lacmellea	panamensis	lacmpa	\N	549	\N	0101	397	25.40000	24.80000	5.40000	4.80000	416827	516428	611126	2	\N	secondary	123	1	70	1.30	1996-11-13	13466	\N	1	\N	alive
47164	P14	112	Rubiaceae	Faramea	occidentalis	faraoc	\N	379	\N	0101	397	29.10000	23.10000	9.10000	3.10000	416830	516431	611127	2	\N	secondary	123	1	25	1.30	1996-11-13	13466	\N	1	\N	alive
47545	P14	112	Arecaceae	Oenocarpus	mapora	oenoma	\N	1145	\N	0101	397	29.80000	20.50000	9.80000	0.50000	416832	516433	611128	2	\N	secondary	123	1	81	1.30	1996-11-13	13466	\N	1	\N	alive
49069	P14	112	Arecaceae	Oenocarpus	mapora	oenoma	\N	1145	\N	0101	397	34.40000	20.50000	14.40000	0.50000	416838	516439	611129	2	\N	secondary	123	1	94	1.30	1996-11-13	13466	\N	1	\N	alive
50972	P14	112	Melastomataceae	Mouriri	myrtilloides	mourmy	\N	671	\N	0101	397	31.80000	30.90000	11.80000	10.90000	416846	516447	611130	2	\N	secondary	123	1	11	1.30	1996-11-13	13466	\N	1	\N	alive
52362	P14	112	Burseraceae	Protium	panamense	protpa	\N	827	\N	0101	397	32.70000	30.40000	12.70000	10.40000	416856	516458	611131	2	\N	secondary	123	1	31	1.30	1996-11-13	13466	\N	1	\N	alive
52614	P14	112	Myristicaceae	Virola	sebifera	virose	\N	1072	\N	0101	397	33.60000	31.00000	13.60000	11.00000	416857	516459	611132	2	\N	secondary	123	1	69	1.30	1996-11-13	13466	\N	1	\N	alive
2402855	P14	112	Rubiaceae	Alseis	blackiana	alsebl	\N	33	\N	0101	397	32.40000	32.00000	12.40000	12.00000	416859	516461	611133	2	1	main	204	2	18	1.30	2010-11-11	18577	M	1	\N	alive
53621	P14	112	Rubiaceae	Coussarea	curvigemmia	cou2cu	\N	280	\N	0101	397	30.20000	39.30000	10.20000	19.30000	416863	516466	611134	2	\N	secondary	123	1	14	1.30	1996-11-13	13466	\N	1	\N	alive
2402867	P14	112	Sapindaceae	Cupania	seemannii	cupasy	\N	1120	\N	0101	397	36.20000	37.00000	16.20000	17.00000	416871	516474	611135	2		main	204	2	\N	\N	2010-11-11	18577	R	1	\N	broken below
56895	P14	112	Arecaceae	Oenocarpus	mapora	oenoma	\N	1145	\N	0101	397	39.00000	27.70000	19.00000	7.70000	416888	516491	611136	2	\N	secondary	123	1	77	1.30	1996-11-13	13466	\N	1	\N	alive
2402886	P14	112	Clusiaceae	Garcinia	intermedia	gar2in	\N	1125	\N	0101	397	37.55000	25.81000	17.55000	5.81000	416890	516493	611137	2		main	204	2	\N	\N	2010-11-11	18577	R	1	\N	broken below
2403950	P14	112	Burseraceae	Tetragastris	panamensis	tet2pa	\N	1007	\N	0102	460	21.40000	41.40000	1.40000	1.40000	416894	516536	611138	2	1	main	204	2	17	1.30	2010-11-10	18576	M	1	\N	alive
2403964	P14	112	Melastomataceae	Mouriri	myrtilloides	mourmy	\N	671	\N	0102	460	24.40000	46.30000	4.40000	6.30000	416909	516552	611139	2	1	main	204	2	16	1.30	2010-11-10	18576	M	1	\N	alive
2403965	P14	112	Arecaceae	Oenocarpus	mapora	oenoma	\N	1145	\N	0102	460	21.60000	54.30000	1.60000	14.30000	416910	516553	611140	2	1	main	204	2	100	1.30	2010-11-10	18576	M	1	\N	alive
36268	P14	112	Arecaceae	Oenocarpus	mapora	oenoma	\N	1145	\N	0102	460	21.60000	54.30000	1.60000	14.30000	416910	516553	611140	2	1		256	3	101	1.30	2012-05-01	19114	\N	1	\N	alive
30655	P14	112	Arecaceae	Oenocarpus	mapora	oenoma	\N	1145	\N	0102	460	21.60000	54.30000	1.60000	14.30000	416910	516553	611140	2	1		268	4	101	1.30	2013-04-15	19463	\N	1	\N	alive
2413776	P14	112	Arecaceae	Oenocarpus	mapora	oenoma	\N	1145	\N	0102	460	21.60000	54.30000	1.60000	14.30000	416910	516553	611140	2	1	\N	278	5	101	1.30	2014-04-08	19821	\N	1	\N	alive
2422309	P14	112	Arecaceae	Oenocarpus	mapora	oenoma	\N	1145	\N	0102	460	21.60000	54.30000	1.60000	14.30000	416910	516553	611140	2	1	\N	286	6	102	1.30	2015-06-24	20263	\N	1	\N	alive
60019	P14	112	Arecaceae	Oenocarpus	mapora	oenoma	\N	1145	\N	0102	460	21.40000	58.20000	1.40000	18.20000	416911	516554	611141	2	\N	secondary	123	1	100	1.30	1996-11-12	13465	\N	1	\N	alive
2403992	P14	112	Rhizophoraceae	Cassipourea	elliptica	cassel	\N	172	\N	0102	460	29.50000	55.20000	9.50000	15.20000	416923	516566	611142	2		main	204	2	11	1.30	2010-11-10	18576	R	1	\N	broken below
64689	P14	112	Fabaceae-papilionoideae	Swartzia	simplex	swars2	var.ochnacea	980	8	0102	460	28.40000	51.00000	8.40000	11.00000	416928	516571	611143	2	\N	secondary	123	1	25	1.30	1996-11-12	13465	\N	1	\N	alive
64933	P14	112	Arecaceae	Oenocarpus	mapora	oenoma	\N	1145	\N	0102	460	26.40000	45.10000	6.40000	5.10000	416929	516572	611144	2	\N	secondary	123	1	90	1.30	1996-11-12	13465	\N	1	\N	alive
66149	P14	112	Arecaceae	Oenocarpus	mapora	oenoma	\N	1145	\N	0102	460	25.20000	49.70000	5.20000	9.70000	416932	516575	611145	2	\N	secondary	123	1	91	1.30	1996-11-12	13465	\N	1	\N	alive
2404010	P14	112	Arecaceae	Oenocarpus	mapora	oenoma	\N	1145	\N	0102	460	28.70000	47.50000	8.70000	7.50000	416934	516577	611146	2		main	204	2	\N	\N	2010-11-10	18576	R	1	\N	broken below
67721	P14	112	Burseraceae	Tetragastris	panamensis	tet2pa	\N	1007	\N	0102	460	29.70000	43.60000	9.70000	3.60000	416941	516584	611147	2	\N	secondary	123	1	17	1.30	1996-11-12	13465	\N	1	\N	alive
69778	P14	112	Arecaceae	Oenocarpus	mapora	oenoma	\N	1145	\N	0102	460	30.30000	51.90000	10.30000	11.90000	416957	516601	611148	2	\N	secondary	123	1	80	1.30	1996-11-12	13465	\N	1	\N	alive
70625	P14	112	Arecaceae	Oenocarpus	mapora	oenoma	\N	1145	\N	0102	460	34.70000	54.10000	14.70000	14.10000	416960	516604	611149	2	\N	secondary	123	1	94	1.30	1996-11-12	13465	\N	1	\N	alive
71347	P14	112	Arecaceae	Oenocarpus	mapora	oenoma	\N	1145	\N	0102	460	31.60000	55.40000	11.60000	15.40000	416962	516606	611150	2	\N	secondary	123	1	86	1.30	1996-11-12	13465	\N	1	\N	alive
71826	P14	112	Myrsinaceae	Stylogyne	turbacensis	stylst	\N	1166	\N	0102	460	30.50000	59.30000	10.50000	19.30000	416963	516607	611151	2	\N	secondary	123	1	14	1.30	1996-11-12	13465	\N	1	\N	alive
72421	P14	112	Salicaceae	Laetia	thamnia	laetth	\N	553	\N	0102	460	33.00000	56.80000	13.00000	16.80000	416967	516611	611152	2	\N	secondary	123	1	27	1.30	1996-11-12	13465	\N	1	\N	alive
73492	P14	112	Burseraceae	Tetragastris	panamensis	tet2pa	\N	1007	\N	0102	460	36.80000	58.40000	16.80000	18.40000	416974	516618	611153	2	\N	secondary	123	1	28	1.30	1996-11-12	13465	\N	1	\N	alive
2404055	P14	112	Rubiaceae	Coussarea	curvigemmia	cou2cu	\N	280	\N	0102	460	38.50000	55.30000	18.50000	15.30000	416977	516622	611154	2		main	204	2	12	1.30	2010-11-10	18576	R	1	\N	broken below
2404061	P14	112	Melastomataceae	Mouriri	myrtilloides	mourmy	\N	671	\N	0102	460	36.70000	52.10000	16.70000	12.10000	416983	516628	611155	2	1	main	204	2	17	1.30	2010-11-10	18576	M	1	\N	alive
2404062	P14	112	Moraceae	Maquira	guianensis	maquco	\N	1137	\N	0102	460	37.60000	53.30000	17.60000	13.30000	416984	516631	611156	2	1	main	204	2	27	1.30	2010-11-10	18576	M	1	\N	alive
74905	P14	112	Sapindaceae	Cupania	seemannii	cupasy	\N	1120	\N	0102	460	37.60000	54.30000	17.60000	14.30000	416985	516632	611157	2	\N	secondary	123	1	44	1.30	1996-11-12	13465	\N	1	\N	alive
75724	P14	112	Arecaceae	Oenocarpus	mapora	oenoma	\N	1145	\N	0102	460	37.60000	47.60000	17.60000	7.60000	416989	516636	611158	2	\N	secondary	123	1	92	1.30	1996-11-12	13465	\N	1	\N	alive
76192	P14	112	Arecaceae	Oenocarpus	mapora	oenoma	\N	1145	\N	0102	460	35.10000	40.20000	15.10000	0.20000	416991	516638	611159	2	\N	secondary	123	1	103	1.30	1996-11-12	13465	\N	1	\N	alive
78843	P14	112	Rubiaceae	Alseis	blackiana	alsebl	\N	33	\N	0403	1333	95.30000	60.70000	15.30000	0.70000	416999	516676	611160	2	\N	secondary	123	1	40	1.30	1996-11-18	13471	\N	1	\N	alive
79533	P14	112	Rubiaceae	Coussarea	curvigemmia	cou2cu	\N	280	\N	0404	1387	88.10000	90.20000	8.10000	10.20000	417004	516681	611161	2	\N	secondary	123	1	52	1.30	1996-12-02	13485	\N	1	\N	alive
81350	P14	112	Arecaceae	Oenocarpus	mapora	oenoma	\N	1145	\N	0201	685	43.80000	24.40000	3.80000	4.40000	417018	516802	611162	2	\N	secondary	123	1	93	1.30	1996-11-15	13468	\N	1	\N	alive
2405667	P14	112	Rubiaceae	Faramea	occidentalis	faraoc	\N	379	\N	0201	685	42.40000	29.50000	2.40000	9.50000	417022	516806	611163	2		main	204	2	11	1.30	2010-11-11	18577	R	1	\N	broken below
82693	P14	112	Rubiaceae	Alseis	blackiana	alsebl	\N	33	\N	0201	685	43.00000	28.30000	3.00000	8.30000	417024	516808	611164	2	\N	secondary	123	1	50	1.30	1996-11-15	13468	\N	1	\N	alive
85556	P14	112	Arecaceae	Oenocarpus	mapora	oenoma	\N	1145	\N	0201	685	46.60000	29.20000	6.60000	9.20000	417047	516831	611165	2	\N	secondary	123	1	73	1.30	1996-11-15	13468	\N	1	\N	alive
2405694	P14	112	Burseraceae	Protium	panamense	protpa	\N	827	\N	0201	685	49.20000	27.60000	9.20000	7.60000	417049	516833	611166	2		main	204	2	\N	\N	2010-11-11	18577	R	1	\N	broken below
86426	P14	112	Sapindaceae	Cupania	seemannii	cupasy	\N	1120	\N	0201	685	49.10000	24.60000	9.10000	4.60000	417054	516838	611167	2	\N	secondary	123	1	66	1.30	1996-11-15	13468	\N	1	\N	alive
86850	P14	112	Arecaceae	Oenocarpus	mapora	oenoma	\N	1145	\N	0201	685	49.50000	22.00000	9.50000	2.00000	417055	516839	611168	2	\N	secondary	123	1	100	1.30	1996-11-15	13468	\N	1	\N	alive
88123	P14	112	Myristicaceae	Virola	sebifera	virose	\N	1072	\N	0201	685	50.20000	26.90000	10.20000	6.90000	417065	516849	611169	2	\N	secondary	123	1	19	1.30	1996-11-15	13468	\N	1	\N	alive
88438	P14	112	Arecaceae	Oenocarpus	mapora	oenoma	\N	1145	\N	0201	685	54.00000	27.00000	14.00000	7.00000	417067	516851	611170	2	\N	secondary	123	1	95	1.30	1996-11-15	13468	\N	1	\N	alive
88648	P14	112	Rubiaceae	Faramea	occidentalis	faraoc	\N	379	\N	0201	685	51.60000	30.20000	11.60000	10.20000	417068	516852	611171	2	\N	secondary	123	1	28	1.30	1996-11-15	13468	\N	1	\N	alive
88858	P14	112	Rubiaceae	Faramea	occidentalis	faraoc	\N	379	\N	0201	685	50.80000	32.40000	10.80000	12.40000	417069	516853	611172	2	\N	secondary	123	1	35	1.30	1996-11-15	13468	\N	1	\N	alive
2405725	P14	112	Violaceae	Hybanthus	prunifolius	hybapr	\N	494	\N	0201	685	54.20000	35.30000	14.20000	15.30000	417075	516859	611173	2		main	204	2	\N	\N	2010-11-11	18577	R	1	\N	broken below
90018	P14	112	Violaceae	Hybanthus	prunifolius	hybapr	\N	494	\N	0201	685	56.50000	30.50000	16.50000	10.50000	417078	516862	611174	2	\N	secondary	123	1	18	1.30	1996-11-15	13468	\N	1	\N	alive
90437	P14	112	Violaceae	Hybanthus	prunifolius	hybapr	\N	494	\N	0201	685	56.90000	32.20000	16.90000	12.20000	417081	516865	611175	2	\N	secondary	123	1	21	1.30	1996-11-15	13468	\N	1	\N	alive
90646	P14	112	Violaceae	Hybanthus	prunifolius	hybapr	\N	494	\N	0201	685	55.00000	31.90000	15.00000	11.90000	417082	516866	611176	2	\N	secondary	123	1	10	1.30	1996-11-15	13468	\N	1	\N	alive
90959	P14	112	Violaceae	Hybanthus	prunifolius	hybapr	\N	494	\N	0201	685	55.70000	34.80000	15.70000	14.80000	417084	516868	611177	2	\N	secondary	123	1	21	1.30	1996-11-15	13468	\N	1	\N	alive
91370	P14	112	Rubiaceae	Faramea	occidentalis	faraoc	\N	379	\N	0201	685	57.30000	33.80000	17.30000	13.80000	417087	516871	611178	2	\N	secondary	123	1	11	1.30	1996-11-15	13468	\N	1	\N	alive
91779	P14	112	Violaceae	Hybanthus	prunifolius	hybapr	\N	494	\N	0201	685	55.10000	25.10000	15.10000	5.10000	417090	516874	611179	2	\N	secondary	123	1	16	1.30	1996-11-15	13468	\N	1	\N	alive
92287	P14	112	Violaceae	Hybanthus	prunifolius	hybapr	\N	494	\N	0201	685	57.40000	29.60000	17.40000	9.60000	417094	516878	611180	2	\N	secondary	123	1	16	1.30	1996-11-15	13468	\N	1	\N	alive
2405749	P14	112	Burseraceae	Protium	panamense	protpa	\N	827	\N	0201	685	55.20000	20.20000	15.20000	0.20000	417099	516883	611181	2		main	204	2	\N	\N	2010-11-11	18577	R	1	\N	broken below
2405751	P14	112	Rubiaceae	Coussarea	curvigemmia	cou2cu	\N	280	\N	0201	685	56.70000	20.50000	16.70000	0.50000	417101	516885	611182	2	1	main	204	2	16	1.30	2010-11-11	18577	R;M	1	\N	broken below
93885	P14	112	Violaceae	Hybanthus	prunifolius	hybapr	\N	494	\N	0202	739	40.70000	40.70000	0.70000	0.70000	417107	517502	611183	2	\N	secondary	123	1	16	1.30	1996-11-15	13468	\N	1	\N	alive
2406751	P14	112	Fabaceae-mimosoideae	Enterolobium	schomburgkii	entesc	\N	340	\N	0202	739	41.60000	49.10000	1.60000	9.10000	417113	517508	611184	2		main	204	2	\N	\N	2010-11-16	18582	R	1	\N	broken below
95264	P14	112	Simaroubaceae	Quassia	amara	quasam	\N	875	\N	0202	739	44.70000	48.70000	4.70000	8.70000	417119	517514	611185	2	\N	secondary	123	1	13	1.30	1996-11-15	13468	\N	1	\N	alive
2406767	P14	112	Violaceae	Hybanthus	prunifolius	hybapr	\N	494	\N	0202	739	41.70000	53.10000	1.70000	13.10000	417129	517524	611186	2	1	main	204	2	43	1.30	2010-11-16	18582	M	1	\N	alive
2406768	P14	112	Meliaceae	Guarea	guidonia	guargu	\N	435	\N	0202	739	43.40000	54.90000	3.40000	14.90000	417130	517525	611187	2	1	main	204	2	48	1.30	2010-11-16	18582	M	1	\N	alive
2406769	P14	112	Apocynaceae	Tabernaemontana	arborea	tab2ar	\N	990	\N	0202	739	40.30000	55.20000	0.30000	15.20000	417131	517526	611188	2	1	main	204	2	280	1.30	2010-11-16	18582	M	1	\N	alive
59351	P14	112	Apocynaceae	Tabernaemontana	arborea	tab2ar	\N	990	\N	0202	739	40.30000	55.20000	0.30000	15.20000	417131	517526	611188	2	1		256	3	280	1.30	2012-05-01	19114	\N	1	\N	alive
52455	P14	112	Apocynaceae	Tabernaemontana	arborea	tab2ar	\N	990	\N	0202	739	40.30000	55.20000	0.30000	15.20000	417131	517526	611188	2	1		268	4	282	1.30	2013-04-15	19463	L	1	\N	alive
2413944	P14	112	Apocynaceae	Tabernaemontana	arborea	tab2ar	\N	990	\N	0202	739	40.30000	55.20000	0.30000	15.20000	417131	517526	611188	2	1	\N	278	5	278	1.30	2014-04-09	19822	Q	1	\N	alive
2422396	P14	112	Apocynaceae	Tabernaemontana	arborea	tab2ar	\N	990	\N	0202	739	40.30000	55.20000	0.30000	15.20000	417131	517526	611188	2	1	\N	286	6	278	1.30	2015-06-25	20264	L	1	\N	alive
2406774	P14	112	Boraginaceae	Cordia	lasiocalyx	cordla	\N	269	\N	0202	739	44.70000	55.80000	4.70000	15.80000	417136	517531	611189	2	1	main	204	2	37	1.30	2010-11-16	18582	M	1	\N	alive
2406775	P14	112	Burseraceae	Protium	panamense	protpa	\N	827	\N	0202	739	44.30000	56.80000	4.30000	16.80000	417137	517532	611190	2		main	204	2	15	1.30	2010-11-16	18582	R	1	\N	broken below
2406781	P14	112	Rubiaceae	Randia	armata	randar	\N	879	\N	0202	739	49.50000	55.90000	9.50000	15.90000	417143	517538	611191	2	1	main	204	2	165	1.30	2010-11-16	18582	L;M	1	\N	alive
59726	P14	112	Rubiaceae	Randia	armata	randar	\N	879	\N	0202	739	49.50000	55.90000	9.50000	15.90000	417143	517538	611191	2	1		256	3	165	1.30	2012-05-01	19114	L	1	\N	alive
52832	P14	112	Rubiaceae	Randia	armata	randar	\N	879	\N	0202	739	49.50000	55.90000	9.50000	15.90000	417143	517538	611191	2	1		268	4	168	1.30	2013-04-15	19463	L	1	\N	alive
2413948	P14	112	Rubiaceae	Randia	armata	randar	\N	879	\N	0202	739	49.50000	55.90000	9.50000	15.90000	417143	517538	611191	2	1	\N	278	5	\N	1.30	2014-04-09	19822	R	1	\N	broken below
2422398	P14	112	Rubiaceae	Randia	armata	randar	\N	879	\N	0202	739	49.50000	55.90000	9.50000	15.90000	417143	517538	611191	2	1	\N	286	6	\N	1.30	2015-06-25	20264	D	1	\N	dead
97898	P14	112	Violaceae	Hybanthus	prunifolius	hybapr	\N	494	\N	0202	739	46.70000	53.40000	6.70000	13.40000	417144	517539	611192	2	\N	secondary	123	1	12	1.30	1996-11-15	13468	\N	1	\N	alive
2406785	P14	112	Violaceae	Hybanthus	prunifolius	hybapr	\N	494	\N	0202	739	48.00000	52.90000	8.00000	12.90000	417146	517541	611193	2	1	main	204	2	23	1.30	2010-11-16	18582	L;M	1	\N	alive
98378	P14	112	Violaceae	Hybanthus	prunifolius	hybapr	\N	494	\N	0202	739	49.70000	50.70000	9.70000	10.70000	417148	517544	611194	2	\N	secondary	123	1	18	1.30	1996-11-15	13468	\N	1	\N	alive
2406789	P14	112	Rubiaceae	Faramea	occidentalis	faraoc	\N	379	\N	0202	739	45.00000	46.50000	5.00000	6.50000	417150	517546	611195	2		main	204	2	\N	\N	2010-11-16	18582	R	1	\N	broken below
99615	P14	112	Rubiaceae	Faramea	occidentalis	faraoc	\N	379	\N	0202	739	48.40000	48.30000	8.40000	8.30000	417159	517555	611196	2	\N	secondary	123	1	22	1.30	1996-11-15	13468	\N	1	\N	alive
2406815	P14	112	Moraceae	Sorocea	affinis	soroaf	\N	958	\N	0202	739	52.20000	50.00000	12.20000	10.00000	417177	517574	611197	2	1	main	204	2	68	1.30	2010-11-16	18582	M	1	\N	alive
101703	P14	112	Violaceae	Hybanthus	prunifolius	hybapr	\N	494	\N	0202	739	53.60000	46.70000	13.60000	6.70000	417180	517577	611198	2	\N	secondary	123	1	27	1.30	1996-11-15	13468	\N	1	\N	alive
102549	P14	112	Violaceae	Hybanthus	prunifolius	hybapr	\N	494	\N	0202	739	54.20000	53.70000	14.20000	13.70000	417187	517584	611199	2	\N	secondary	123	1	11	1.30	1996-11-15	13468	\N	1	\N	alive
104053	P14	112	Rubiaceae	Psychotria	horizontalis	psycho	\N	850	\N	0202	739	58.90000	57.20000	18.90000	17.20000	417202	517599	611200	2	\N	secondary	123	1	17	1.30	1996-11-15	13468	\N	1	\N	alive
104429	P14	112	Violaceae	Hybanthus	prunifolius	hybapr	\N	494	\N	0202	739	58.80000	56.40000	18.80000	16.40000	417204	517601	611201	2	\N	secondary	123	1	13	1.30	1996-11-15	13468	\N	1	\N	alive
2406847	P14	112	Rubiaceae	Faramea	occidentalis	faraoc	\N	379	\N	0202	739	56.60000	50.80000	16.60000	10.80000	417206	517603	611202	2		main	204	2	13	1.30	2010-11-16	18582	R	1	\N	broken below
104901	P14	112	Violaceae	Hybanthus	prunifolius	hybapr	\N	494	\N	0202	739	56.20000	50.80000	16.20000	10.80000	417208	517605	611203	2	\N	secondary	123	1	20	1.30	1996-11-15	13468	\N	1	\N	alive
2406854	P14	112	Sapindaceae	Cupania	seemannii	cupasy	\N	1120	\N	0202	739	56.10000	53.90000	16.10000	13.90000	417213	517610	611204	2	1	main	204	2	21	1.30	2010-11-16	18582	M	1	\N	alive
106041	P14	112	Chrysobalanaceae	Hirtella	triandra	hirttr	\N	487	\N	0202	739	59.00000	50.40000	19.00000	10.40000	417219	517617	611205	2	\N	secondary	123	1	101	1.30	1996-11-15	13468	\N	1	\N	alive
107263	P14	112	Arecaceae	Oenocarpus	mapora	oenoma	\N	1145	\N	0203	793	47.30000	69.00000	7.30000	9.00000	417231	517689	611206	2	\N	secondary	123	1	100	1.30	1996-11-13	13466	\N	1	\N	alive
108948	P14	112	Rubiaceae	Coussarea	curvigemmia	cou2cu	\N	280	\N	0203	793	51.80000	78.20000	11.80000	18.20000	417238	517696	611207	2	\N	secondary	123	1	34	1.30	1996-11-13	13466	\N	1	\N	alive
111527	P14	112	Urticaceae	Cecropia	insignis	cecrin	\N	177	\N	0300	901	66.00000	9.00000	6.00000	9.00000	417262	517720	611208	2	\N	secondary	123	1	95	1.30	1996-11-15	13468	\N	1	\N	alive
111895	P14	112	Arecaceae	Oenocarpus	mapora	oenoma	\N	1145	\N	0300	901	70.60000	3.50000	10.60000	3.50000	417265	517723	611209	2	\N	secondary	123	1	109	1.30	1996-11-15	13468	\N	1	\N	alive
112446	P14	112	Boraginaceae	Cordia	alliodora	cordal	\N	262	\N	0300	901	67.70000	15.40000	7.70000	15.40000	417268	517726	611210	2	\N	secondary	123	1	28	1.30	1996-11-15	13468	\N	1	\N	alive
2407622	P14	112	Fabaceae-mimosoideae	Inga	thibaudiana	ingath	\N	1133	\N	0300	901	72.80000	9.30000	12.80000	9.30000	417275	517733	611211	2	1	main	204	2	98	1.30	2010-11-16	18582	R;M	1	\N	broken below
69008	P14	112	Fabaceae-mimosoideae	Inga	thibaudiana	ingath	\N	1133	\N	0300	901	72.80000	9.30000	12.80000	9.30000	417275	517733	611211	2	1		256	3	134	1.30	2012-05-01	19114	\N	1	\N	alive
60235	P14	112	Fabaceae-mimosoideae	Inga	thibaudiana	ingath	\N	1133	\N	0300	901	72.80000	9.30000	12.80000	9.30000	417275	517733	611211	2	1		268	4	160	1.30	2013-04-16	19464	\N	1	\N	alive
2414004	P14	112	Fabaceae-mimosoideae	Inga	thibaudiana	ingath	\N	1133	\N	0300	901	72.80000	9.30000	12.80000	9.30000	417275	517733	611211	2	1	\N	278	5	183	1.30	2014-04-08	19821	\N	1	\N	alive
2422450	P14	112	Fabaceae-mimosoideae	Inga	thibaudiana	ingath	\N	1133	\N	0300	901	72.80000	9.30000	12.80000	9.30000	417275	517733	611211	2	1	\N	286	6	209	1.30	2015-06-24	20263	\N	1	\N	alive
113350	P14	112	Lauraceae	Nectandra	purpurea	nectpu	\N	690	\N	0300	901	75.30000	7.50000	15.30000	7.50000	417276	517734	611212	2	\N	secondary	123	1	18	1.30	1996-11-15	13468	\N	1	\N	alive
113800	P14	112	Arecaceae	Oenocarpus	mapora	oenoma	\N	1145	\N	0301	955	66.60000	22.20000	6.60000	2.20000	417280	517738	611213	2	\N	secondary	123	1	107	1.30	1996-11-15	13468	\N	1	\N	alive
114790	P14	112	Arecaceae	Oenocarpus	mapora	oenoma	\N	1145	\N	0301	955	68.00000	30.50000	8.00000	10.50000	417283	517741	611214	2	\N	secondary	123	1	107	1.30	1996-11-15	13468	\N	1	\N	alive
116040	P14	112	Arecaceae	Oenocarpus	mapora	oenoma	\N	1145	\N	0301	955	79.10000	33.40000	19.10000	13.40000	417289	517747	611215	2	\N	secondary	123	1	108	1.30	1996-11-15	13468	\N	1	\N	alive
116656	P14	112	Arecaceae	Oenocarpus	mapora	oenoma	\N	1145	\N	0301	955	75.60000	24.00000	15.60000	4.00000	417292	517750	611216	2	\N	secondary	123	1	110	1.30	1996-11-15	13468	\N	1	\N	alive
2407927	P14	112	Rubiaceae	Alseis	blackiana	alsebl	\N	33	\N	0302	1009	71.30000	45.60000	11.30000	5.60000	417299	517757	611217	2	1	main	204	2	203	1.30	2010-11-17	18583	Q;M	1	\N	alive
77537	P14	112	Rubiaceae	Alseis	blackiana	alsebl	\N	33	\N	0302	1009	71.30000	45.60000	11.30000	5.60000	417299	517757	611217	2	1		256	3	203	1.30	2012-05-01	19114	\N	1	\N	alive
68415	P14	112	Rubiaceae	Alseis	blackiana	alsebl	\N	33	\N	0302	1009	71.30000	45.60000	11.30000	5.60000	417299	517757	611217	2	1		268	4	203	1.30	2013-04-16	19464	\N	1	\N	alive
2414078	P14	112	Rubiaceae	Alseis	blackiana	alsebl	\N	33	\N	0302	1009	71.30000	45.60000	11.30000	5.60000	417299	517757	611217	2	1	\N	278	5	203	1.30	2014-04-09	19822	\N	1	\N	alive
2422495	P14	112	Rubiaceae	Alseis	blackiana	alsebl	\N	33	\N	0302	1009	71.30000	45.60000	11.30000	5.60000	417299	517757	611217	2	1	\N	286	6	207	1.30	2015-06-24	20263	\N	1	\N	alive
118459	P14	112	Arecaceae	Oenocarpus	mapora	oenoma	\N	1145	\N	0302	1009	66.30000	55.90000	6.30000	15.90000	417307	517765	611218	2	\N	secondary	123	1	121	1.30	1996-11-15	13468	\N	1	\N	alive
2410311	P14	112	Rubiaceae	Alseis	blackiana	alsebl	\N	33	\N	0303	1063	61.30000	76.90000	1.30000	16.90000	417321	517779	611219	2	1	main	204	2	555	3.40	2010-11-18	18584	B	1	\N	alive
80862	P14	112	Rubiaceae	Alseis	blackiana	alsebl	\N	33	\N	0303	1063	61.30000	76.90000	1.30000	16.90000	417321	517779	611219	2	1		256	3	561	3.40	2012-05-02	19115	B;cylN	1	\N	alive
71076	P14	112	Rubiaceae	Alseis	blackiana	alsebl	\N	33	\N	0303	1063	61.30000	76.90000	1.30000	16.90000	417321	517779	611219	2	1		268	4	563	3.40	2013-04-12	19460	B;cylN	1	\N	alive
2414086	P14	112	Rubiaceae	Alseis	blackiana	alsebl	\N	33	\N	0303	1063	61.30000	76.90000	1.30000	16.90000	417321	517779	611219	2	1	\N	278	5	571	3.40	2014-04-09	19822	B;cylN	1	\N	alive
2422502	P14	112	Rubiaceae	Alseis	blackiana	alsebl	\N	33	\N	0303	1063	61.30000	76.90000	1.30000	16.90000	417321	517779	611219	2	1	\N	286	6	572	3.40	2015-06-24	20263	B;cylN	1	\N	alive
122294	P14	112	Arecaceae	Oenocarpus	mapora	oenoma	\N	1145	\N	0400	1171	84.00000	14.80000	4.00000	14.80000	417344	517802	611220	2	\N	secondary	123	1	98	1.30	1996-11-17	13470	\N	1	\N	alive
2408404	P14	112	Erythropalaceae	Heisteria	concinna	heisco	\N	469	\N	0400	1171	93.20000	17.80000	13.20000	17.80000	417347	517805	611221	2	1	main	204	2	148	1.30	2010-11-16	18582	M	1	\N	alive
86066	P14	112	Erythropalaceae	Heisteria	concinna	heisco	\N	469	\N	0400	1171	93.20000	17.80000	13.20000	17.80000	417347	517805	611221	2	1		256	3	154	1.30	2012-05-01	19114	\N	1	\N	alive
75927	P14	112	Erythropalaceae	Heisteria	concinna	heisco	\N	469	\N	0400	1171	93.20000	17.80000	13.20000	17.80000	417347	517805	611221	2	1		268	4	160	1.30	2013-04-16	19464	\N	1	\N	alive
2414137	P14	112	Erythropalaceae	Heisteria	concinna	heisco	\N	469	\N	0400	1171	93.20000	17.80000	13.20000	17.80000	417347	517805	611221	2	1	\N	278	5	160	1.30	2014-04-09	19822	\N	1	\N	alive
2422541	P14	112	Erythropalaceae	Heisteria	concinna	heisco	\N	469	\N	0400	1171	93.20000	17.80000	13.20000	17.80000	417347	517805	611221	2	1	\N	286	6	161	1.30	2015-06-24	20263	\N	1	\N	alive
124266	P14	112	Euphorbiaceae	Alchornea	latifolia	alchla	\N	24	\N	0401	1225	80.20000	26.10000	0.20000	6.10000	417362	517820	611222	2	\N	secondary	123	1	43	1.30	1996-11-18	13471	\N	1	\N	alive
125826	P14	112	Urticaceae	Cecropia	insignis	cecrin	\N	177	\N	0402	1279	89.20000	50.90000	9.20000	10.90000	417380	517839	611223	2	\N	secondary	123	1	115	1.30	1996-11-18	13471	\N	1	\N	alive
126519	P14	112	Apocynaceae	Tabernaemontana	arborea	tab2ar	\N	990	\N	0403	1333	86.40000	67.90000	6.40000	7.90000	417387	517846	611224	2	\N	secondary	123	1	145	1.30	1996-11-18	13471	\N	1	\N	alive
2398031	P14	112	Burseraceae	Trattinnickia	aspera	tratas	\N	1022	\N	0000	19	2.77000	0.21000	2.77000	0.21000	482178	848582	618314	2	2	secondary	204	2	60	1.30	2010-11-15	18581	\N	1	\N	alive
3848	P14	112	Burseraceae	Trattinnickia	aspera	tratas	\N	1022	\N	0000	19	2.77000	0.21000	2.77000	0.21000	482178	848582	618314	2	2		256	3	67	1.30	2012-05-01	19114	\N	1	\N	alive
2894	P14	112	Burseraceae	Trattinnickia	aspera	tratas	\N	1022	\N	0000	19	2.77000	0.21000	2.77000	0.21000	482178	848582	618314	2	2		268	4	68	1.30	2013-04-15	19463	\N	1	\N	alive
2413553	P14	112	Burseraceae	Trattinnickia	aspera	tratas	\N	1022	\N	0000	19	2.77000	0.21000	2.77000	0.21000	482178	848582	618314	2	2	\N	278	5	70	1.30	2014-04-09	19822	\N	1	\N	alive
2398034	P14	112	Arecaceae	Oenocarpus	mapora	oenoma	\N	1145	\N	0000	19	5.39000	14.53000	5.39000	14.53000	482180	848584	618315	2	2	secondary	204	2	107	1.30	2010-11-15	18581	\N	1	\N	alive
4262	P14	112	Arecaceae	Oenocarpus	mapora	oenoma	\N	1145	\N	0000	19	5.39000	14.53000	5.39000	14.53000	482180	848584	618315	2	2		256	3	110	1.30	2012-05-01	19114	\N	1	\N	alive
3308	P14	112	Arecaceae	Oenocarpus	mapora	oenoma	\N	1145	\N	0000	19	5.39000	14.53000	5.39000	14.53000	482180	848584	618315	2	2		268	4	110	1.30	2013-04-15	19463	\N	1	\N	alive
2413561	P14	112	Arecaceae	Oenocarpus	mapora	oenoma	\N	1145	\N	0000	19	5.39000	14.53000	5.39000	14.53000	482180	848584	618315	2	2	\N	278	5	110	1.30	2014-04-09	19822	\N	1	\N	alive
2422206	P14	112	Arecaceae	Oenocarpus	mapora	oenoma	\N	1145	\N	0000	19	5.39000	14.53000	5.39000	14.53000	482180	848584	618315	2	2	\N	286	6	110	1.30	2015-06-24	20263	\N	1	\N	alive
2398087	P14	112	Boraginaceae	Cordia	lasiocalyx	cordla	\N	269	\N	0001	82	17.63000	34.36000	17.63000	14.36000	482226	848590	618322	2	2	secondary	204	2	23	1.30	2010-11-16	18582	\N	1	\N	alive
7849	P14	112	Boraginaceae	Cordia	lasiocalyx	cordla	\N	269	\N	0001	82	17.63000	34.36000	17.63000	14.36000	482226	848590	618322	2	2		256	3	\N	0.00	2012-05-01	19114	D;S	1	\N	dead
6067	P14	112	Boraginaceae	Cordia	lasiocalyx	cordla	\N	269	\N	0001	82	17.63000	34.36000	17.63000	14.36000	482226	848590	618322	2	2		268	4	\N	0.00	2013-04-15	19463	D;N	1	\N	dead
2398089	P14	112	Arecaceae	Oenocarpus	mapora	oenoma	\N	1145	\N	0001	82	17.22000	29.64000	17.22000	9.64000	482227	848591	618323	2	2	secondary	204	2	70	1.30	2010-11-16	18582	\N	1	\N	alive
8125	P14	112	Arecaceae	Oenocarpus	mapora	oenoma	\N	1145	\N	0001	82	17.22000	29.64000	17.22000	9.64000	482227	848591	618323	2	2		256	3	70	1.30	2012-05-01	19114	\N	1	\N	alive
6343	P14	112	Arecaceae	Oenocarpus	mapora	oenoma	\N	1145	\N	0001	82	17.22000	29.64000	17.22000	9.64000	482227	848591	618323	2	2		268	4	81	1.30	2013-04-15	19463	\N	1	\N	alive
2413590	P14	112	Arecaceae	Oenocarpus	mapora	oenoma	\N	1145	\N	0001	82	17.22000	29.64000	17.22000	9.64000	482227	848591	618323	2	2	\N	278	5	92	1.30	2014-04-09	19822	\N	1	\N	alive
2398145	P14	112	Apocynaceae	Stemmadenia	grandiflora	stemgr	\N	970	\N	0002	145	4.63000	58.64000	4.63000	18.64000	482269	838576	618328	2	2	secondary	204	2	107	1.30	2010-11-15	18581	\N	1	\N	alive
14473	P14	112	Apocynaceae	Stemmadenia	grandiflora	stemgr	\N	970	\N	0002	145	4.63000	58.64000	4.63000	18.64000	482269	838576	618328	2	2		256	3	107	1.30	2012-05-01	19114	\N	1	\N	alive
10897	P14	112	Apocynaceae	Stemmadenia	grandiflora	stemgr	\N	970	\N	0002	145	4.63000	58.64000	4.63000	18.64000	482269	838576	618328	2	2		268	4	107	1.30	2013-04-15	19463	\N	1	\N	alive
2413599	P14	112	Apocynaceae	Stemmadenia	grandiflora	stemgr	\N	970	\N	0002	145	4.63000	58.64000	4.63000	18.64000	482269	838576	618328	2	2	\N	278	5	109	1.30	2014-04-09	19822	\N	1	\N	alive
2422235	P14	112	Apocynaceae	Stemmadenia	grandiflora	stemgr	\N	970	\N	0002	145	4.63000	58.64000	4.63000	18.64000	482269	838576	618328	2	2	\N	286	6	110	1.30	2015-06-24	20263	\N	1	\N	alive
2398147	P14	112	Arecaceae	Oenocarpus	mapora	oenoma	\N	1145	\N	0002	145	7.85000	55.45000	7.85000	15.45000	482270	838577	618329	2	2	secondary	204	2	106	1.30	2010-11-15	18581	\N	1	\N	alive
14749	P14	112	Arecaceae	Oenocarpus	mapora	oenoma	\N	1145	\N	0002	145	7.85000	55.45000	7.85000	15.45000	482270	838577	618329	2	2		256	3	106	1.30	2012-05-01	19114	\N	1	\N	alive
11173	P14	112	Arecaceae	Oenocarpus	mapora	oenoma	\N	1145	\N	0002	145	7.85000	55.45000	7.85000	15.45000	482270	838577	618329	2	2		268	4	106	1.30	2013-04-15	19463	\N	1	\N	alive
2413605	P14	112	Arecaceae	Oenocarpus	mapora	oenoma	\N	1145	\N	0002	145	7.85000	55.45000	7.85000	15.45000	482270	838577	618329	2	2	\N	278	5	105	1.30	2014-04-09	19822	\N	1	\N	alive
2422241	P14	112	Arecaceae	Oenocarpus	mapora	oenoma	\N	1145	\N	0002	145	7.85000	55.45000	7.85000	15.45000	482270	838577	618329	2	2	\N	286	6	\N	1.30	2015-06-24	20263	S	1	\N	stem dead
99581	P14	112	Euphorbiaceae	Alchornea	latifolia	alchla	\N	24	\N	0002	145	15.45000	51.09000	15.45000	11.09000	482273	838580	618330	2	2		256	3	12	1.30	2012-05-01	19114	\N	1	\N	alive
12139	P14	112	Euphorbiaceae	Alchornea	latifolia	alchla	\N	24	\N	0002	145	15.45000	51.09000	15.45000	11.09000	482273	838580	618330	2	2		268	4	13	1.30	2013-04-15	19463	\N	1	\N	alive
2413636	P14	112	Euphorbiaceae	Alchornea	latifolia	alchla	\N	24	\N	0002	145	15.45000	51.09000	15.45000	11.09000	482273	838580	618330	2	2	\N	278	5	13	1.30	2014-04-09	19822	\N	1	\N	alive
2398196	P14	112	Arecaceae	Oenocarpus	mapora	oenoma	\N	1145	\N	0003	208	10.24000	69.64000	10.24000	9.64000	482297	838583	618333	2	2	secondary	204	2	96	1.30	2010-11-16	18582	\N	1	\N	alive
19579	P14	112	Arecaceae	Oenocarpus	mapora	oenoma	\N	1145	\N	0003	208	10.24000	69.64000	10.24000	9.64000	482297	838583	618333	2	2		256	3	\N	0.00	2012-05-01	19114	S	1	\N	stem dead
17935	P14	112	Arecaceae	Oenocarpus	mapora	oenoma	\N	1145	\N	0003	208	10.24000	69.64000	10.24000	9.64000	482297	838583	618333	2	2		268	4	\N	0.00	2013-04-15	19463	lost	1	\N	stem dead
2413664	P14	112	Arecaceae	Oenocarpus	mapora	oenoma	\N	1145	\N	0003	208	10.24000	69.64000	10.24000	9.64000	482297	838583	618333	2	2	\N	278	5	\N	1.30	2014-04-09	19822	R	1	\N	broken below
2398245	P14	112	Arecaceae	Oenocarpus	mapora	oenoma	\N	1145	\N	0004	271	4.57000	82.40000	4.57000	2.40000	482348	838586	618344	2	2	secondary	204	2	96	1.30	2010-11-16	18582	\N	1	\N	alive
26845	P14	112	Arecaceae	Oenocarpus	mapora	oenoma	\N	1145	\N	0004	271	4.57000	82.40000	4.57000	2.40000	482348	838586	618344	2	2		256	3	100	1.30	2012-05-01	19114	\N	1	\N	alive
20832	P14	112	Arecaceae	Oenocarpus	mapora	oenoma	\N	1145	\N	0004	271	4.57000	82.40000	4.57000	2.40000	482348	838586	618344	2	2		268	4	100	1.30	2013-04-15	19463	\N	1	\N	alive
2413693	P14	112	Arecaceae	Oenocarpus	mapora	oenoma	\N	1145	\N	0004	271	4.57000	82.40000	4.57000	2.40000	482348	838586	618344	2	2	\N	278	5	100	1.30	2014-04-09	19822	\N	1	\N	alive
2422272	P14	112	Arecaceae	Oenocarpus	mapora	oenoma	\N	1145	\N	0004	271	4.57000	82.40000	4.57000	2.40000	482348	838586	618344	2	2	\N	286	6	101	1.30	2015-06-24	20263	\N	1	\N	alive
2398327	P14	112	Arecaceae	Oenocarpus	mapora	oenoma	\N	1145	\N	0100	334	23.84000	5.14000	3.84000	5.14000	482384	826386	618348	2	2	secondary	204	2	99	1.30	2010-11-15	18581	\N	1	\N	alive
32398	P14	112	Arecaceae	Oenocarpus	mapora	oenoma	\N	1145	\N	0100	334	23.84000	5.14000	3.84000	5.14000	482384	826386	618348	2	2		256	3	100	1.30	2012-05-01	19114	\N	1	\N	alive
26172	P14	112	Arecaceae	Oenocarpus	mapora	oenoma	\N	1145	\N	0100	334	23.84000	5.14000	3.84000	5.14000	482384	826386	618348	2	2		268	4	\N	0.00	2013-04-15	19463	lost	1	\N	stem dead
2413724	P14	112	Arecaceae	Oenocarpus	mapora	oenoma	\N	1145	\N	0100	334	23.84000	5.14000	3.84000	5.14000	482384	826386	618348	2	2	\N	278	5	\N	1.30	2014-04-08	19821	R	1	\N	broken below
2398543	P14	112	Rubiaceae	Palicourea	guianensis	paligu	\N	738	\N	0101	397	37.51000	29.61000	17.51000	9.61000	482757	848520	618385	2	2	secondary	204	2	15	1.30	2010-11-11	18577	\N	1	\N	alive
2399396	P14	112	Arecaceae	Oenocarpus	mapora	oenoma	\N	1145	\N	0103	523	26.99000	69.56000	6.99000	9.56000	483285	826388	618448	2	2	secondary	204	2	105	1.30	2010-11-16	18582	\N	1	\N	alive
47247	P14	112	Arecaceae	Oenocarpus	mapora	oenoma	\N	1145	\N	0103	523	26.99000	69.56000	6.99000	9.56000	483285	826388	618448	2	2		256	3	105	1.30	2012-05-01	19114	\N	1	\N	alive
41504	P14	112	Arecaceae	Oenocarpus	mapora	oenoma	\N	1145	\N	0103	523	26.99000	69.56000	6.99000	9.56000	483285	826388	618448	2	2		268	4	113	1.30	2013-04-15	19463	\N	1	\N	alive
2413833	P14	112	Arecaceae	Oenocarpus	mapora	oenoma	\N	1145	\N	0103	523	26.99000	69.56000	6.99000	9.56000	483285	826388	618448	2	2	\N	278	5	113	1.30	2014-04-08	19821	\N	1	\N	alive
2422332	P14	112	Arecaceae	Oenocarpus	mapora	oenoma	\N	1145	\N	0103	523	26.99000	69.56000	6.99000	9.56000	483285	826388	618448	2	2	\N	286	6	114	1.30	2015-06-24	20263	\N	1	\N	alive
2399436	P14	112	Meliaceae	Guarea	grandifolia	guargr	\N	434	\N	0104	577	35.54000	84.29000	15.54000	4.29000	483318	826395	618454	2	2	secondary	204	2	48	1.30	2010-11-16	18582	\N	1	\N	alive
51181	P14	112	Meliaceae	Guarea	grandifolia	guargr	\N	434	\N	0104	577	35.54000	84.29000	15.54000	4.29000	483318	826395	618454	2	2		256	3	48	1.30	2012-05-01	19114	\N	1	\N	alive
45094	P14	112	Meliaceae	Guarea	grandifolia	guargr	\N	434	\N	0104	577	35.54000	84.29000	15.54000	4.29000	483318	826395	618454	2	2		268	4	48	1.30	2013-04-15	19463	\N	1	\N	alive
2413881	P14	112	Meliaceae	Guarea	grandifolia	guargr	\N	434	\N	0104	577	35.54000	84.29000	15.54000	4.29000	483318	826395	618454	2	2	\N	278	5	49	1.30	2014-04-08	19821	\N	1	\N	alive
2400085	P14	112	Melastomataceae	Mouriri	myrtilloides	mourmy	\N	671	\N	0202	739	44.93000	52.33000	4.93000	12.33000	483996	849569	618520	2	2	secondary	204	2	13	1.30	2010-11-16	18582	\N	1	\N	alive
2400441	P14	112	Arecaceae	Oenocarpus	mapora	oenoma	\N	1145	\N	0204	847	46.99000	80.98000	6.99000	0.98000	484141	828475	618534	2	2	secondary	204	2	96	1.30	2010-11-17	18583	\N	1	\N	alive
66589	P14	112	Arecaceae	Oenocarpus	mapora	oenoma	\N	1145	\N	0204	847	46.99000	80.98000	6.99000	0.98000	484141	828475	618534	2	2		256	3	98	1.30	2012-05-01	19114	\N	1	\N	alive
58113	P14	112	Arecaceae	Oenocarpus	mapora	oenoma	\N	1145	\N	0204	847	46.99000	80.98000	6.99000	0.98000	484141	828475	618534	2	2		268	4	98	1.30	2013-04-15	19463	\N	1	\N	alive
2413975	P14	112	Arecaceae	Oenocarpus	mapora	oenoma	\N	1145	\N	0204	847	46.99000	80.98000	6.99000	0.98000	484141	828475	618534	2	2	\N	278	5	98	1.30	2014-04-09	19822	\N	1	\N	alive
2400533	P14	112	Sapindaceae	Cupania	seemannii	cupasy	\N	1120	\N	0301	955	63.58000	33.43000	3.58000	13.43000	484213	827334	618542	2	2	secondary	204	2	64	1.30	2010-11-16	18582	\N	1	\N	alive
76149	P14	112	Sapindaceae	Cupania	seemannii	cupasy	\N	1120	\N	0301	955	63.58000	33.43000	3.58000	13.43000	484213	827334	618542	2	2		256	3	\N	0.00	2012-05-01	19114	M;S	1	\N	stem dead
67206	P14	112	Sapindaceae	Cupania	seemannii	cupasy	\N	1120	\N	0301	955	63.58000	33.43000	3.58000	13.43000	484213	827334	618542	2	2		268	4	\N	0.00	2013-04-16	19464	lost	1	\N	stem dead
2414013	P14	112	Sapindaceae	Cupania	seemannii	cupasy	\N	1120	\N	0301	955	63.58000	33.43000	3.58000	13.43000	484213	827334	618542	2	2	\N	278	5	\N	1.30	2014-04-08	19821	R	1	\N	broken below
89780	P14	112	Boraginaceae	Cordia	lasiocalyx	cordla	\N	269	\N	0304	1117	60.11000	97.39000	0.11000	17.39000	484333	826496	618563	2	2		268	4	14	1.30	2013-04-16	19464	\N	1	\N	alive
2414107	P14	112	Boraginaceae	Cordia	lasiocalyx	cordla	\N	269	\N	0304	1117	60.11000	97.39000	0.11000	17.39000	484333	826496	618563	2	2	\N	278	5	\N	1.30	2014-04-09	19822	R	1	\N	broken below
2400754	P14	112	Rubiaceae	Coussarea	curvigemmia	cou2cu	\N	280	\N	0400	1171	81.58000	5.35000	1.58000	5.35000	484385	826480	618569	2	2	secondary	204	2	34	1.30	2010-11-16	18582	\N	1	\N	alive
87236	P14	112	Rubiaceae	Coussarea	curvigemmia	cou2cu	\N	280	\N	0400	1171	81.58000	5.35000	1.58000	5.35000	484385	826480	618569	2	2		256	3	40	1.30	2012-05-01	19114	\N	1	\N	alive
76744	P14	112	Rubiaceae	Coussarea	curvigemmia	cou2cu	\N	280	\N	0400	1171	81.58000	5.35000	1.58000	5.35000	484385	826480	618569	2	2		268	4	44	1.30	2013-04-16	19464	\N	1	\N	alive
2414120	P14	112	Rubiaceae	Coussarea	curvigemmia	cou2cu	\N	280	\N	0400	1171	81.58000	5.35000	1.58000	5.35000	484385	826480	618569	2	2	\N	278	5	45	1.30	2014-04-09	19822	\N	1	\N	alive
2400761	P14	112	Rubiaceae	Faramea	occidentalis	faraoc	\N	379	\N	0400	1171	99.94000	2.86000	19.94000	2.86000	484391	826486	618570	2	2	secondary	204	2	31	1.30	2010-11-16	18582	\N	1	\N	alive
87979	P14	112	Rubiaceae	Faramea	occidentalis	faraoc	\N	379	\N	0400	1171	99.94000	2.86000	19.94000	2.86000	484391	826486	618570	2	2		256	3	31	1.30	2012-05-01	19114	\N	1	\N	alive
77549	P14	112	Rubiaceae	Faramea	occidentalis	faraoc	\N	379	\N	0400	1171	99.94000	2.86000	19.94000	2.86000	484391	826486	618570	2	2		268	4	30	1.30	2013-04-16	19464	\N	1	\N	alive
2414141	P14	112	Rubiaceae	Faramea	occidentalis	faraoc	\N	379	\N	0400	1171	99.94000	2.86000	19.94000	2.86000	484391	826486	618570	2	2	\N	278	5	32	1.30	2014-04-09	19822	\N	1	\N	alive
2400811	P14	112	Burseraceae	Protium	panamense	protpa	\N	827	\N	0401	1225	86.02000	32.96000	6.02000	12.96000	484418	826491	618576	2	2	secondary	204	2	89	1.30	2010-11-17	18583	\N	1	\N	alive
90713	P14	112	Burseraceae	Protium	panamense	protpa	\N	827	\N	0401	1225	86.02000	32.96000	6.02000	12.96000	484418	826491	618576	2	2		256	3	90	1.30	2012-05-01	19114	\N	1	\N	alive
79734	P14	112	Burseraceae	Protium	panamense	protpa	\N	827	\N	0401	1225	86.02000	32.96000	6.02000	12.96000	484418	826491	618576	2	2		268	4	90	1.30	2013-04-16	19464	\N	1	\N	alive
2414157	P14	112	Burseraceae	Protium	panamense	protpa	\N	827	\N	0401	1225	86.02000	32.96000	6.02000	12.96000	484418	826491	618576	2	2	\N	278	5	90	1.30	2014-04-09	19822	\N	1	\N	alive
2400815	P14	112	Arecaceae	Oenocarpus	mapora	oenoma	\N	1145	\N	0401	1225	97.42000	39.55000	17.42000	19.55000	484421	826494	618577	2	2	secondary	204	2	100	1.30	2010-11-17	18583	\N	1	\N	alive
91130	P14	112	Arecaceae	Oenocarpus	mapora	oenoma	\N	1145	\N	0401	1225	97.42000	39.55000	17.42000	19.55000	484421	826494	618577	2	2		256	3	101	1.30	2012-05-01	19114	\N	1	\N	alive
80191	P14	112	Arecaceae	Oenocarpus	mapora	oenoma	\N	1145	\N	0401	1225	97.42000	39.55000	17.42000	19.55000	484421	826494	618577	2	2		268	4	102	1.30	2013-04-16	19464	\N	1	\N	alive
2414166	P14	112	Arecaceae	Oenocarpus	mapora	oenoma	\N	1145	\N	0401	1225	97.42000	39.55000	17.42000	19.55000	484421	826494	618577	2	2	\N	278	5	102	1.30	2014-04-09	19822	\N	1	\N	alive
2422567	P14	112	Arecaceae	Oenocarpus	mapora	oenoma	\N	1145	\N	0401	1225	97.42000	39.55000	17.42000	19.55000	484421	826494	618577	2	2	\N	286	6	104	1.30	2015-06-24	20263	\N	1	\N	alive
2400852	P14	112	Rubiaceae	Faramea	occidentalis	faraoc	\N	379	\N	0402	1279	82.03000	46.57000	2.03000	6.57000	484460	848593	618583	2	2	secondary	204	2	23	1.30	2010-11-16	18582	\N	1	\N	alive
93055	P14	112	Rubiaceae	Faramea	occidentalis	faraoc	\N	379	\N	0402	1279	82.03000	46.57000	2.03000	6.57000	484460	848593	618583	2	2		256	3	23	1.30	2012-05-02	19115	\N	1	\N	alive
81882	P14	112	Rubiaceae	Faramea	occidentalis	faraoc	\N	379	\N	0402	1279	82.03000	46.57000	2.03000	6.57000	484460	848593	618583	2	2		268	4	22	1.30	2013-04-16	19464	\N	1	\N	alive
2414176	P14	112	Rubiaceae	Faramea	occidentalis	faraoc	\N	379	\N	0402	1279	82.03000	46.57000	2.03000	6.57000	484460	848593	618583	2	2	\N	278	5	\N	1.30	2014-04-09	19822	R	1	\N	broken below
2400858	P14	112	Salicaceae	Hasseltia	floribunda	hassfl	\N	465	\N	0402	1279	99.45000	42.50000	19.45000	2.50000	484465	848598	618584	2	2	secondary	204	2	96	1.30	2010-11-16	18582	\N	1	\N	alive
93652	P14	112	Salicaceae	Hasseltia	floribunda	hassfl	\N	465	\N	0402	1279	99.45000	42.50000	19.45000	2.50000	484465	848598	618584	2	2		256	3	100	1.30	2012-05-02	19115	\N	1	\N	alive
82553	P14	112	Salicaceae	Hasseltia	floribunda	hassfl	\N	465	\N	0402	1279	99.45000	42.50000	19.45000	2.50000	484465	848598	618584	2	2		268	4	104	1.30	2013-04-16	19464	L	1	\N	alive
2414187	P14	112	Salicaceae	Hasseltia	floribunda	hassfl	\N	465	\N	0402	1279	99.45000	42.50000	19.45000	2.50000	484465	848598	618584	2	2	\N	278	5	105	1.30	2014-04-09	19822	\N	1	\N	alive
2422581	P14	112	Salicaceae	Hasseltia	floribunda	hassfl	\N	465	\N	0402	1279	99.45000	42.50000	19.45000	2.50000	484465	848598	618584	2	2	\N	286	6	111	1.30	2015-09-14	20345	\N	1	\N	alive
2400921	P14	112	Myrtaceae	Eugenia	coloradoensis	eugeco	\N	358	\N	0403	1333	90.75000	72.54000	10.75000	12.54000	484507	828477	618595	2	2	secondary	204	2	43	1.30	2010-11-17	18583	\N	1	\N	alive
96120	P14	112	Myrtaceae	Eugenia	coloradoensis	eugeco	\N	358	\N	0403	1333	90.75000	72.54000	10.75000	12.54000	484507	828477	618595	2	2		256	3	42	1.30	2012-05-01	19114	\N	1	\N	alive
84979	P14	112	Myrtaceae	Eugenia	coloradoensis	eugeco	\N	358	\N	0403	1333	90.75000	72.54000	10.75000	12.54000	484507	828477	618595	2	2		268	4	\N	0.00	2013-04-16	19464	lost	1	\N	stem dead
2414202	P14	112	Myrtaceae	Eugenia	coloradoensis	eugeco	\N	358	\N	0403	1333	90.75000	72.54000	10.75000	12.54000	484507	828477	618595	2	2	\N	278	5	\N	1.30	2014-04-09	19822	R	1	\N	broken below
105152	P14	112	Arecaceae	Oenocarpus	mapora	oenoma	\N	1145	\N	0300	901	66.30000	5.40000	6.30000	5.40000	489155	119478	619085	2	2	secondary	256	3	87	1.30	2012-05-01	19114	\N	1	\N	alive
58363	P14	112	Arecaceae	Oenocarpus	mapora	oenoma	\N	1145	\N	0300	901	66.30000	5.40000	6.30000	5.40000	489155	119478	619085	2	2		268	4	87	1.30	2013-04-16	19464	\N	1	\N	alive
2413996	P14	112	Arecaceae	Oenocarpus	mapora	oenoma	\N	1145	\N	0300	901	66.30000	5.40000	6.30000	5.40000	489155	119478	619085	2	2	\N	278	5	87	1.30	2014-04-08	19821	\N	1	\N	alive
2407268	P14	112	Rubiaceae	Pentagonia	macrophylla	pentma	\N	750	\N	0203	793	41.30000	60.10000	1.30000	0.10000	416616	507336	691599	3		main	204	2	39	1.30	2010-11-15	18581	P	1	\N	alive
60843	P14	112	Rubiaceae	Pentagonia	macrophylla	pentma	\N	750	\N	0203	793	41.30000	60.10000	1.30000	0.10000	416616	507336	691599	3			256	3	\N	0.00	2012-05-01	19114	D;N	1	\N	dead
53966	P14	112	Rubiaceae	Pentagonia	macrophylla	pentma	\N	750	\N	0203	793	41.30000	60.10000	1.30000	0.10000	416616	507336	691599	3			268	4	\N	0.00	2013-04-15	19463	D;N	1	\N	dead
2406740	P14	112	Melastomataceae	Miconia	argentea	micoar	\N	630	\N	0202	739	43.60000	43.60000	3.60000	3.60000	416618	507338	691600	3		main	204	2	158	1.30	2010-11-16	18582	\N	1	\N	alive
58851	P14	112	Melastomataceae	Miconia	argentea	micoar	\N	630	\N	0202	739	43.60000	43.60000	3.60000	3.60000	416618	507338	691600	3			256	3	173	1.30	2012-05-01	19114	\N	1	\N	alive
51951	P14	112	Melastomataceae	Miconia	argentea	micoar	\N	630	\N	0202	739	43.60000	43.60000	3.60000	3.60000	416618	507338	691600	3			268	4	185	1.30	2013-04-15	19463	\N	1	\N	alive
2413940	P14	112	Melastomataceae	Miconia	argentea	micoar	\N	630	\N	0202	739	43.60000	43.60000	3.60000	3.60000	416618	507338	691600	3		\N	278	5	191	1.30	2014-04-09	19822	\N	1	\N	alive
2422392	P14	112	Melastomataceae	Miconia	argentea	micoar	\N	630	\N	0202	739	43.60000	43.60000	3.60000	3.60000	416618	507338	691600	3		\N	286	6	200	1.30	2015-06-25	20264	\N	1	\N	alive
2409118	P14	112	Salicaceae	Laetia	thamnia	laetth	\N	553	\N	0000	19	0.90000	13.10000	0.90000	13.10000	416628	515707	691601	3	2	secondary	204	2	48	1.30	2010-11-15	18581	\N	1	\N	alive
1088	P14	112	Salicaceae	Laetia	thamnia	laetth	\N	553	\N	0000	19	0.90000	13.10000	0.90000	13.10000	416628	515707	691601	3	2		256	3	\N	0.00	2012-05-01	19114	D;S	1	\N	dead
549	P14	112	Salicaceae	Laetia	thamnia	laetth	\N	553	\N	0000	19	0.90000	13.10000	0.90000	13.10000	416628	515707	691601	3	2		268	4	\N	0.00	2013-04-15	19463	D;N	1	\N	dead
3479	P14	112	Arecaceae	Oenocarpus	mapora	oenoma	\N	1145	\N	0000	19	9.60000	19.70000	9.60000	19.70000	416632	515711	691602	3	\N	secondary	123	1	98	1.30	1996-11-08	13461	\N	1	\N	alive
4445	P14	112	Arecaceae	Oenocarpus	mapora	oenoma	\N	1145	\N	0000	19	13.70000	17.70000	13.70000	17.70000	416633	515712	691603	3	\N	secondary	123	1	106	1.30	1996-11-08	13461	\N	1	\N	alive
2409139	P14	112	Polygonaceae	Coccoloba	manzinellensis	coccma	\N	237	\N	0001	82	9.50000	27.20000	9.50000	7.20000	416638	515717	691604	3	2	secondary	204	2	15	1.30	2010-11-16	18582	\N	1	\N	alive
5365	P14	112	Polygonaceae	Coccoloba	manzinellensis	coccma	\N	237	\N	0001	82	9.50000	27.20000	9.50000	7.20000	416638	515717	691604	3	2		256	3	15	1.30	2012-05-01	19114	\N	1	\N	alive
9826	P14	112	Arecaceae	Oenocarpus	mapora	oenoma	\N	1145	\N	0002	145	11.50000	53.90000	11.50000	13.90000	416662	515741	691605	3	\N	secondary	123	1	103	1.30	1996-12-11	13494	\N	1	\N	alive
11068	P14	112	Arecaceae	Oenocarpus	mapora	oenoma	\N	1145	\N	0002	145	17.50000	48.20000	17.50000	8.20000	416665	515744	691606	3	\N	secondary	123	1	102	1.30	1996-12-11	13494	\N	1	\N	alive
13138	P14	112	Arecaceae	Oenocarpus	mapora	oenoma	\N	1145	\N	0003	208	3.80000	72.70000	3.80000	12.70000	416669	515748	691607	3	\N	secondary	123	1	90	1.30	1996-12-11	13494	\N	1	\N	alive
14518	P14	112	Burseraceae	Protium	tenuifolium	protte		828	15	0003	208	9.70000	79.20000	9.70000	19.20000	416673	515752	691608	3	\N	secondary	123	1	42	1.30	1996-12-11	13494	\N	1	\N	alive
16312	P14	112	Arecaceae	Oenocarpus	mapora	oenoma	\N	1145	\N	0003	208	18.70000	66.40000	18.70000	6.40000	416683	515762	691609	3	\N	secondary	123	1	91	1.30	1996-12-11	13494	\N	1	\N	alive
17416	P14	112	Arecaceae	Oenocarpus	mapora	oenoma	\N	1145	\N	0004	271	2.40000	82.50000	2.40000	2.50000	416684	515763	691610	3	\N	secondary	123	1	57	1.30	1996-12-13	13496	\N	1	\N	alive
17830	P14	112	Arecaceae	Oenocarpus	mapora	oenoma	\N	1145	\N	0004	271	5.30000	90.60000	5.30000	10.60000	416685	515764	691611	3	\N	secondary	123	1	93	1.30	1996-12-13	13496	\N	1	\N	alive
2409196	P14	112	Arecaceae	Oenocarpus	mapora	oenoma	\N	1145	\N	0004	271	10.50000	93.60000	10.50000	13.60000	416687	515766	691612	3	2	secondary	204	2	102	1.30	2010-11-16	18582	\N	1	\N	alive
24381	P14	112	Arecaceae	Oenocarpus	mapora	oenoma	\N	1145	\N	0004	271	10.50000	93.60000	10.50000	13.60000	416687	515766	691612	3	2		256	3	102	1.30	2012-05-01	19114	\N	1	\N	alive
18901	P14	112	Arecaceae	Oenocarpus	mapora	oenoma	\N	1145	\N	0004	271	10.50000	93.60000	10.50000	13.60000	416687	515766	691612	3	2		268	4	102	1.30	2013-04-15	19463	\N	1	\N	alive
2413704	P14	112	Arecaceae	Oenocarpus	mapora	oenoma	\N	1145	\N	0004	271	10.50000	93.60000	10.50000	13.60000	416687	515766	691612	3	2	\N	278	5	101	1.30	2014-04-09	19822	\N	1	\N	alive
2422276	P14	112	Arecaceae	Oenocarpus	mapora	oenoma	\N	1145	\N	0004	271	10.50000	93.60000	10.50000	13.60000	416687	515766	691612	3	2	\N	286	6	102	1.30	2015-06-24	20263	\N	1	\N	alive
2410280	P14	112	Rubiaceae	Alseis	blackiana	alsebl	\N	33	\N	0004	271	19.80000	96.70000	19.80000	16.70000	416690	515769	691613	3	2	secondary	204	2	72	1.30	2010-11-18	18584	\N	1	\N	alive
25475	P14	112	Rubiaceae	Alseis	blackiana	alsebl	\N	33	\N	0004	271	19.80000	96.70000	19.80000	16.70000	416690	515769	691613	3	2		256	3	96	1.30	2012-05-01	19114	\N	1	\N	alive
19729	P14	112	Rubiaceae	Alseis	blackiana	alsebl	\N	33	\N	0004	271	19.80000	96.70000	19.80000	16.70000	416690	515769	691613	3	2		268	4	98	1.30	2013-04-15	19463	\N	1	\N	alive
2413712	P14	112	Rubiaceae	Alseis	blackiana	alsebl	\N	33	\N	0004	271	19.80000	96.70000	19.80000	16.70000	416690	515769	691613	3	2	\N	278	5	100	1.30	2014-04-09	19822	\N	1	\N	alive
2422280	P14	112	Rubiaceae	Alseis	blackiana	alsebl	\N	33	\N	0004	271	19.80000	96.70000	19.80000	16.70000	416690	515769	691613	3	2	\N	286	6	105	1.30	2015-06-24	20263	\N	1	\N	alive
2401759	P14	112	Burseraceae	Protium	tenuifolium	protte		828	15	0004	271	14.80000	82.10000	14.80000	2.10000	416693	515772	691614	3		main	204	2	247	1.80	2010-11-16	18582	\N	1	\N	alive
26297	P14	112	Burseraceae	Protium	tenuifolium	protte		828	15	0004	271	14.80000	82.10000	14.80000	2.10000	416693	515772	691614	3			256	3	247	1.80	2012-05-01	19114	\N	1	\N	alive
20281	P14	112	Burseraceae	Protium	tenuifolium	protte		828	15	0004	271	14.80000	82.10000	14.80000	2.10000	416693	515772	691614	3			268	4	247	1.80	2013-04-15	19463	\N	1	\N	alive
2413702	P14	112	Burseraceae	Protium	tenuifolium	protte		828	15	0004	271	14.80000	82.10000	14.80000	2.10000	416693	515772	691614	3		\N	278	5	247	1.30	2014-04-09	19822	\N	1	\N	alive
2422274	P14	112	Burseraceae	Protium	tenuifolium	protte		828	15	0004	271	14.80000	82.10000	14.80000	2.10000	416693	515772	691614	3		\N	286	6	248	1.30	2015-06-24	20263	\N	1	\N	alive
22645	P14	112	Arecaceae	Oenocarpus	mapora	oenoma	\N	1145	\N	0100	334	34.90000	0.20000	14.90000	0.20000	416710	515789	691615	3	\N	secondary	123	1	105	1.30	1996-11-13	13466	\N	1	\N	alive
2404528	P14	112	Lauraceae	Cinnamomum	triplinerve	phoeci	\N	208	\N	0103	523	23.40000	68.10000	3.40000	8.10000	416714	515793	691616	3	1	main	204	2	42	1.30	2010-11-16	18582	L;R	1	\N	broken below
43290	P14	112	Lauraceae	Cinnamomum	triplinerve	phoeci	\N	208	\N	0103	523	23.40000	68.10000	3.40000	8.10000	416714	515793	691616	3	1		256	3	44	1.30	2012-05-01	19114	L;M	1	\N	alive
25931	P14	112	Arecaceae	Oenocarpus	mapora	oenoma	\N	1145	\N	0103	523	38.90000	61.10000	18.90000	1.10000	416719	515798	691617	3	\N	secondary	123	1	105	1.30	1996-11-13	13466	\N	1	\N	alive
2404537	P14	112	Moraceae	Maquira	guianensis	maquco	\N	1137	\N	0103	523	36.70000	65.70000	16.70000	5.70000	416720	515799	691618	3		main	204	2	29	1.30	2010-11-16	18582	R	1	\N	broken below
44442	P14	112	Moraceae	Maquira	guianensis	maquco	\N	1137	\N	0103	523	36.70000	65.70000	16.70000	5.70000	416720	515799	691618	3			256	3	30	1.30	2012-05-01	19114	\N	1	\N	alive
27164	P14	112	Arecaceae	Oenocarpus	mapora	oenoma	\N	1145	\N	0103	523	39.00000	71.50000	19.00000	11.50000	416724	515803	691619	3	\N	secondary	123	1	108	1.30	1996-11-13	13466	\N	1	\N	alive
2404549	P14	112	Burseraceae	Protium	tenuifolium	protte		828	15	0103	523	30.75000	79.89000	10.75000	19.89000	416726	515805	691620	3	1	main	204	2	257	1.30	2010-11-16	18582	\N	1	\N	alive
46739	P14	112	Burseraceae	Protium	tenuifolium	protte		828	15	0103	523	30.75000	79.89000	10.75000	19.89000	416726	515805	691620	3	1		256	3	262	1.30	2012-05-01	19114	\N	1	\N	alive
40985	P14	112	Burseraceae	Protium	tenuifolium	protte		828	15	0103	523	30.75000	79.89000	10.75000	19.89000	416726	515805	691620	3	1		268	4	266	1.30	2013-04-15	19463	\N	1	\N	alive
2413847	P14	112	Burseraceae	Protium	tenuifolium	protte		828	15	0103	523	30.75000	79.89000	10.75000	19.89000	416726	515805	691620	3	1	\N	278	5	267	1.30	2014-04-08	19821	\N	1	\N	alive
2422341	P14	112	Burseraceae	Protium	tenuifolium	protte		828	15	0103	523	30.75000	79.89000	10.75000	19.89000	416726	515805	691620	3	1	\N	286	6	285	1.30	2015-06-24	20263	\N	1	\N	alive
2404692	P14	112	Burseraceae	Protium	tenuifolium	protte		828	15	0104	577	27.30000	81.80000	7.30000	1.80000	416727	515806	691621	3		main	204	2	203	1.30	2010-11-16	18582	\N	1	\N	alive
49025	P14	112	Burseraceae	Protium	tenuifolium	protte		828	15	0104	577	27.30000	81.80000	7.30000	1.80000	416727	515806	691621	3			256	3	209	1.30	2012-05-01	19114	\N	1	\N	alive
43302	P14	112	Burseraceae	Protium	tenuifolium	protte		828	15	0104	577	27.30000	81.80000	7.30000	1.80000	416727	515806	691621	3			268	4	209	1.30	2013-04-15	19463	\N	1	\N	alive
2413871	P14	112	Burseraceae	Protium	tenuifolium	protte		828	15	0104	577	27.30000	81.80000	7.30000	1.80000	416727	515806	691621	3		\N	278	5	209	1.30	2014-04-08	19821	\N	1	\N	alive
2422356	P14	112	Burseraceae	Protium	tenuifolium	protte		828	15	0104	577	27.30000	81.80000	7.30000	1.80000	416727	515806	691621	3		\N	286	6	209	1.30	2015-06-24	20263	\N	1	\N	alive
30552	P14	112	Arecaceae	Oenocarpus	mapora	oenoma	\N	1145	\N	0200	631	40.90000	0.60000	0.90000	0.60000	416739	515819	691622	3	\N	secondary	123	1	90	1.30	1996-11-13	13466	\N	1	\N	alive
32577	P14	112	Arecaceae	Oenocarpus	mapora	oenoma	\N	1145	\N	0200	631	44.60000	17.10000	4.60000	17.10000	416744	515824	691623	3	\N	secondary	123	1	97	1.30	1996-11-13	13466	\N	1	\N	alive
34991	P14	112	Arecaceae	Oenocarpus	mapora	oenoma	\N	1145	\N	0200	631	55.80000	2.40000	15.80000	2.40000	416756	515836	691624	3	\N	secondary	123	1	64	1.30	1996-11-13	13466	\N	1	\N	alive
38149	P14	112	Rubiaceae	Coussarea	curvigemmia	cou2cu	\N	280	\N	0101	397	22.80000	25.50000	2.80000	5.50000	416778	515874	691625	3	\N	secondary	123	1	11	1.30	1996-11-13	13466	\N	1	\N	alive
2402762	P14	112	Moraceae	Sorocea	affinis	soroaf	\N	958	\N	0101	397	20.50000	32.80000	0.50000	12.80000	416782	515878	691626	3	1	main	204	2	54	1.30	2010-11-11	18577	\N	1	\N	alive
39457	P14	112	Rubiaceae	Coussarea	curvigemmia	cou2cu	\N	280	\N	0101	397	20.50000	34.00000	0.50000	14.00000	416785	515881	691627	3	\N	secondary	123	1	11	1.30	1996-11-13	13466	\N	1	\N	alive
2402781	P14	112	Clusiaceae	Garcinia	intermedia	gar2in	\N	1125	\N	0101	397	25.36000	37.71000	5.36000	17.71000	416798	515894	691628	3		main	204	2	49	1.30	2010-11-11	18577	L	1	\N	alive
2409297	P14	112	Rubiaceae	Faramea	occidentalis	faraoc	\N	379	\N	0101	397	22.80000	37.00000	2.80000	17.00000	416803	515899	691629	3	2	secondary	204	2	22	1.30	2010-11-11	18577	\N	1	\N	alive
44102	P14	112	Arecaceae	Oenocarpus	mapora	oenoma	\N	1145	\N	0101	397	27.30000	34.30000	7.30000	14.30000	416816	515914	691630	3	\N	secondary	123	1	77	1.30	1996-11-13	13466	\N	1	\N	alive
45126	P14	112	Sapindaceae	Cupania	seemannii	cupasy	\N	1120	\N	0101	397	29.70000	28.40000	9.70000	8.40000	416822	516422	691631	3	\N	secondary	123	1	62	1.30	1996-11-13	13466	\N	1	\N	alive
2402815	P14	112	Apocynaceae	Lacmellea	panamensis	lacmpa	\N	549	\N	0101	397	25.40000	24.80000	5.40000	4.80000	416827	516428	691632	3	1	main	204	2	184	1.30	2010-11-11	18577	\N	1	\N	alive
34681	P14	112	Apocynaceae	Lacmellea	panamensis	lacmpa	\N	549	\N	0101	397	25.40000	24.80000	5.40000	4.80000	416827	516428	691632	3	1		256	3	184	1.30	2012-05-01	19114	\N	1	\N	alive
29036	P14	112	Apocynaceae	Lacmellea	panamensis	lacmpa	\N	549	\N	0101	397	25.40000	24.80000	5.40000	4.80000	416827	516428	691632	3	1		268	4	186	1.30	2013-04-15	19463	Q	1	\N	alive
2413761	P14	112	Apocynaceae	Lacmellea	panamensis	lacmpa	\N	549	\N	0101	397	25.40000	24.80000	5.40000	4.80000	416827	516428	691632	3	1	\N	278	5	186	1.30	2014-04-08	19821	Q	1	\N	alive
2422299	P14	112	Apocynaceae	Lacmellea	panamensis	lacmpa	\N	549	\N	0101	397	25.40000	24.80000	5.40000	4.80000	416827	516428	691632	3	1	\N	286	6	\N	1.30	2015-06-24	20263	R	1	\N	broken below
2402819	P14	112	Rubiaceae	Faramea	occidentalis	faraoc	\N	379	\N	0101	397	29.10000	23.10000	9.10000	3.10000	416830	516431	691633	3	1	main	204	2	70	1.30	2010-11-11	18577	\N	1	\N	alive
47672	P14	112	Arecaceae	Oenocarpus	mapora	oenoma	\N	1145	\N	0101	397	29.80000	20.50000	9.80000	0.50000	416832	516433	691634	3	\N	secondary	123	1	80	1.30	1996-11-13	13466	\N	1	\N	alive
49196	P14	112	Arecaceae	Oenocarpus	mapora	oenoma	\N	1145	\N	0101	397	34.40000	20.50000	14.40000	0.50000	416838	516439	691635	3	\N	secondary	123	1	92	1.30	1996-11-13	13466	\N	1	\N	alive
52739	P14	112	Myristicaceae	Virola	sebifera	virose	\N	1072	\N	0101	397	33.60000	31.00000	13.60000	11.00000	416857	516459	691636	3	\N	secondary	123	1	38	1.30	1996-11-13	13466	\N	1	\N	alive
2409302	P14	112	Rubiaceae	Alseis	blackiana	alsebl	\N	33	\N	0101	397	32.40000	32.00000	12.40000	12.00000	416859	516461	691637	3	2	secondary	204	2	10	1.30	2010-11-11	18577	\N	1	\N	alive
2402859	P14	112	Rubiaceae	Coussarea	curvigemmia	cou2cu	\N	280	\N	0101	397	30.20000	39.30000	10.20000	19.30000	416863	516466	691638	3		main	204	2	46	1.30	2010-11-11	18577	\N	1	\N	alive
57020	P14	112	Arecaceae	Oenocarpus	mapora	oenoma	\N	1145	\N	0101	397	39.00000	27.70000	19.00000	7.70000	416888	516491	691639	3	\N	secondary	123	1	64	1.30	1996-11-13	13466	\N	1	\N	alive
2409398	P14	112	Burseraceae	Tetragastris	panamensis	tet2pa	\N	1007	\N	0102	460	21.40000	41.40000	1.40000	1.40000	416894	516536	691640	3	2	secondary	204	2	11	1.30	2010-11-10	18576	\N	1	\N	alive
2409399	P14	112	Melastomataceae	Mouriri	myrtilloides	mourmy	\N	671	\N	0102	460	24.40000	46.30000	4.40000	6.30000	416909	516552	691641	3	2	secondary	204	2	12	1.30	2010-11-10	18576	\N	1	\N	alive
2409400	P14	112	Arecaceae	Oenocarpus	mapora	oenoma	\N	1145	\N	0102	460	21.60000	54.30000	1.60000	14.30000	416910	516553	691642	3	2	secondary	204	2	84	1.30	2010-11-10	18576	\N	1	\N	alive
36400	P14	112	Arecaceae	Oenocarpus	mapora	oenoma	\N	1145	\N	0102	460	21.60000	54.30000	1.60000	14.30000	416910	516553	691642	3	2		256	3	84	1.30	2012-05-01	19114	\N	1	\N	alive
30790	P14	112	Arecaceae	Oenocarpus	mapora	oenoma	\N	1145	\N	0102	460	21.60000	54.30000	1.60000	14.30000	416910	516553	691642	3	2		268	4	90	1.30	2013-04-15	19463	\N	1	\N	alive
2413777	P14	112	Arecaceae	Oenocarpus	mapora	oenoma	\N	1145	\N	0102	460	21.60000	54.30000	1.60000	14.30000	416910	516553	691642	3	2	\N	278	5	90	1.30	2014-04-08	19821	\N	1	\N	alive
60143	P14	112	Arecaceae	Oenocarpus	mapora	oenoma	\N	1145	\N	0102	460	21.40000	58.20000	1.40000	18.20000	416911	516554	691643	3	\N	secondary	123	1	95	1.30	1996-11-12	13465	\N	1	\N	alive
2403997	P14	112	Fabaceae-papilionoideae	Swartzia	simplex	swars2	var.ochnacea	980	8	0102	460	28.40000	51.00000	8.40000	11.00000	416928	516571	691644	3		main	204	2	67	1.30	2010-11-10	18576	\N	1	\N	alive
65055	P14	112	Arecaceae	Oenocarpus	mapora	oenoma	\N	1145	\N	0102	460	26.40000	45.10000	6.40000	5.10000	416929	516572	691645	3	\N	secondary	123	1	90	1.30	1996-11-12	13465	\N	1	\N	alive
66270	P14	112	Arecaceae	Oenocarpus	mapora	oenoma	\N	1145	\N	0102	460	25.20000	49.70000	5.20000	9.70000	416932	516575	691646	3	\N	secondary	123	1	74	1.30	1996-11-12	13465	\N	1	\N	alive
2404017	P14	112	Burseraceae	Tetragastris	panamensis	tet2pa	\N	1007	\N	0102	460	29.70000	43.60000	9.70000	3.60000	416941	516584	691647	3	1	main	204	2	22	1.30	2010-11-10	18576	\N	1	\N	alive
69899	P14	112	Arecaceae	Oenocarpus	mapora	oenoma	\N	1145	\N	0102	460	30.30000	51.90000	10.30000	11.90000	416957	516601	691648	3	\N	secondary	123	1	63	1.30	1996-11-12	13465	\N	1	\N	alive
70746	P14	112	Arecaceae	Oenocarpus	mapora	oenoma	\N	1145	\N	0102	460	34.70000	54.10000	14.70000	14.10000	416960	516604	691649	3	\N	secondary	123	1	92	1.30	1996-11-12	13465	\N	1	\N	alive
71467	P14	112	Arecaceae	Oenocarpus	mapora	oenoma	\N	1145	\N	0102	460	31.60000	55.40000	11.60000	15.40000	416962	516606	691650	3	\N	secondary	123	1	85	1.30	1996-11-12	13465	\N	1	\N	alive
2404041	P14	112	Myrsinaceae	Stylogyne	turbacensis	stylst	\N	1166	\N	0102	460	30.50000	59.30000	10.50000	19.30000	416963	516607	691651	3		main	204	2	32	1.30	2010-11-10	18576	\N	1	\N	alive
72540	P14	112	Salicaceae	Laetia	thamnia	laetth	\N	553	\N	0102	460	33.00000	56.80000	13.00000	16.80000	416967	516611	691652	3	\N	secondary	123	1	19	1.30	1996-11-12	13465	\N	1	\N	alive
2404052	P14	112	Burseraceae	Tetragastris	panamensis	tet2pa	\N	1007	\N	0102	460	36.80000	58.40000	16.80000	18.40000	416974	516618	691653	3		main	204	2	67	1.30	2010-11-10	18576	\N	1	\N	alive
2409408	P14	112	Melastomataceae	Mouriri	myrtilloides	mourmy	\N	671	\N	0102	460	36.70000	52.10000	16.70000	12.10000	416983	516628	691654	3	2	secondary	204	2	11	1.30	2010-11-10	18576	\N	1	\N	alive
2409409	P14	112	Moraceae	Maquira	guianensis	maquco	\N	1137	\N	0102	460	37.60000	53.30000	17.60000	13.30000	416984	516631	691655	3	2	secondary	204	2	21	1.30	2010-11-10	18576	\N	1	\N	alive
75022	P14	112	Sapindaceae	Cupania	seemannii	cupasy	\N	1120	\N	0102	460	37.60000	54.30000	17.60000	14.30000	416985	516632	691656	3	\N	secondary	123	1	28	1.30	1996-11-12	13465	\N	1	\N	alive
75841	P14	112	Arecaceae	Oenocarpus	mapora	oenoma	\N	1145	\N	0102	460	37.60000	47.60000	17.60000	7.60000	416989	516636	691657	3	\N	secondary	123	1	55	1.30	1996-11-12	13465	\N	1	\N	alive
76309	P14	112	Arecaceae	Oenocarpus	mapora	oenoma	\N	1145	\N	0102	460	35.10000	40.20000	15.10000	0.20000	416991	516638	691658	3	\N	secondary	123	1	102	1.30	1996-11-12	13465	\N	1	\N	alive
2408877	P14	112	Rubiaceae	Alseis	blackiana	alsebl	\N	33	\N	0403	1333	95.30000	60.70000	15.30000	0.70000	416999	516676	691659	3	1	main	204	2	257	1.30	2010-11-17	18583	\N	1	\N	alive
93949	P14	112	Rubiaceae	Alseis	blackiana	alsebl	\N	33	\N	0403	1333	95.30000	60.70000	15.30000	0.70000	416999	516676	691659	3	1		256	3	257	1.30	2012-05-01	19114	\N	1	\N	alive
82887	P14	112	Rubiaceae	Alseis	blackiana	alsebl	\N	33	\N	0403	1333	95.30000	60.70000	15.30000	0.70000	416999	516676	691659	3	1		268	4	260	1.30	2013-04-16	19464	\N	1	\N	alive
2414213	P14	112	Rubiaceae	Alseis	blackiana	alsebl	\N	33	\N	0403	1333	95.30000	60.70000	15.30000	0.70000	416999	516676	691659	3	1	\N	278	5	258	1.30	2014-04-09	19822	\N	1	\N	alive
2422598	P14	112	Rubiaceae	Alseis	blackiana	alsebl	\N	33	\N	0403	1333	95.30000	60.70000	15.30000	0.70000	416999	516676	691659	3	1	\N	286	6	266	1.30	2015-06-24	20263	\N	1	\N	alive
2409017	P14	112	Rubiaceae	Coussarea	curvigemmia	cou2cu	\N	280	\N	0404	1387	88.10000	90.20000	8.10000	10.20000	417004	516681	691660	3	1	main	204	2	137	1.30	2010-11-17	18583	\N	1	\N	alive
97192	P14	112	Rubiaceae	Coussarea	curvigemmia	cou2cu	\N	280	\N	0404	1387	88.10000	90.20000	8.10000	10.20000	417004	516681	691660	3	1		256	3	\N	0.00	2012-05-01	19114	S	1	\N	stem dead
81462	P14	112	Arecaceae	Oenocarpus	mapora	oenoma	\N	1145	\N	0201	685	43.80000	24.40000	3.80000	4.40000	417018	516802	691661	3	\N	secondary	123	1	93	1.30	1996-11-15	13468	\N	1	\N	alive
82804	P14	112	Rubiaceae	Alseis	blackiana	alsebl	\N	33	\N	0201	685	43.00000	28.30000	3.00000	8.30000	417024	516808	691662	3	\N	secondary	123	1	30	1.30	1996-11-15	13468	\N	1	\N	alive
2405691	P14	112	Arecaceae	Oenocarpus	mapora	oenoma	\N	1145	\N	0201	685	46.60000	29.20000	6.60000	9.20000	417047	516831	691663	3	1	main	204	2	93	1.30	2010-11-11	18577	\N	1	\N	alive
86532	P14	112	Sapindaceae	Cupania	seemannii	cupasy	\N	1120	\N	0201	685	49.10000	24.60000	9.10000	4.60000	417054	516838	691664	3	\N	secondary	123	1	24	1.30	1996-11-15	13468	\N	1	\N	alive
86956	P14	112	Arecaceae	Oenocarpus	mapora	oenoma	\N	1145	\N	0201	685	49.50000	22.00000	9.50000	2.00000	417055	516839	691665	3	\N	secondary	123	1	80	1.30	1996-11-15	13468	\N	1	\N	alive
2405712	P14	112	Myristicaceae	Virola	sebifera	virose	\N	1072	\N	0201	685	50.20000	26.90000	10.20000	6.90000	417065	516849	691666	3		main	204	2	38	1.30	2010-11-11	18577	\N	1	\N	alive
2405714	P14	112	Arecaceae	Oenocarpus	mapora	oenoma	\N	1145	\N	0201	685	54.00000	27.00000	14.00000	7.00000	417067	516851	691667	3	1	main	204	2	100	1.30	2010-11-11	18577	\N	1	\N	alive
57976	P14	112	Arecaceae	Oenocarpus	mapora	oenoma	\N	1145	\N	0201	685	54.00000	27.00000	14.00000	7.00000	417067	516851	691667	3	1		256	3	102	1.30	2012-05-01	19114	\N	1	\N	alive
50939	P14	112	Arecaceae	Oenocarpus	mapora	oenoma	\N	1145	\N	0201	685	54.00000	27.00000	14.00000	7.00000	417067	516851	691667	3	1		268	4	102	1.30	2013-04-15	19463	\N	1	\N	alive
2413931	P14	112	Arecaceae	Oenocarpus	mapora	oenoma	\N	1145	\N	0201	685	54.00000	27.00000	14.00000	7.00000	417067	516851	691667	3	1	\N	278	5	102	1.30	2014-04-09	19822	\N	1	\N	alive
2422385	P14	112	Arecaceae	Oenocarpus	mapora	oenoma	\N	1145	\N	0201	685	54.00000	27.00000	14.00000	7.00000	417067	516851	691667	3	1	\N	286	6	102	1.30	2015-06-25	20264	\N	1	\N	alive
2405715	P14	112	Rubiaceae	Faramea	occidentalis	faraoc	\N	379	\N	0201	685	51.60000	30.20000	11.60000	10.20000	417068	516852	691668	3	1	main	204	2	50	1.30	2010-11-11	18577	\N	1	\N	alive
88964	P14	112	Rubiaceae	Faramea	occidentalis	faraoc	\N	379	\N	0201	685	50.80000	32.40000	10.80000	12.40000	417069	516853	691669	3	\N	secondary	123	1	28	1.30	1996-11-15	13468	\N	1	\N	alive
2405732	P14	112	Violaceae	Hybanthus	prunifolius	hybapr	\N	494	\N	0201	685	55.00000	31.90000	15.00000	11.90000	417082	516866	691670	3		main	204	2	27	1.30	2010-11-11	18577	\N	1	\N	alive
2405734	P14	112	Violaceae	Hybanthus	prunifolius	hybapr	\N	494	\N	0201	685	55.70000	34.80000	15.70000	14.80000	417084	516868	691671	3	1	main	204	2	27	1.30	2010-11-11	18577	\N	1	\N	alive
92388	P14	112	Violaceae	Hybanthus	prunifolius	hybapr	\N	494	\N	0201	685	57.40000	29.60000	17.40000	9.60000	417094	516878	691672	3	\N	secondary	123	1	11	1.30	1996-11-15	13468	\N	1	\N	alive
2409571	P14	112	Rubiaceae	Coussarea	curvigemmia	cou2cu	\N	280	\N	0201	685	56.70000	20.50000	16.70000	0.50000	417101	516885	691673	3	2	secondary	204	2	15	1.30	2010-11-11	18577	\N	1	\N	alive
93984	P14	112	Violaceae	Hybanthus	prunifolius	hybapr	\N	494	\N	0202	739	40.70000	40.70000	0.70000	0.70000	417107	517502	691674	3	\N	secondary	123	1	13	1.30	1996-11-15	13468	\N	1	\N	alive
95363	P14	112	Simaroubaceae	Quassia	amara	quasam	\N	875	\N	0202	739	44.70000	48.70000	4.70000	8.70000	417119	517514	691675	3	\N	secondary	123	1	13	1.30	1996-11-15	13468	\N	1	\N	alive
2409661	P14	112	Violaceae	Hybanthus	prunifolius	hybapr	\N	494	\N	0202	739	41.70000	53.10000	1.70000	13.10000	417129	517524	691676	3	2	secondary	204	2	26	1.30	2010-11-16	18582	\N	1	\N	alive
2409662	P14	112	Meliaceae	Guarea	guidonia	guargu	\N	435	\N	0202	739	43.40000	54.90000	3.40000	14.90000	417130	517525	691677	3	2	secondary	204	2	28	1.30	2010-11-16	18582	\N	1	\N	alive
2409663	P14	112	Apocynaceae	Tabernaemontana	arborea	tab2ar	\N	990	\N	0202	739	40.30000	55.20000	0.30000	15.20000	417131	517526	691678	3	2	secondary	204	2	22	1.30	2010-11-16	18582	\N	1	\N	alive
59476	P14	112	Apocynaceae	Tabernaemontana	arborea	tab2ar	\N	990	\N	0202	739	40.30000	55.20000	0.30000	15.20000	417131	517526	691678	3	2		256	3	23	1.30	2012-05-01	19114	\N	1	\N	alive
52581	P14	112	Apocynaceae	Tabernaemontana	arborea	tab2ar	\N	990	\N	0202	739	40.30000	55.20000	0.30000	15.20000	417131	517526	691678	3	2		268	4	23	1.30	2013-04-15	19463	\N	1	\N	alive
2413945	P14	112	Apocynaceae	Tabernaemontana	arborea	tab2ar	\N	990	\N	0202	739	40.30000	55.20000	0.30000	15.20000	417131	517526	691678	3	2	\N	278	5	23	1.30	2014-04-09	19822	\N	1	\N	alive
2409665	P14	112	Boraginaceae	Cordia	lasiocalyx	cordla	\N	269	\N	0202	739	44.70000	55.80000	4.70000	15.80000	417136	517531	691679	3	2	secondary	204	2	24	1.30	2010-11-16	18582	\N	1	\N	alive
2409666	P14	112	Rubiaceae	Randia	armata	randar	\N	879	\N	0202	739	49.50000	55.90000	9.50000	15.90000	417143	517538	691680	3	2	secondary	204	2	11	1.30	2010-11-16	18582	\N	1	\N	alive
59851	P14	112	Rubiaceae	Randia	armata	randar	\N	879	\N	0202	739	49.50000	55.90000	9.50000	15.90000	417143	517538	691680	3	2		256	3	13	1.30	2012-05-01	19114	\N	1	\N	alive
52958	P14	112	Rubiaceae	Randia	armata	randar	\N	879	\N	0202	739	49.50000	55.90000	9.50000	15.90000	417143	517538	691680	3	2		268	4	15	1.30	2013-04-15	19463	\N	1	\N	alive
2413949	P14	112	Rubiaceae	Randia	armata	randar	\N	879	\N	0202	739	49.50000	55.90000	9.50000	15.90000	417143	517538	691680	3	2	\N	278	5	15	1.30	2014-04-09	19822	\N	1	\N	alive
2406782	P14	112	Violaceae	Hybanthus	prunifolius	hybapr	\N	494	\N	0202	739	46.70000	53.40000	6.70000	13.40000	417144	517539	691681	3	1	main	204	2	22	1.30	2010-11-16	18582	\N	1	\N	alive
2409667	P14	112	Violaceae	Hybanthus	prunifolius	hybapr	\N	494	\N	0202	739	48.00000	52.90000	8.00000	12.90000	417146	517541	691682	3	2	secondary	204	2	12	1.30	2010-11-16	18582	\N	1	\N	alive
2409668	P14	112	Moraceae	Sorocea	affinis	soroaf	\N	958	\N	0202	739	52.20000	50.00000	12.20000	10.00000	417177	517574	691683	3	2	secondary	204	2	14	1.30	2010-11-16	18582	\N	1	\N	alive
101797	P14	112	Violaceae	Hybanthus	prunifolius	hybapr	\N	494	\N	0202	739	53.60000	46.70000	13.60000	6.70000	417180	517577	691684	3	\N	secondary	123	1	25	1.30	1996-11-15	13468	\N	1	\N	alive
2406827	P14	112	Violaceae	Hybanthus	prunifolius	hybapr	\N	494	\N	0202	739	54.20000	53.70000	14.20000	13.70000	417187	517584	691685	3	1	main	204	2	19	1.30	2010-11-16	18582	\N	1	\N	alive
104147	P14	112	Rubiaceae	Psychotria	horizontalis	psycho	\N	850	\N	0202	739	58.90000	57.20000	18.90000	17.20000	417202	517599	691686	3	\N	secondary	123	1	15	1.30	1996-11-15	13468	\N	1	\N	alive
2409669	P14	112	Sapindaceae	Cupania	seemannii	cupasy	\N	1120	\N	0202	739	56.10000	53.90000	16.10000	13.90000	417213	517610	691687	3	2	secondary	204	2	12	1.30	2010-11-16	18582	\N	1	\N	alive
2406860	P14	112	Chrysobalanaceae	Hirtella	triandra	hirttr	\N	487	\N	0202	739	59.00000	50.40000	19.00000	10.40000	417219	517617	691688	3		main	204	2	104	1.10	2010-11-16	18582	R	1	\N	broken below
60595	P14	112	Chrysobalanaceae	Hirtella	triandra	hirttr	\N	487	\N	0202	739	59.00000	50.40000	19.00000	10.40000	417219	517617	691688	3			256	3	\N	0.00	2012-05-01	19114	D;S	1	\N	dead
53714	P14	112	Chrysobalanaceae	Hirtella	triandra	hirttr	\N	487	\N	0202	739	59.00000	50.40000	19.00000	10.40000	417219	517617	691688	3			268	4	\N	0.00	2013-04-15	19463	D;S	1	\N	dead
107357	P14	112	Arecaceae	Oenocarpus	mapora	oenoma	\N	1145	\N	0203	793	47.30000	69.00000	7.30000	9.00000	417231	517689	691689	3	\N	secondary	123	1	95	1.30	1996-11-13	13466	\N	1	\N	alive
109041	P14	112	Rubiaceae	Coussarea	curvigemmia	cou2cu	\N	280	\N	0203	793	51.80000	78.20000	11.80000	18.20000	417238	517696	691690	3	\N	secondary	123	1	11	1.30	1996-11-13	13466	\N	1	\N	alive
111987	P14	112	Arecaceae	Oenocarpus	mapora	oenoma	\N	1145	\N	0300	901	70.60000	3.50000	10.60000	3.50000	417265	517723	691691	3	\N	secondary	123	1	102	1.30	1996-11-15	13468	\N	1	\N	alive
2409724	P14	112	Fabaceae-mimosoideae	Inga	thibaudiana	ingath	\N	1133	\N	0300	901	72.80000	9.30000	12.80000	9.30000	417275	517733	691692	3	2	secondary	204	2	83	1.30	2010-11-16	18582	\N	1	\N	alive
69129	P14	112	Fabaceae-mimosoideae	Inga	thibaudiana	ingath	\N	1133	\N	0300	901	72.80000	9.30000	12.80000	9.30000	417275	517733	691692	3	2		256	3	93	1.30	2012-05-01	19114	\N	1	\N	alive
60359	P14	112	Fabaceae-mimosoideae	Inga	thibaudiana	ingath	\N	1133	\N	0300	901	72.80000	9.30000	12.80000	9.30000	417275	517733	691692	3	2		268	4	104	1.30	2013-04-16	19464	\N	1	\N	alive
2414005	P14	112	Fabaceae-mimosoideae	Inga	thibaudiana	ingath	\N	1133	\N	0300	901	72.80000	9.30000	12.80000	9.30000	417275	517733	691692	3	2	\N	278	5	111	1.30	2014-04-08	19821	\N	1	\N	alive
2422451	P14	112	Fabaceae-mimosoideae	Inga	thibaudiana	ingath	\N	1133	\N	0300	901	72.80000	9.30000	12.80000	9.30000	417275	517733	691692	3	2	\N	286	6	120	1.30	2015-06-24	20263	\N	1	\N	alive
2407623	P14	112	Lauraceae	Nectandra	purpurea	nectpu	\N	690	\N	0300	901	75.30000	7.50000	15.30000	7.50000	417276	517734	691693	3	1	main	204	2	43	1.30	2010-11-16	18582	R	1	\N	broken below
69492	P14	112	Lauraceae	Nectandra	purpurea	nectpu	\N	690	\N	0300	901	75.30000	7.50000	15.30000	7.50000	417276	517734	691693	3	1		256	3	44	1.30	2012-05-01	19114	\N	1	\N	alive
113890	P14	112	Arecaceae	Oenocarpus	mapora	oenoma	\N	1145	\N	0301	955	66.60000	22.20000	6.60000	2.20000	417280	517738	691694	3	\N	secondary	123	1	107	1.30	1996-11-15	13468	\N	1	\N	alive
114880	P14	112	Arecaceae	Oenocarpus	mapora	oenoma	\N	1145	\N	0301	955	68.00000	30.50000	8.00000	10.50000	417283	517741	691695	3	\N	secondary	123	1	92	1.30	1996-11-15	13468	\N	1	\N	alive
116128	P14	112	Arecaceae	Oenocarpus	mapora	oenoma	\N	1145	\N	0301	955	79.10000	33.40000	19.10000	13.40000	417289	517747	691696	3	\N	secondary	123	1	84	1.30	1996-11-15	13468	\N	1	\N	alive
116744	P14	112	Arecaceae	Oenocarpus	mapora	oenoma	\N	1145	\N	0301	955	75.60000	24.00000	15.60000	4.00000	417292	517750	691697	3	\N	secondary	123	1	107	1.30	1996-11-15	13468	\N	1	\N	alive
2409760	P14	112	Rubiaceae	Alseis	blackiana	alsebl	\N	33	\N	0302	1009	71.30000	45.60000	11.30000	5.60000	417299	517757	691698	3	2	secondary	204	2	31	1.30	2010-11-17	18583	\N	1	\N	alive
77652	P14	112	Rubiaceae	Alseis	blackiana	alsebl	\N	33	\N	0302	1009	71.30000	45.60000	11.30000	5.60000	417299	517757	691698	3	2		256	3	31	1.30	2012-05-01	19114	\N	1	\N	alive
68536	P14	112	Rubiaceae	Alseis	blackiana	alsebl	\N	33	\N	0302	1009	71.30000	45.60000	11.30000	5.60000	417299	517757	691698	3	2		268	4	31	1.30	2013-04-16	19464	\N	1	\N	alive
2414079	P14	112	Rubiaceae	Alseis	blackiana	alsebl	\N	33	\N	0302	1009	71.30000	45.60000	11.30000	5.60000	417299	517757	691698	3	2	\N	278	5	31	1.30	2014-04-09	19822	\N	1	\N	alive
118543	P14	112	Arecaceae	Oenocarpus	mapora	oenoma	\N	1145	\N	0302	1009	66.30000	55.90000	6.30000	15.90000	417307	517765	691699	3	\N	secondary	123	1	109	1.30	1996-11-15	13468	\N	1	\N	alive
2410312	P14	112	Rubiaceae	Alseis	blackiana	alsebl	\N	33	\N	0303	1063	61.30000	76.90000	1.30000	16.90000	417321	517779	691700	3	2	secondary	204	2	27	1.30	2010-11-18	18584	\N	1	\N	alive
80974	P14	112	Rubiaceae	Alseis	blackiana	alsebl	\N	33	\N	0303	1063	61.30000	76.90000	1.30000	16.90000	417321	517779	691700	3	2		256	3	27	1.30	2012-05-01	19114	\N	1	\N	alive
71196	P14	112	Rubiaceae	Alseis	blackiana	alsebl	\N	33	\N	0303	1063	61.30000	76.90000	1.30000	16.90000	417321	517779	691700	3	2		268	4	27	1.30	2013-04-16	19464	\N	1	\N	alive
2414087	P14	112	Rubiaceae	Alseis	blackiana	alsebl	\N	33	\N	0303	1063	61.30000	76.90000	1.30000	16.90000	417321	517779	691700	3	2	\N	278	5	26	1.30	2014-04-09	19822	\N	1	\N	alive
122373	P14	112	Arecaceae	Oenocarpus	mapora	oenoma	\N	1145	\N	0400	1171	84.00000	14.80000	4.00000	14.80000	417344	517802	691701	3	\N	secondary	123	1	95	1.30	1996-11-17	13470	\N	1	\N	alive
2409813	P14	112	Erythropalaceae	Heisteria	concinna	heisco	\N	469	\N	0400	1171	93.20000	17.80000	13.20000	17.80000	417347	517805	691702	3	2	secondary	204	2	122	1.30	2010-11-16	18582	\N	1	\N	alive
86173	P14	112	Erythropalaceae	Heisteria	concinna	heisco	\N	469	\N	0400	1171	93.20000	17.80000	13.20000	17.80000	417347	517805	691702	3	2		256	3	\N	0.00	2012-05-01	19114	M;S	1	\N	stem dead
76044	P14	112	Erythropalaceae	Heisteria	concinna	heisco	\N	469	\N	0400	1171	93.20000	17.80000	13.20000	17.80000	417347	517805	691702	3	2		268	4	\N	0.00	2013-04-16	19464	lost	1	\N	stem dead
2414138	P14	112	Erythropalaceae	Heisteria	concinna	heisco	\N	469	\N	0400	1171	93.20000	17.80000	13.20000	17.80000	417347	517805	691702	3	2	\N	278	5	\N	1.30	2014-04-09	19822	R	1	\N	broken below
2408580	P14	112	Euphorbiaceae	Alchornea	latifolia	alchla	\N	24	\N	0401	1225	80.20000	26.10000	0.20000	6.10000	417362	517820	691703	3	1	main	204	2	123	1.30	2010-11-17	18583	\N	1	\N	alive
88610	P14	112	Euphorbiaceae	Alchornea	latifolia	alchla	\N	24	\N	0401	1225	80.20000	26.10000	0.20000	6.10000	417362	517820	691703	3	1		256	3	128	1.30	2012-05-01	19114	\N	1	\N	alive
78009	P14	112	Euphorbiaceae	Alchornea	latifolia	alchla	\N	24	\N	0401	1225	80.20000	26.10000	0.20000	6.10000	417362	517820	691703	3	1		268	4	130	1.30	2013-04-16	19464	\N	1	\N	alive
2414147	P14	112	Euphorbiaceae	Alchornea	latifolia	alchla	\N	24	\N	0401	1225	80.20000	26.10000	0.20000	6.10000	417362	517820	691703	3	1	\N	278	5	131	1.30	2014-04-09	19822	\N	1	\N	alive
2422551	P14	112	Euphorbiaceae	Alchornea	latifolia	alchla	\N	24	\N	0401	1225	80.20000	26.10000	0.20000	6.10000	417362	517820	691703	3	1	\N	286	6	132	1.30	2015-06-24	20263	\N	1	\N	alive
125903	P14	112	Urticaceae	Cecropia	insignis	cecrin	\N	177	\N	0402	1279	89.20000	50.90000	9.20000	10.90000	417380	517839	691704	3	\N	secondary	123	1	87	1.30	1996-11-18	13471	\N	1	\N	alive
2408883	P14	112	Apocynaceae	Tabernaemontana	arborea	tab2ar	\N	990	\N	0403	1333	86.40000	67.90000	6.40000	7.90000	417387	517846	691705	3	1	main	204	2	354	1.40	2010-11-17	18583	\N	1	\N	alive
94540	P14	112	Apocynaceae	Tabernaemontana	arborea	tab2ar	\N	990	\N	0403	1333	86.40000	67.90000	6.40000	7.90000	417387	517846	691705	3	1		256	3	353	1.40	2012-05-01	19114	\N	1	\N	alive
83327	P14	112	Apocynaceae	Tabernaemontana	arborea	tab2ar	\N	990	\N	0403	1333	86.40000	67.90000	6.40000	7.90000	417387	517846	691705	3	1		268	4	355	1.40	2013-04-16	19464	L	1	\N	alive
2414194	P14	112	Apocynaceae	Tabernaemontana	arborea	tab2ar	\N	990	\N	0403	1333	86.40000	67.90000	6.40000	7.90000	417387	517846	691705	3	1	\N	278	5	353	1.30	2014-04-09	19822	L	1	\N	alive
2422587	P14	112	Apocynaceae	Tabernaemontana	arborea	tab2ar	\N	990	\N	0403	1333	86.40000	67.90000	6.40000	7.90000	417387	517846	691705	3	1	\N	286	6	353	1.30	2015-06-24	20263	L	1	\N	alive
2398035	P14	112	Arecaceae	Oenocarpus	mapora	oenoma	\N	1145	\N	0000	19	5.39000	14.53000	5.39000	14.53000	482180	848584	694968	3	3	secondary	204	2	105	1.30	2010-11-15	18581	\N	1	\N	alive
4400	P14	112	Arecaceae	Oenocarpus	mapora	oenoma	\N	1145	\N	0000	19	5.39000	14.53000	5.39000	14.53000	482180	848584	694968	3	3		256	3	107	1.30	2012-05-01	19114	\N	1	\N	alive
3446	P14	112	Arecaceae	Oenocarpus	mapora	oenoma	\N	1145	\N	0000	19	5.39000	14.53000	5.39000	14.53000	482180	848584	694968	3	3		268	4	108	1.30	2013-04-15	19463	\N	1	\N	alive
2413562	P14	112	Arecaceae	Oenocarpus	mapora	oenoma	\N	1145	\N	0000	19	5.39000	14.53000	5.39000	14.53000	482180	848584	694968	3	3	\N	278	5	108	1.30	2014-04-09	19822	\N	1	\N	alive
2422207	P14	112	Arecaceae	Oenocarpus	mapora	oenoma	\N	1145	\N	0000	19	5.39000	14.53000	5.39000	14.53000	482180	848584	694968	3	3	\N	286	6	108	1.30	2015-06-24	20263	\N	1	\N	alive
2398148	P14	112	Arecaceae	Oenocarpus	mapora	oenoma	\N	1145	\N	0002	145	7.85000	55.45000	7.85000	15.45000	482270	838577	694974	3	3	secondary	204	2	103	1.30	2010-11-15	18581	\N	1	\N	alive
14887	P14	112	Arecaceae	Oenocarpus	mapora	oenoma	\N	1145	\N	0002	145	7.85000	55.45000	7.85000	15.45000	482270	838577	694974	3	3		256	3	103	1.30	2012-05-01	19114	\N	1	\N	alive
11311	P14	112	Arecaceae	Oenocarpus	mapora	oenoma	\N	1145	\N	0002	145	7.85000	55.45000	7.85000	15.45000	482270	838577	694974	3	3		268	4	103	1.30	2013-04-15	19463	\N	1	\N	alive
2413606	P14	112	Arecaceae	Oenocarpus	mapora	oenoma	\N	1145	\N	0002	145	7.85000	55.45000	7.85000	15.45000	482270	838577	694974	3	3	\N	278	5	103	1.30	2014-04-09	19822	\N	1	\N	alive
2422242	P14	112	Arecaceae	Oenocarpus	mapora	oenoma	\N	1145	\N	0002	145	7.85000	55.45000	7.85000	15.45000	482270	838577	694974	3	3	\N	286	6	104	1.30	2015-06-24	20263	\N	1	\N	alive
99676	P14	112	Euphorbiaceae	Alchornea	latifolia	alchla	\N	24	\N	0002	145	15.45000	51.09000	15.45000	11.09000	482273	838580	694975	3	3		256	3	12	1.30	2012-05-01	19114	\N	1	\N	alive
12277	P14	112	Euphorbiaceae	Alchornea	latifolia	alchla	\N	24	\N	0002	145	15.45000	51.09000	15.45000	11.09000	482273	838580	694975	3	3		268	4	13	1.30	2013-04-15	19463	\N	1	\N	alive
2413637	P14	112	Euphorbiaceae	Alchornea	latifolia	alchla	\N	24	\N	0002	145	15.45000	51.09000	15.45000	11.09000	482273	838580	694975	3	3	\N	278	5	\N	\N	2014-04-09	19822	R	1	\N	broken below
2398189	P14	112	Arecaceae	Oenocarpus	mapora	oenoma	\N	1145	\N	0003	208	10.24000	69.64000	10.24000	9.64000	482297	838583	694978	3	4	secondary	204	2	94	1.30	2010-11-16	18582	\N	1	\N	alive
19717	P14	112	Arecaceae	Oenocarpus	mapora	oenoma	\N	1145	\N	0003	208	10.24000	69.64000	10.24000	9.64000	482297	838583	694978	3	4		256	3	95	1.30	2012-05-01	19114	\N	1	\N	alive
15865	P14	112	Arecaceae	Oenocarpus	mapora	oenoma	\N	1145	\N	0003	208	10.24000	69.64000	10.24000	9.64000	482297	838583	694978	3	4		268	4	98	1.30	2013-04-15	19463	\N	1	\N	alive
2413666	P14	112	Arecaceae	Oenocarpus	mapora	oenoma	\N	1145	\N	0003	208	10.24000	69.64000	10.24000	9.64000	482297	838583	694978	3	4	\N	278	5	99	1.30	2014-04-09	19822	\N	1	\N	alive
2398246	P14	112	Arecaceae	Oenocarpus	mapora	oenoma	\N	1145	\N	0004	271	4.57000	82.40000	4.57000	2.40000	482348	838586	694985	3	3	secondary	204	2	95	1.30	2010-11-16	18582	\N	1	\N	alive
26982	P14	112	Arecaceae	Oenocarpus	mapora	oenoma	\N	1145	\N	0004	271	4.57000	82.40000	4.57000	2.40000	482348	838586	694985	3	3		256	3	97	1.30	2012-05-01	19114	\N	1	\N	alive
20969	P14	112	Arecaceae	Oenocarpus	mapora	oenoma	\N	1145	\N	0004	271	4.57000	82.40000	4.57000	2.40000	482348	838586	694985	3	3		268	4	97	1.30	2013-04-15	19463	\N	1	\N	alive
2413694	P14	112	Arecaceae	Oenocarpus	mapora	oenoma	\N	1145	\N	0004	271	4.57000	82.40000	4.57000	2.40000	482348	838586	694985	3	3	\N	278	5	97	1.30	2014-04-09	19822	\N	1	\N	alive
2398328	P14	112	Arecaceae	Oenocarpus	mapora	oenoma	\N	1145	\N	0100	334	23.84000	5.14000	3.84000	5.14000	482384	826386	694987	3	3	secondary	204	2	96	1.30	2010-11-15	18581	\N	1	\N	alive
32533	P14	112	Arecaceae	Oenocarpus	mapora	oenoma	\N	1145	\N	0100	334	23.84000	5.14000	3.84000	5.14000	482384	826386	694987	3	3		256	3	96	1.30	2012-05-01	19114	\N	1	\N	alive
26446	P14	112	Arecaceae	Oenocarpus	mapora	oenoma	\N	1145	\N	0100	334	23.84000	5.14000	3.84000	5.14000	482384	826386	694987	3	3		268	4	\N	0.00	2013-04-15	19463	lost	1	\N	stem dead
2413725	P14	112	Arecaceae	Oenocarpus	mapora	oenoma	\N	1145	\N	0100	334	23.84000	5.14000	3.84000	5.14000	482384	826386	694987	3	3	\N	278	5	\N	1.30	2014-04-08	19821	R	1	\N	broken below
2398544	P14	112	Rubiaceae	Palicourea	guianensis	paligu	\N	738	\N	0101	397	37.51000	29.61000	17.51000	9.61000	482757	848520	694997	3	3	secondary	204	2	11	1.30	2010-11-11	18577	\N	1	\N	alive
2399397	P14	112	Arecaceae	Oenocarpus	mapora	oenoma	\N	1145	\N	0103	523	26.99000	69.56000	6.99000	9.56000	483285	826388	695015	3	3	secondary	204	2	103	1.30	2010-11-16	18582	\N	1	\N	alive
47374	P14	112	Arecaceae	Oenocarpus	mapora	oenoma	\N	1145	\N	0103	523	26.99000	69.56000	6.99000	9.56000	483285	826388	695015	3	3		256	3	104	1.30	2012-05-01	19114	\N	1	\N	alive
41634	P14	112	Arecaceae	Oenocarpus	mapora	oenoma	\N	1145	\N	0103	523	26.99000	69.56000	6.99000	9.56000	483285	826388	695015	3	3		268	4	103	1.30	2013-04-15	19463	\N	1	\N	alive
2413834	P14	112	Arecaceae	Oenocarpus	mapora	oenoma	\N	1145	\N	0103	523	26.99000	69.56000	6.99000	9.56000	483285	826388	695015	3	3	\N	278	5	104	1.30	2014-04-08	19821	\N	1	\N	alive
2422333	P14	112	Arecaceae	Oenocarpus	mapora	oenoma	\N	1145	\N	0103	523	26.99000	69.56000	6.99000	9.56000	483285	826388	695015	3	3	\N	286	6	104	1.30	2015-06-24	20263	\N	1	\N	alive
2400534	P14	112	Sapindaceae	Cupania	seemannii	cupasy	\N	1120	\N	0301	955	63.58000	33.43000	3.58000	13.43000	484213	827334	695049	3	3	secondary	204	2	56	1.30	2010-11-16	18582	\N	1	\N	alive
76266	P14	112	Sapindaceae	Cupania	seemannii	cupasy	\N	1120	\N	0301	955	63.58000	33.43000	3.58000	13.43000	484213	827334	695049	3	3		256	3	61	1.30	2012-05-01	19114	\N	1	\N	alive
66964	P14	112	Sapindaceae	Cupania	seemannii	cupasy	\N	1120	\N	0301	955	63.58000	33.43000	3.58000	13.43000	484213	827334	695049	3	3		268	4	66	1.30	2013-04-16	19464	\N	1	\N	alive
2414014	P14	112	Sapindaceae	Cupania	seemannii	cupasy	\N	1120	\N	0301	955	63.58000	33.43000	3.58000	13.43000	484213	827334	695049	3	3	\N	278	5	72	1.30	2014-04-08	19821	\N	1	\N	alive
2400816	P14	112	Arecaceae	Oenocarpus	mapora	oenoma	\N	1145	\N	0401	1225	97.42000	39.55000	17.42000	19.55000	484421	826494	695065	3	3	secondary	204	2	96	1.30	2010-11-17	18583	\N	1	\N	alive
91232	P14	112	Arecaceae	Oenocarpus	mapora	oenoma	\N	1145	\N	0401	1225	97.42000	39.55000	17.42000	19.55000	484421	826494	695065	3	3		256	3	98	1.30	2012-05-01	19114	\N	1	\N	alive
80305	P14	112	Arecaceae	Oenocarpus	mapora	oenoma	\N	1145	\N	0401	1225	97.42000	39.55000	17.42000	19.55000	484421	826494	695065	3	3		268	4	98	1.30	2013-04-16	19464	\N	1	\N	alive
2414167	P14	112	Arecaceae	Oenocarpus	mapora	oenoma	\N	1145	\N	0401	1225	97.42000	39.55000	17.42000	19.55000	484421	826494	695065	3	3	\N	278	5	98	1.30	2014-04-09	19822	\N	1	\N	alive
2400859	P14	112	Salicaceae	Hasseltia	floribunda	hassfl	\N	465	\N	0402	1279	99.45000	42.50000	19.45000	2.50000	484465	848598	695070	3	3	secondary	204	2	51	1.30	2010-11-16	18582	\N	1	\N	alive
93751	P14	112	Salicaceae	Hasseltia	floribunda	hassfl	\N	465	\N	0402	1279	99.45000	42.50000	19.45000	2.50000	484465	848598	695070	3	3		256	3	51	1.30	2012-05-02	19115	\N	1	\N	alive
82665	P14	112	Salicaceae	Hasseltia	floribunda	hassfl	\N	465	\N	0402	1279	99.45000	42.50000	19.45000	2.50000	484465	848598	695070	3	3		268	4	56	1.30	2013-04-16	19464	\N	1	\N	alive
2414188	P14	112	Salicaceae	Hasseltia	floribunda	hassfl	\N	465	\N	0402	1279	99.45000	42.50000	19.45000	2.50000	484465	848598	695070	3	3	\N	278	5	60	1.30	2014-04-09	19822	\N	1	\N	alive
2400922	P14	112	Myrtaceae	Eugenia	coloradoensis	eugeco	\N	358	\N	0403	1333	90.75000	72.54000	10.75000	12.54000	484507	828477	695077	3	3	secondary	204	2	26	1.30	2010-11-17	18583	\N	1	\N	alive
96219	P14	112	Myrtaceae	Eugenia	coloradoensis	eugeco	\N	358	\N	0403	1333	90.75000	72.54000	10.75000	12.54000	484507	828477	695077	3	3		256	3	26	1.30	2012-05-01	19114	\N	1	\N	alive
85089	P14	112	Myrtaceae	Eugenia	coloradoensis	eugeco	\N	358	\N	0403	1333	90.75000	72.54000	10.75000	12.54000	484507	828477	695077	3	3		268	4	27	1.30	2013-04-16	19464	\N	1	\N	alive
2414203	P14	112	Myrtaceae	Eugenia	coloradoensis	eugeco	\N	358	\N	0403	1333	90.75000	72.54000	10.75000	12.54000	484507	828477	695077	3	3	\N	278	5	26	1.30	2014-04-09	19822	\N	1	\N	alive
105247	P14	112	Arecaceae	Oenocarpus	mapora	oenoma	\N	1145	\N	0300	901	66.30000	5.40000	6.30000	5.40000	489155	119478	695232	3	3	secondary	256	3	80	1.30	2012-05-01	19114	\N	1	\N	alive
58488	P14	112	Arecaceae	Oenocarpus	mapora	oenoma	\N	1145	\N	0300	901	66.30000	5.40000	6.30000	5.40000	489155	119478	695232	3	3		268	4	80	1.30	2013-04-16	19464	\N	1	\N	alive
2413997	P14	112	Arecaceae	Oenocarpus	mapora	oenoma	\N	1145	\N	0300	901	66.30000	5.40000	6.30000	5.40000	489155	119478	695232	3	3	\N	278	5	80	1.30	2014-04-08	19821	\N	1	\N	alive
2407269	P14	112	Rubiaceae	Pentagonia	macrophylla	pentma	\N	750	\N	0203	793	41.30000	60.10000	1.30000	0.10000	416616	507336	752436	4		secondary	204	2	32	1.30	2010-11-15	18581	\N	1	\N	alive
2409119	P14	112	Salicaceae	Laetia	thamnia	laetth	\N	553	\N	0000	19	0.90000	13.10000	0.90000	13.10000	416628	515707	752437	4	3	secondary	204	2	24	1.30	2010-11-15	18581	\N	1	\N	alive
1226	P14	112	Salicaceae	Laetia	thamnia	laetth	\N	553	\N	0000	19	0.90000	13.10000	0.90000	13.10000	416628	515707	752437	4	3		256	3	\N	0.00	2012-05-01	19114	D;S	1	\N	dead
687	P14	112	Salicaceae	Laetia	thamnia	laetth	\N	553	\N	0000	19	0.90000	13.10000	0.90000	13.10000	416628	515707	752437	4	3		268	4	\N	0.00	2013-04-15	19463	D;N	1	\N	dead
3617	P14	112	Arecaceae	Oenocarpus	mapora	oenoma	\N	1145	\N	0000	19	9.60000	19.70000	9.60000	19.70000	416632	515711	752438	4	\N	secondary	123	1	95	1.30	1996-11-08	13461	\N	1	\N	alive
4583	P14	112	Arecaceae	Oenocarpus	mapora	oenoma	\N	1145	\N	0000	19	13.70000	17.70000	13.70000	17.70000	416633	515712	752439	4	\N	secondary	123	1	101	1.30	1996-11-08	13461	\N	1	\N	alive
2409140	P14	112	Polygonaceae	Coccoloba	manzinellensis	coccma	\N	237	\N	0001	82	9.50000	27.20000	9.50000	7.20000	416638	515717	752440	4	3	secondary	204	2	12	1.30	2010-11-16	18582	\N	1	\N	alive
5503	P14	112	Polygonaceae	Coccoloba	manzinellensis	coccma	\N	237	\N	0001	82	9.50000	27.20000	9.50000	7.20000	416638	515717	752440	4	3		256	3	12	1.30	2012-05-01	19114	\N	1	\N	alive
9964	P14	112	Arecaceae	Oenocarpus	mapora	oenoma	\N	1145	\N	0002	145	11.50000	53.90000	11.50000	13.90000	416662	515741	752441	4	\N	secondary	123	1	101	1.30	1996-12-11	13494	\N	1	\N	alive
11206	P14	112	Arecaceae	Oenocarpus	mapora	oenoma	\N	1145	\N	0002	145	17.50000	48.20000	17.50000	8.20000	416665	515744	752442	4	\N	secondary	123	1	97	1.30	1996-12-11	13494	\N	1	\N	alive
13276	P14	112	Arecaceae	Oenocarpus	mapora	oenoma	\N	1145	\N	0003	208	3.80000	72.70000	3.80000	12.70000	416669	515748	752443	4	\N	secondary	123	1	76	1.30	1996-12-11	13494	\N	1	\N	alive
14656	P14	112	Burseraceae	Protium	tenuifolium	protte		828	15	0003	208	9.70000	79.20000	9.70000	19.20000	416673	515752	752444	4	\N	secondary	123	1	29	1.30	1996-12-11	13494	\N	1	\N	alive
16450	P14	112	Arecaceae	Oenocarpus	mapora	oenoma	\N	1145	\N	0003	208	18.70000	66.40000	18.70000	6.40000	416683	515762	752445	4	\N	secondary	123	1	90	1.30	1996-12-11	13494	\N	1	\N	alive
2401744	P14	112	Arecaceae	Oenocarpus	mapora	oenoma	\N	1145	\N	0004	271	2.40000	82.50000	2.40000	2.50000	416684	515763	752446	4	1	main	204	2	111	1.30	2010-11-16	18582	R	1	\N	broken below
22463	P14	112	Arecaceae	Oenocarpus	mapora	oenoma	\N	1145	\N	0004	271	2.40000	82.50000	2.40000	2.50000	416684	515763	752446	4	1		256	3	111	1.30	2012-05-01	19114	\N	1	\N	alive
18211	P14	112	Arecaceae	Oenocarpus	mapora	oenoma	\N	1145	\N	0004	271	2.40000	82.50000	2.40000	2.50000	416684	515763	752446	4	1		268	4	111	1.30	2013-04-15	19463	\N	1	\N	alive
2413682	P14	112	Arecaceae	Oenocarpus	mapora	oenoma	\N	1145	\N	0004	271	2.40000	82.50000	2.40000	2.50000	416684	515763	752446	4	1	\N	278	5	111	1.30	2014-04-09	19822	\N	1	\N	alive
2422270	P14	112	Arecaceae	Oenocarpus	mapora	oenoma	\N	1145	\N	0004	271	2.40000	82.50000	2.40000	2.50000	416684	515763	752446	4	1	\N	286	6	\N	1.30	2015-06-24	20263	R	1	\N	broken below
17968	P14	112	Arecaceae	Oenocarpus	mapora	oenoma	\N	1145	\N	0004	271	5.30000	90.60000	5.30000	10.60000	416685	515764	752447	4	\N	secondary	123	1	90	1.30	1996-12-13	13496	\N	1	\N	alive
2409197	P14	112	Arecaceae	Oenocarpus	mapora	oenoma	\N	1145	\N	0004	271	10.50000	93.60000	10.50000	13.60000	416687	515766	752448	4	3	secondary	204	2	99	1.30	2010-11-16	18582	\N	1	\N	alive
24518	P14	112	Arecaceae	Oenocarpus	mapora	oenoma	\N	1145	\N	0004	271	10.50000	93.60000	10.50000	13.60000	416687	515766	752448	4	3		256	3	99	1.30	2012-05-01	19114	\N	1	\N	alive
19039	P14	112	Arecaceae	Oenocarpus	mapora	oenoma	\N	1145	\N	0004	271	10.50000	93.60000	10.50000	13.60000	416687	515766	752448	4	3		268	4	99	1.30	2013-04-15	19463	\N	1	\N	alive
2413705	P14	112	Arecaceae	Oenocarpus	mapora	oenoma	\N	1145	\N	0004	271	10.50000	93.60000	10.50000	13.60000	416687	515766	752448	4	3	\N	278	5	99	1.30	2014-04-09	19822	\N	1	\N	alive
2410281	P14	112	Rubiaceae	Alseis	blackiana	alsebl	\N	33	\N	0004	271	19.80000	96.70000	19.80000	16.70000	416690	515769	752449	4	3	secondary	204	2	25	1.30	2010-11-18	18584	\N	1	\N	alive
25612	P14	112	Rubiaceae	Alseis	blackiana	alsebl	\N	33	\N	0004	271	19.80000	96.70000	19.80000	16.70000	416690	515769	752449	4	3		256	3	27	1.30	2012-05-01	19114	\N	1	\N	alive
19867	P14	112	Rubiaceae	Alseis	blackiana	alsebl	\N	33	\N	0004	271	19.80000	96.70000	19.80000	16.70000	416690	515769	752449	4	3		268	4	27	1.30	2013-04-15	19463	\N	1	\N	alive
2413713	P14	112	Rubiaceae	Alseis	blackiana	alsebl	\N	33	\N	0004	271	19.80000	96.70000	19.80000	16.70000	416690	515769	752449	4	3	\N	278	5	\N	1.30	2014-04-09	19822	R	1	\N	broken below
22782	P14	112	Arecaceae	Oenocarpus	mapora	oenoma	\N	1145	\N	0100	334	34.90000	0.20000	14.90000	0.20000	416710	515789	752450	4	\N	secondary	123	1	98	1.30	1996-11-13	13466	\N	1	\N	alive
100246	P14	112	Lauraceae	Cinnamomum	triplinerve	phoeci	\N	208	\N	0103	523	23.40000	68.10000	3.40000	8.10000	416714	515793	752451	4	2		256	3	23	1.30	2012-05-01	19114	\N	1	\N	alive
26068	P14	112	Arecaceae	Oenocarpus	mapora	oenoma	\N	1145	\N	0103	523	38.90000	61.10000	18.90000	1.10000	416719	515798	752452	4	\N	secondary	123	1	56	1.30	1996-11-13	13466	\N	1	\N	alive
27301	P14	112	Arecaceae	Oenocarpus	mapora	oenoma	\N	1145	\N	0103	523	39.00000	71.50000	19.00000	11.50000	416724	515803	752453	4	\N	secondary	123	1	107	1.30	1996-11-13	13466	\N	1	\N	alive
2404550	P14	112	Burseraceae	Protium	tenuifolium	protte		828	15	0103	523	30.75000	79.89000	10.75000	19.89000	416726	515805	752454	4	2	secondary	204	2	74	1.30	2010-11-16	18582	\N	1	\N	alive
46866	P14	112	Burseraceae	Protium	tenuifolium	protte		828	15	0103	523	30.75000	79.89000	10.75000	19.89000	416726	515805	752454	4	2		256	3	77	1.30	2012-05-01	19114	\N	1	\N	alive
41115	P14	112	Burseraceae	Protium	tenuifolium	protte		828	15	0103	523	30.75000	79.89000	10.75000	19.89000	416726	515805	752454	4	2		268	4	80	1.30	2013-04-15	19463	\N	1	\N	alive
2413848	P14	112	Burseraceae	Protium	tenuifolium	protte		828	15	0103	523	30.75000	79.89000	10.75000	19.89000	416726	515805	752454	4	2	\N	278	5	82	1.30	2014-04-08	19821	\N	1	\N	alive
30687	P14	112	Arecaceae	Oenocarpus	mapora	oenoma	\N	1145	\N	0200	631	40.90000	0.60000	0.90000	0.60000	416739	515819	752455	4	\N	secondary	123	1	89	1.30	1996-11-13	13466	\N	1	\N	alive
32712	P14	112	Arecaceae	Oenocarpus	mapora	oenoma	\N	1145	\N	0200	631	44.60000	17.10000	4.60000	17.10000	416744	515824	752456	4	\N	secondary	123	1	90	1.30	1996-11-13	13466	\N	1	\N	alive
2404865	P14	112	Arecaceae	Oenocarpus	mapora	oenoma	\N	1145	\N	0200	631	55.80000	2.40000	15.80000	2.40000	416756	515836	752457	4	1	main	204	2	119	1.30	2010-11-15	18581	\N	1	\N	alive
55340	P14	112	Arecaceae	Oenocarpus	mapora	oenoma	\N	1145	\N	0200	631	55.80000	2.40000	15.80000	2.40000	416756	515836	752457	4	1		256	3	119	1.30	2012-05-01	19114	\N	1	\N	alive
48275	P14	112	Arecaceae	Oenocarpus	mapora	oenoma	\N	1145	\N	0200	631	55.80000	2.40000	15.80000	2.40000	416756	515836	752457	4	1		268	4	119	1.30	2013-04-15	19463	\N	1	\N	alive
2413908	P14	112	Arecaceae	Oenocarpus	mapora	oenoma	\N	1145	\N	0200	631	55.80000	2.40000	15.80000	2.40000	416756	515836	752457	4	1	\N	278	5	119	1.30	2014-04-09	19822	\N	1	\N	alive
2422375	P14	112	Arecaceae	Oenocarpus	mapora	oenoma	\N	1145	\N	0200	631	55.80000	2.40000	15.80000	2.40000	416756	515836	752457	4	1	\N	286	6	119	1.30	2015-06-25	20264	\N	1	\N	alive
2402763	P14	112	Moraceae	Sorocea	affinis	soroaf	\N	958	\N	0101	397	20.50000	32.80000	0.50000	12.80000	416782	515878	752458	4	2	secondary	204	2	36	1.30	2010-11-11	18577	\N	1	\N	alive
2402766	P14	112	Rubiaceae	Coussarea	curvigemmia	cou2cu	\N	280	\N	0101	397	20.50000	34.00000	0.50000	14.00000	416785	515881	752459	4	1	main	204	2	24	1.30	2010-11-11	18577	L	1	\N	alive
2402799	P14	112	Arecaceae	Oenocarpus	mapora	oenoma	\N	1145	\N	0101	397	27.30000	34.30000	7.30000	14.30000	416816	515914	752460	4	1	main	204	2	99	1.30	2010-11-11	18577	R	1	\N	broken below
34280	P14	112	Arecaceae	Oenocarpus	mapora	oenoma	\N	1145	\N	0101	397	27.30000	34.30000	7.30000	14.30000	416816	515914	752460	4	1		256	3	100	1.30	2012-05-01	19114	\N	1	\N	alive
28496	P14	112	Arecaceae	Oenocarpus	mapora	oenoma	\N	1145	\N	0101	397	27.30000	34.30000	7.30000	14.30000	416816	515914	752460	4	1		268	4	100	1.30	2013-04-15	19463	\N	1	\N	alive
2413764	P14	112	Arecaceae	Oenocarpus	mapora	oenoma	\N	1145	\N	0101	397	27.30000	34.30000	7.30000	14.30000	416816	515914	752460	4	1	\N	278	5	102	1.30	2014-04-08	19821	\N	1	\N	alive
2422301	P14	112	Arecaceae	Oenocarpus	mapora	oenoma	\N	1145	\N	0101	397	27.30000	34.30000	7.30000	14.30000	416816	515914	752460	4	1	\N	286	6	104	1.30	2015-06-24	20263	\N	1	\N	alive
45254	P14	112	Sapindaceae	Cupania	seemannii	cupasy	\N	1120	\N	0101	397	29.70000	28.40000	9.70000	8.40000	416822	516422	752461	4	\N	secondary	123	1	58	1.30	1996-11-13	13466	\N	1	\N	alive
2402816	P14	112	Apocynaceae	Lacmellea	panamensis	lacmpa	\N	549	\N	0101	397	25.40000	24.80000	5.40000	4.80000	416827	516428	752462	4	2	secondary	204	2	79	1.30	2010-11-11	18577	\N	1	\N	alive
34814	P14	112	Apocynaceae	Lacmellea	panamensis	lacmpa	\N	549	\N	0101	397	25.40000	24.80000	5.40000	4.80000	416827	516428	752462	4	2		256	3	83	1.30	2012-05-01	19114	\N	1	\N	alive
29171	P14	112	Apocynaceae	Lacmellea	panamensis	lacmpa	\N	549	\N	0101	397	25.40000	24.80000	5.40000	4.80000	416827	516428	752462	4	2		268	4	80	1.30	2013-04-15	19463	\N	1	\N	alive
2413762	P14	112	Apocynaceae	Lacmellea	panamensis	lacmpa	\N	549	\N	0101	397	25.40000	24.80000	5.40000	4.80000	416827	516428	752462	4	2	\N	278	5	85	1.30	2014-04-08	19821	\N	1	\N	alive
2402820	P14	112	Rubiaceae	Faramea	occidentalis	faraoc	\N	379	\N	0101	397	29.10000	23.10000	9.10000	3.10000	416830	516431	752463	4	2	secondary	204	2	27	1.30	2010-11-11	18577	\N	1	\N	alive
47799	P14	112	Arecaceae	Oenocarpus	mapora	oenoma	\N	1145	\N	0101	397	29.80000	20.50000	9.80000	0.50000	416832	516433	752464	4	\N	secondary	123	1	75	1.30	1996-11-13	13466	\N	1	\N	alive
49323	P14	112	Arecaceae	Oenocarpus	mapora	oenoma	\N	1145	\N	0101	397	34.40000	20.50000	14.40000	0.50000	416838	516439	752465	4	\N	secondary	123	1	88	1.30	1996-11-13	13466	\N	1	\N	alive
2402851	P14	112	Myristicaceae	Virola	sebifera	virose	\N	1072	\N	0101	397	33.60000	31.00000	13.60000	11.00000	416857	516459	752466	4	1	main	204	2	159	1.30	2010-11-11	18577	\N	1	\N	alive
35476	P14	112	Myristicaceae	Virola	sebifera	virose	\N	1072	\N	0101	397	33.60000	31.00000	13.60000	11.00000	416857	516459	752466	4	1		256	3	163	1.30	2012-05-01	19114	\N	1	\N	alive
29846	P14	112	Myristicaceae	Virola	sebifera	virose	\N	1072	\N	0101	397	33.60000	31.00000	13.60000	11.00000	416857	516459	752466	4	1		268	4	166	1.30	2013-04-15	19463	\N	1	\N	alive
2413770	P14	112	Myristicaceae	Virola	sebifera	virose	\N	1072	\N	0101	397	33.60000	31.00000	13.60000	11.00000	416857	516459	752466	4	1	\N	278	5	171	1.30	2014-04-08	19821	\N	1	\N	alive
2422305	P14	112	Myristicaceae	Virola	sebifera	virose	\N	1072	\N	0101	397	33.60000	31.00000	13.60000	11.00000	416857	516459	752466	4	1	\N	286	6	173	1.30	2015-06-24	20263	\N	1	\N	alive
2409401	P14	112	Arecaceae	Oenocarpus	mapora	oenoma	\N	1145	\N	0102	460	21.60000	54.30000	1.60000	14.30000	416910	516553	752467	4	3	secondary	204	2	75	1.30	2010-11-10	18576	\N	1	\N	alive
36532	P14	112	Arecaceae	Oenocarpus	mapora	oenoma	\N	1145	\N	0102	460	21.60000	54.30000	1.60000	14.30000	416910	516553	752467	4	3		256	3	82	1.30	2012-05-01	19114	\N	1	\N	alive
30925	P14	112	Arecaceae	Oenocarpus	mapora	oenoma	\N	1145	\N	0102	460	21.60000	54.30000	1.60000	14.30000	416910	516553	752467	4	3		268	4	83	1.30	2013-04-15	19463	\N	1	\N	alive
2413778	P14	112	Arecaceae	Oenocarpus	mapora	oenoma	\N	1145	\N	0102	460	21.60000	54.30000	1.60000	14.30000	416910	516553	752467	4	3	\N	278	5	87	1.30	2014-04-08	19821	\N	1	\N	alive
60267	P14	112	Arecaceae	Oenocarpus	mapora	oenoma	\N	1145	\N	0102	460	21.40000	58.20000	1.40000	18.20000	416911	516554	752468	4	\N	secondary	123	1	93	1.30	1996-11-12	13465	\N	1	\N	alive
65177	P14	112	Arecaceae	Oenocarpus	mapora	oenoma	\N	1145	\N	0102	460	26.40000	45.10000	6.40000	5.10000	416929	516572	752469	4	\N	secondary	123	1	88	1.30	1996-11-12	13465	\N	1	\N	alive
66391	P14	112	Arecaceae	Oenocarpus	mapora	oenoma	\N	1145	\N	0102	460	25.20000	49.70000	5.20000	9.70000	416932	516575	752470	4	\N	secondary	123	1	73	1.30	1996-11-12	13465	\N	1	\N	alive
2404018	P14	112	Burseraceae	Tetragastris	panamensis	tet2pa	\N	1007	\N	0102	460	29.70000	43.60000	9.70000	3.60000	416941	516584	752471	4	2	secondary	204	2	18	1.30	2010-11-10	18576	\N	1	\N	alive
70020	P14	112	Arecaceae	Oenocarpus	mapora	oenoma	\N	1145	\N	0102	460	30.30000	51.90000	10.30000	11.90000	416957	516601	752472	4	\N	secondary	123	1	61	1.30	1996-11-12	13465	\N	1	\N	alive
70867	P14	112	Arecaceae	Oenocarpus	mapora	oenoma	\N	1145	\N	0102	460	34.70000	54.10000	14.70000	14.10000	416960	516604	752473	4	\N	secondary	123	1	62	1.30	1996-11-12	13465	\N	1	\N	alive
71587	P14	112	Arecaceae	Oenocarpus	mapora	oenoma	\N	1145	\N	0102	460	31.60000	55.40000	11.60000	15.40000	416962	516606	752474	4	\N	secondary	123	1	81	1.30	1996-11-12	13465	\N	1	\N	alive
2404045	P14	112	Salicaceae	Laetia	thamnia	laetth	\N	553	\N	0102	460	33.00000	56.80000	13.00000	16.80000	416967	516611	752475	4		main	204	2	50	1.30	2010-11-10	18576	\N	1	\N	alive
75139	P14	112	Sapindaceae	Cupania	seemannii	cupasy	\N	1120	\N	0102	460	37.60000	54.30000	17.60000	14.30000	416985	516632	752476	4	\N	secondary	123	1	11	1.30	1996-11-12	13465	\N	1	\N	alive
2404067	P14	112	Arecaceae	Oenocarpus	mapora	oenoma	\N	1145	\N	0102	460	37.60000	47.60000	17.60000	7.60000	416989	516636	752477	4	1	main	204	2	94	1.30	2010-11-10	18576	R	1	\N	broken below
76426	P14	112	Arecaceae	Oenocarpus	mapora	oenoma	\N	1145	\N	0102	460	35.10000	40.20000	15.10000	0.20000	416991	516638	752478	4	\N	secondary	123	1	101	1.30	1996-11-12	13465	\N	1	\N	alive
2408878	P14	112	Rubiaceae	Alseis	blackiana	alsebl	\N	33	\N	0403	1333	95.30000	60.70000	15.30000	0.70000	416999	516676	752479	4	2	secondary	204	2	40	1.30	2010-11-17	18583	\N	1	\N	alive
94048	P14	112	Rubiaceae	Alseis	blackiana	alsebl	\N	33	\N	0403	1333	95.30000	60.70000	15.30000	0.70000	416999	516676	752479	4	2		256	3	39	1.30	2012-05-01	19114	\N	1	\N	alive
82997	P14	112	Rubiaceae	Alseis	blackiana	alsebl	\N	33	\N	0403	1333	95.30000	60.70000	15.30000	0.70000	416999	516676	752479	4	2		268	4	40	1.30	2013-04-16	19464	\N	1	\N	alive
2414214	P14	112	Rubiaceae	Alseis	blackiana	alsebl	\N	33	\N	0403	1333	95.30000	60.70000	15.30000	0.70000	416999	516676	752479	4	2	\N	278	5	39	1.30	2014-04-09	19822	\N	1	\N	alive
2409018	P14	112	Rubiaceae	Coussarea	curvigemmia	cou2cu	\N	280	\N	0404	1387	88.10000	90.20000	8.10000	10.20000	417004	516681	752480	4	2	secondary	204	2	55	1.30	2010-11-17	18583	\N	1	\N	alive
97288	P14	112	Rubiaceae	Coussarea	curvigemmia	cou2cu	\N	280	\N	0404	1387	88.10000	90.20000	8.10000	10.20000	417004	516681	752480	4	2		256	3	55	1.30	2012-05-01	19114	\N	1	\N	alive
81574	P14	112	Arecaceae	Oenocarpus	mapora	oenoma	\N	1145	\N	0201	685	43.80000	24.40000	3.80000	4.40000	417018	516802	752481	4	\N	secondary	123	1	90	1.30	1996-11-15	13468	\N	1	\N	alive
82915	P14	112	Rubiaceae	Alseis	blackiana	alsebl	\N	33	\N	0201	685	43.00000	28.30000	3.00000	8.30000	417024	516808	752482	4	\N	secondary	123	1	30	1.30	1996-11-15	13468	\N	1	\N	alive
2405692	P14	112	Arecaceae	Oenocarpus	mapora	oenoma	\N	1145	\N	0201	685	46.60000	29.20000	6.60000	9.20000	417047	516831	752483	4	2	secondary	204	2	84	1.30	2010-11-11	18577	\N	1	\N	alive
86638	P14	112	Sapindaceae	Cupania	seemannii	cupasy	\N	1120	\N	0201	685	49.10000	24.60000	9.10000	4.60000	417054	516838	752484	4	\N	secondary	123	1	13	1.30	1996-11-15	13468	\N	1	\N	alive
2405700	P14	112	Arecaceae	Oenocarpus	mapora	oenoma	\N	1145	\N	0201	685	49.50000	22.00000	9.50000	2.00000	417055	516839	752485	4	1	main	204	2	104	1.30	2010-11-11	18577	\N	1	\N	alive
57101	P14	112	Arecaceae	Oenocarpus	mapora	oenoma	\N	1145	\N	0201	685	49.50000	22.00000	9.50000	2.00000	417055	516839	752485	4	1		256	3	105	1.30	2012-05-01	19114	\N	1	\N	alive
50050	P14	112	Arecaceae	Oenocarpus	mapora	oenoma	\N	1145	\N	0201	685	49.50000	22.00000	9.50000	2.00000	417055	516839	752485	4	1		268	4	104	1.30	2013-04-15	19463	\N	1	\N	alive
2413922	P14	112	Arecaceae	Oenocarpus	mapora	oenoma	\N	1145	\N	0201	685	49.50000	22.00000	9.50000	2.00000	417055	516839	752485	4	1	\N	278	5	\N	1.30	2014-04-09	19822	lost	1	\N	stem dead
2409569	P14	112	Arecaceae	Oenocarpus	mapora	oenoma	\N	1145	\N	0201	685	54.00000	27.00000	14.00000	7.00000	417067	516851	752486	4	2	NULL	204	2	63	1.30	2010-11-11	18577	\N	1	\N	alive
58101	P14	112	Arecaceae	Oenocarpus	mapora	oenoma	\N	1145	\N	0201	685	54.00000	27.00000	14.00000	7.00000	417067	516851	752486	4	2		256	3	69	1.30	2012-05-01	19114	\N	1	\N	alive
51193	P14	112	Arecaceae	Oenocarpus	mapora	oenoma	\N	1145	\N	0201	685	54.00000	27.00000	14.00000	7.00000	417067	516851	752486	4	2		268	4	71	1.30	2013-04-15	19463	\N	1	\N	alive
2413932	P14	112	Arecaceae	Oenocarpus	mapora	oenoma	\N	1145	\N	0201	685	54.00000	27.00000	14.00000	7.00000	417067	516851	752486	4	2	\N	278	5	72	1.30	2014-04-09	19822	\N	1	\N	alive
2405716	P14	112	Rubiaceae	Faramea	occidentalis	faraoc	\N	379	\N	0201	685	51.60000	30.20000	11.60000	10.20000	417068	516852	752487	4	2	secondary	204	2	28	1.30	2010-11-11	18577	\N	1	\N	alive
2405717	P14	112	Rubiaceae	Faramea	occidentalis	faraoc	\N	379	\N	0201	685	50.80000	32.40000	10.80000	12.40000	417069	516853	752488	4	1	main	204	2	52	1.30	2010-11-11	18577	\N	1	\N	alive
2405735	P14	112	Violaceae	Hybanthus	prunifolius	hybapr	\N	494	\N	0201	685	55.70000	34.80000	15.70000	14.80000	417084	516868	752489	4	2	secondary	204	2	24	1.30	2010-11-11	18577	\N	1	\N	alive
2405745	P14	112	Violaceae	Hybanthus	prunifolius	hybapr	\N	494	\N	0201	685	57.40000	29.60000	17.40000	9.60000	417094	516878	752490	4	1	main	204	2	24	1.30	2010-11-11	18577	\N	1	\N	alive
2409664	P14	112	Apocynaceae	Tabernaemontana	arborea	tab2ar	\N	990	\N	0202	739	40.30000	55.20000	0.30000	15.20000	417131	517526	752491	4	3	secondary	204	2	14	1.30	2010-11-16	18582	\N	1	\N	alive
59601	P14	112	Apocynaceae	Tabernaemontana	arborea	tab2ar	\N	990	\N	0202	739	40.30000	55.20000	0.30000	15.20000	417131	517526	752491	4	3		256	3	18	1.30	2012-05-01	19114	\N	1	\N	alive
52706	P14	112	Apocynaceae	Tabernaemontana	arborea	tab2ar	\N	990	\N	0202	739	40.30000	55.20000	0.30000	15.20000	417131	517526	752491	4	3		268	4	19	1.30	2013-04-15	19463	\N	1	\N	alive
2413946	P14	112	Apocynaceae	Tabernaemontana	arborea	tab2ar	\N	990	\N	0202	739	40.30000	55.20000	0.30000	15.20000	417131	517526	752491	4	3	\N	278	5	31	1.30	2014-04-09	19822	\N	1	\N	alive
2406783	P14	112	Violaceae	Hybanthus	prunifolius	hybapr	\N	494	\N	0202	739	46.70000	53.40000	6.70000	13.40000	417144	517539	752492	4	2	secondary	204	2	20	1.30	2010-11-16	18582	\N	1	\N	alive
2406818	P14	112	Violaceae	Hybanthus	prunifolius	hybapr	\N	494	\N	0202	739	53.60000	46.70000	13.60000	6.70000	417180	517577	752493	4	1	main	204	2	33	1.30	2010-11-16	18582	\N	1	\N	alive
2406828	P14	112	Violaceae	Hybanthus	prunifolius	hybapr	\N	494	\N	0202	739	54.20000	53.70000	14.20000	13.70000	417187	517584	752494	4	2	secondary	204	2	15	1.30	2010-11-16	18582	\N	1	\N	alive
107451	P14	112	Arecaceae	Oenocarpus	mapora	oenoma	\N	1145	\N	0203	793	47.30000	69.00000	7.30000	9.00000	417231	517689	752495	4	\N	secondary	123	1	90	1.30	1996-11-13	13466	\N	1	\N	alive
2407288	P14	112	Rubiaceae	Coussarea	curvigemmia	cou2cu	\N	280	\N	0203	793	51.80000	78.20000	11.80000	18.20000	417238	517696	752496	4		main	204	2	148	1.30	2010-11-15	18581	\N	1	\N	alive
63180	P14	112	Rubiaceae	Coussarea	curvigemmia	cou2cu	\N	280	\N	0203	793	51.80000	78.20000	11.80000	18.20000	417238	517696	752496	4			256	3	\N	0.00	2012-05-01	19114	D;S	1	\N	dead
55100	P14	112	Rubiaceae	Coussarea	curvigemmia	cou2cu	\N	280	\N	0203	793	51.80000	78.20000	11.80000	18.20000	417238	517696	752496	4			268	4	\N	0.00	2013-04-15	19463	D;N	1	\N	dead
112079	P14	112	Arecaceae	Oenocarpus	mapora	oenoma	\N	1145	\N	0300	901	70.60000	3.50000	10.60000	3.50000	417265	517723	752497	4	\N	secondary	123	1	92	1.30	1996-11-15	13468	\N	1	\N	alive
2409725	P14	112	Fabaceae-mimosoideae	Inga	thibaudiana	ingath	\N	1133	\N	0300	901	72.80000	9.30000	12.80000	9.30000	417275	517733	752498	4	3	secondary	204	2	13	1.30	2010-11-16	18582	\N	1	\N	alive
69250	P14	112	Fabaceae-mimosoideae	Inga	thibaudiana	ingath	\N	1133	\N	0300	901	72.80000	9.30000	12.80000	9.30000	417275	517733	752498	4	3		256	3	13	1.30	2012-05-01	19114	\N	1	\N	alive
60483	P14	112	Fabaceae-mimosoideae	Inga	thibaudiana	ingath	\N	1133	\N	0300	901	72.80000	9.30000	12.80000	9.30000	417275	517733	752498	4	3		268	4	\N	0.00	2013-04-16	19464	lost	1	\N	stem dead
2414006	P14	112	Fabaceae-mimosoideae	Inga	thibaudiana	ingath	\N	1133	\N	0300	901	72.80000	9.30000	12.80000	9.30000	417275	517733	752498	4	3	\N	278	5	\N	1.30	2014-04-08	19821	R	1	\N	broken below
2409727	P14	112	Lauraceae	Nectandra	purpurea	nectpu	\N	690	\N	0300	901	75.30000	7.50000	15.30000	7.50000	417276	517734	752499	4	2	secondary	204	2	11	1.30	2010-11-16	18582	\N	1	\N	alive
69613	P14	112	Lauraceae	Nectandra	purpurea	nectpu	\N	690	\N	0300	901	75.30000	7.50000	15.30000	7.50000	417276	517734	752499	4	2		256	3	18	1.30	2012-05-01	19114	\N	1	\N	alive
113980	P14	112	Arecaceae	Oenocarpus	mapora	oenoma	\N	1145	\N	0301	955	66.60000	22.20000	6.60000	2.20000	417280	517738	752500	4	\N	secondary	123	1	104	1.30	1996-11-15	13468	\N	1	\N	alive
114970	P14	112	Arecaceae	Oenocarpus	mapora	oenoma	\N	1145	\N	0301	955	68.00000	30.50000	8.00000	10.50000	417283	517741	752501	4	\N	secondary	123	1	87	1.30	1996-11-15	13468	\N	1	\N	alive
116216	P14	112	Arecaceae	Oenocarpus	mapora	oenoma	\N	1145	\N	0301	955	79.10000	33.40000	19.10000	13.40000	417289	517747	752502	4	\N	secondary	123	1	78	1.30	1996-11-15	13468	\N	1	\N	alive
116832	P14	112	Arecaceae	Oenocarpus	mapora	oenoma	\N	1145	\N	0301	955	75.60000	24.00000	15.60000	4.00000	417292	517750	752503	4	\N	secondary	123	1	107	1.30	1996-11-15	13468	\N	1	\N	alive
118627	P14	112	Arecaceae	Oenocarpus	mapora	oenoma	\N	1145	\N	0302	1009	66.30000	55.90000	6.30000	15.90000	417307	517765	752504	4	\N	secondary	123	1	92	1.30	1996-11-15	13468	\N	1	\N	alive
2410313	P14	112	Rubiaceae	Alseis	blackiana	alsebl	\N	33	\N	0303	1063	61.30000	76.90000	1.30000	16.90000	417321	517779	752505	4	3	secondary	204	2	27	1.30	2010-11-18	18584	\N	1	\N	alive
81086	P14	112	Rubiaceae	Alseis	blackiana	alsebl	\N	33	\N	0303	1063	61.30000	76.90000	1.30000	16.90000	417321	517779	752505	4	3		256	3	26	1.30	2012-05-01	19114	\N	1	\N	alive
71316	P14	112	Rubiaceae	Alseis	blackiana	alsebl	\N	33	\N	0303	1063	61.30000	76.90000	1.30000	16.90000	417321	517779	752505	4	3		268	4	27	1.30	2013-04-16	19464	\N	1	\N	alive
2414088	P14	112	Rubiaceae	Alseis	blackiana	alsebl	\N	33	\N	0303	1063	61.30000	76.90000	1.30000	16.90000	417321	517779	752505	4	3	\N	278	5	27	1.30	2014-04-09	19822	\N	1	\N	alive
122452	P14	112	Arecaceae	Oenocarpus	mapora	oenoma	\N	1145	\N	0400	1171	84.00000	14.80000	4.00000	14.80000	417344	517802	752506	4	\N	secondary	123	1	93	1.30	1996-11-17	13470	\N	1	\N	alive
2408581	P14	112	Euphorbiaceae	Alchornea	latifolia	alchla	\N	24	\N	0401	1225	80.20000	26.10000	0.20000	6.10000	417362	517820	752507	4	2	secondary	204	2	56	1.30	2010-11-17	18583	\N	1	\N	alive
88715	P14	112	Euphorbiaceae	Alchornea	latifolia	alchla	\N	24	\N	0401	1225	80.20000	26.10000	0.20000	6.10000	417362	517820	752507	4	2		256	3	\N	0.00	2012-05-01	19114	M;S	1	\N	stem dead
78124	P14	112	Euphorbiaceae	Alchornea	latifolia	alchla	\N	24	\N	0401	1225	80.20000	26.10000	0.20000	6.10000	417362	517820	752507	4	2		268	4	\N	0.00	2013-04-16	19464	lost	1	\N	stem dead
2414148	P14	112	Euphorbiaceae	Alchornea	latifolia	alchla	\N	24	\N	0401	1225	80.20000	26.10000	0.20000	6.10000	417362	517820	752507	4	2	\N	278	5	\N	1.30	2014-04-09	19822	R	1	\N	broken below
2410322	P14	112	Urticaceae	Cecropia	insignis	cecrin	\N	177	\N	0402	1279	89.20000	50.90000	9.20000	10.90000	417380	517839	752508	4	1	main	204	2	265	3.00	2010-11-18	18584	B;cylY	1	\N	alive
92150	P14	112	Urticaceae	Cecropia	insignis	cecrin	\N	177	\N	0402	1279	89.20000	50.90000	9.20000	10.90000	417380	517839	752508	4	1		256	3	275	3.00	2012-05-02	19115	B;cylY	1	\N	alive
81210	P14	112	Urticaceae	Cecropia	insignis	cecrin	\N	177	\N	0402	1279	89.20000	50.90000	9.20000	10.90000	417380	517839	752508	4	1		268	4	283	3.00	2013-04-12	19460	B;cylN	1	\N	alive
2414179	P14	112	Urticaceae	Cecropia	insignis	cecrin	\N	177	\N	0402	1279	89.20000	50.90000	9.20000	10.90000	417380	517839	752508	4	1	\N	278	5	298	3.00	2014-04-09	19822	B;cylN	1	\N	alive
2422573	P14	112	Urticaceae	Cecropia	insignis	cecrin	\N	177	\N	0402	1279	89.20000	50.90000	9.20000	10.90000	417380	517839	752508	4	1	\N	286	6	297	3.00	2015-09-14	20345	B	1	\N	alive
2408884	P14	112	Apocynaceae	Tabernaemontana	arborea	tab2ar	\N	990	\N	0403	1333	86.40000	67.90000	6.40000	7.90000	417387	517846	752509	4	2	secondary	204	2	193	1.30	2010-11-17	18583	\N	1	\N	alive
94638	P14	112	Apocynaceae	Tabernaemontana	arborea	tab2ar	\N	990	\N	0403	1333	86.40000	67.90000	6.40000	7.90000	417387	517846	752509	4	2		256	3	193	1.30	2012-05-01	19114	\N	1	\N	alive
83437	P14	112	Apocynaceae	Tabernaemontana	arborea	tab2ar	\N	990	\N	0403	1333	86.40000	67.90000	6.40000	7.90000	417387	517846	752509	4	2		268	4	193	1.30	2013-04-16	19464	L	1	\N	alive
2414195	P14	112	Apocynaceae	Tabernaemontana	arborea	tab2ar	\N	990	\N	0403	1333	86.40000	67.90000	6.40000	7.90000	417387	517846	752509	4	2	\N	278	5	193	1.30	2014-04-09	19822	L	1	\N	alive
2422588	P14	112	Apocynaceae	Tabernaemontana	arborea	tab2ar	\N	990	\N	0403	1333	86.40000	67.90000	6.40000	7.90000	417387	517846	752509	4	2	\N	286	6	193	1.30	2015-06-24	20263	L	1	\N	alive
2398036	P14	112	Arecaceae	Oenocarpus	mapora	oenoma	\N	1145	\N	0000	19	5.39000	14.53000	5.39000	14.53000	482180	848584	754738	4	4	secondary	204	2	82	1.30	2010-11-15	18581	\N	1	\N	alive
4538	P14	112	Arecaceae	Oenocarpus	mapora	oenoma	\N	1145	\N	0000	19	5.39000	14.53000	5.39000	14.53000	482180	848584	754738	4	4		256	3	82	1.30	2012-05-01	19114	\N	1	\N	alive
3584	P14	112	Arecaceae	Oenocarpus	mapora	oenoma	\N	1145	\N	0000	19	5.39000	14.53000	5.39000	14.53000	482180	848584	754738	4	4		268	4	82	1.30	2013-04-15	19463	\N	1	\N	alive
2413563	P14	112	Arecaceae	Oenocarpus	mapora	oenoma	\N	1145	\N	0000	19	5.39000	14.53000	5.39000	14.53000	482180	848584	754738	4	4	\N	278	5	82	1.30	2014-04-09	19822	\N	1	\N	alive
2398149	P14	112	Arecaceae	Oenocarpus	mapora	oenoma	\N	1145	\N	0002	145	7.85000	55.45000	7.85000	15.45000	482270	838577	754741	4	4	secondary	204	2	98	1.30	2010-11-15	18581	\N	1	\N	alive
15025	P14	112	Arecaceae	Oenocarpus	mapora	oenoma	\N	1145	\N	0002	145	7.85000	55.45000	7.85000	15.45000	482270	838577	754741	4	4		256	3	102	1.30	2012-05-01	19114	\N	1	\N	alive
11449	P14	112	Arecaceae	Oenocarpus	mapora	oenoma	\N	1145	\N	0002	145	7.85000	55.45000	7.85000	15.45000	482270	838577	754741	4	4		268	4	102	1.30	2013-04-15	19463	\N	1	\N	alive
2413607	P14	112	Arecaceae	Oenocarpus	mapora	oenoma	\N	1145	\N	0002	145	7.85000	55.45000	7.85000	15.45000	482270	838577	754741	4	4	\N	278	5	101	1.30	2014-04-09	19822	\N	1	\N	alive
2422243	P14	112	Arecaceae	Oenocarpus	mapora	oenoma	\N	1145	\N	0002	145	7.85000	55.45000	7.85000	15.45000	482270	838577	754741	4	4	\N	286	6	102	1.30	2015-06-24	20263	\N	1	\N	alive
88830	P14	112	Euphorbiaceae	Alchornea	latifolia	alchla	\N	24	\N	0002	145	15.45000	51.09000	15.45000	11.09000	482273	838580	754742	4	4		268	4	12	1.30	2013-04-15	19463	\N	1	\N	alive
2413638	P14	112	Euphorbiaceae	Alchornea	latifolia	alchla	\N	24	\N	0002	145	15.45000	51.09000	15.45000	11.09000	482273	838580	754742	4	4	\N	278	5	22	1.30	2014-04-09	19822	\N	1	\N	alive
2398197	P14	112	Arecaceae	Oenocarpus	mapora	oenoma	\N	1145	\N	0003	208	10.24000	69.64000	10.24000	9.64000	482297	838583	754744	4	3	secondary	204	2	94	1.30	2010-11-16	18582	\N	1	\N	alive
19855	P14	112	Arecaceae	Oenocarpus	mapora	oenoma	\N	1145	\N	0003	208	10.24000	69.64000	10.24000	9.64000	482297	838583	754744	4	3		256	3	94	1.30	2012-05-01	19114	\N	1	\N	alive
16003	P14	112	Arecaceae	Oenocarpus	mapora	oenoma	\N	1145	\N	0003	208	10.24000	69.64000	10.24000	9.64000	482297	838583	754744	4	3		268	4	\N	0.00	2013-04-15	19463	lost	1	\N	stem dead
2413665	P14	112	Arecaceae	Oenocarpus	mapora	oenoma	\N	1145	\N	0003	208	10.24000	69.64000	10.24000	9.64000	482297	838583	754744	4	3	\N	278	5	\N	1.30	2014-04-09	19822	R	1	\N	broken below
2398243	P14	112	Arecaceae	Oenocarpus	mapora	oenoma	\N	1145	\N	0004	271	4.57000	82.40000	4.57000	2.40000	482348	838586	754748	4	4	secondary	204	2	93	1.30	2010-11-16	18582	\N	1	\N	alive
27119	P14	112	Arecaceae	Oenocarpus	mapora	oenoma	\N	1145	\N	0004	271	4.57000	82.40000	4.57000	2.40000	482348	838586	754748	4	4		256	3	92	1.30	2012-05-01	19114	\N	1	\N	alive
21106	P14	112	Arecaceae	Oenocarpus	mapora	oenoma	\N	1145	\N	0004	271	4.57000	82.40000	4.57000	2.40000	482348	838586	754748	4	4		268	4	92	1.30	2013-04-15	19463	\N	1	\N	alive
2413695	P14	112	Arecaceae	Oenocarpus	mapora	oenoma	\N	1145	\N	0004	271	4.57000	82.40000	4.57000	2.40000	482348	838586	754748	4	4	\N	278	5	97	1.30	2014-04-09	19822	\N	1	\N	alive
2398329	P14	112	Arecaceae	Oenocarpus	mapora	oenoma	\N	1145	\N	0100	334	23.84000	5.14000	3.84000	5.14000	482384	826386	754750	4	4	secondary	204	2	96	1.30	2010-11-15	18581	\N	1	\N	alive
32668	P14	112	Arecaceae	Oenocarpus	mapora	oenoma	\N	1145	\N	0100	334	23.84000	5.14000	3.84000	5.14000	482384	826386	754750	4	4		256	3	98	1.30	2012-05-01	19114	\N	1	\N	alive
26309	P14	112	Arecaceae	Oenocarpus	mapora	oenoma	\N	1145	\N	0100	334	23.84000	5.14000	3.84000	5.14000	482384	826386	754750	4	4		268	4	98	1.30	2013-04-15	19463	\N	1	\N	alive
2413726	P14	112	Arecaceae	Oenocarpus	mapora	oenoma	\N	1145	\N	0100	334	23.84000	5.14000	3.84000	5.14000	482384	826386	754750	4	4	\N	278	5	98	1.30	2014-04-08	19821	\N	1	\N	alive
2399398	P14	112	Arecaceae	Oenocarpus	mapora	oenoma	\N	1145	\N	0103	523	26.99000	69.56000	6.99000	9.56000	483285	826388	754760	4	4	secondary	204	2	97	1.30	2010-11-16	18582	\N	1	\N	alive
47501	P14	112	Arecaceae	Oenocarpus	mapora	oenoma	\N	1145	\N	0103	523	26.99000	69.56000	6.99000	9.56000	483285	826388	754760	4	4		256	3	98	1.30	2012-05-01	19114	\N	1	\N	alive
41763	P14	112	Arecaceae	Oenocarpus	mapora	oenoma	\N	1145	\N	0103	523	26.99000	69.56000	6.99000	9.56000	483285	826388	754760	4	4		268	4	102	1.30	2013-04-15	19463	\N	1	\N	alive
2413835	P14	112	Arecaceae	Oenocarpus	mapora	oenoma	\N	1145	\N	0103	523	26.99000	69.56000	6.99000	9.56000	483285	826388	754760	4	4	\N	278	5	102	1.30	2014-04-08	19821	\N	1	\N	alive
2422334	P14	112	Arecaceae	Oenocarpus	mapora	oenoma	\N	1145	\N	0103	523	26.99000	69.56000	6.99000	9.56000	483285	826388	754760	4	4	\N	286	6	102	1.30	2015-06-24	20263	\N	1	\N	alive
2400535	P14	112	Sapindaceae	Cupania	seemannii	cupasy	\N	1120	\N	0301	955	63.58000	33.43000	3.58000	13.43000	484213	827334	754779	4	4	secondary	204	2	49	1.30	2010-11-16	18582	\N	1	\N	alive
76383	P14	112	Sapindaceae	Cupania	seemannii	cupasy	\N	1120	\N	0301	955	63.58000	33.43000	3.58000	13.43000	484213	827334	754779	4	4		256	3	49	1.30	2012-05-01	19114	\N	1	\N	alive
67085	P14	112	Sapindaceae	Cupania	seemannii	cupasy	\N	1120	\N	0301	955	63.58000	33.43000	3.58000	13.43000	484213	827334	754779	4	4		268	4	50	1.30	2013-04-16	19464	\N	1	\N	alive
2414015	P14	112	Sapindaceae	Cupania	seemannii	cupasy	\N	1120	\N	0301	955	63.58000	33.43000	3.58000	13.43000	484213	827334	754779	4	4	\N	278	5	51	1.30	2014-04-08	19821	\N	1	\N	alive
2400817	P14	112	Arecaceae	Oenocarpus	mapora	oenoma	\N	1145	\N	0401	1225	97.42000	39.55000	17.42000	19.55000	484421	826494	754786	4	4	secondary	204	2	91	1.30	2010-11-17	18583	\N	1	\N	alive
91334	P14	112	Arecaceae	Oenocarpus	mapora	oenoma	\N	1145	\N	0401	1225	97.42000	39.55000	17.42000	19.55000	484421	826494	754786	4	4		256	3	92	1.30	2012-05-01	19114	\N	1	\N	alive
80419	P14	112	Arecaceae	Oenocarpus	mapora	oenoma	\N	1145	\N	0401	1225	97.42000	39.55000	17.42000	19.55000	484421	826494	754786	4	4		268	4	93	1.30	2013-04-16	19464	\N	1	\N	alive
2414168	P14	112	Arecaceae	Oenocarpus	mapora	oenoma	\N	1145	\N	0401	1225	97.42000	39.55000	17.42000	19.55000	484421	826494	754786	4	4	\N	278	5	93	1.30	2014-04-09	19822	\N	1	\N	alive
2400923	P14	112	Myrtaceae	Eugenia	coloradoensis	eugeco	\N	358	\N	0403	1333	90.75000	72.54000	10.75000	12.54000	484507	828477	754793	4	4	secondary	204	2	16	1.30	2010-11-17	18583	\N	1	\N	alive
96317	P14	112	Myrtaceae	Eugenia	coloradoensis	eugeco	\N	358	\N	0403	1333	90.75000	72.54000	10.75000	12.54000	484507	828477	754793	4	4		256	3	19	1.30	2012-05-01	19114	\N	1	\N	alive
85198	P14	112	Myrtaceae	Eugenia	coloradoensis	eugeco	\N	358	\N	0403	1333	90.75000	72.54000	10.75000	12.54000	484507	828477	754793	4	4		268	4	20	1.30	2013-04-16	19464	\N	1	\N	alive
2414204	P14	112	Myrtaceae	Eugenia	coloradoensis	eugeco	\N	358	\N	0403	1333	90.75000	72.54000	10.75000	12.54000	484507	828477	754793	4	4	\N	278	5	20	1.30	2014-04-09	19822	\N	1	\N	alive
105342	P14	112	Arecaceae	Oenocarpus	mapora	oenoma	\N	1145	\N	0300	901	66.30000	5.40000	6.30000	5.40000	489155	119478	754853	4	4	secondary	256	3	69	1.30	2012-05-01	19114	\N	1	\N	alive
58613	P14	112	Arecaceae	Oenocarpus	mapora	oenoma	\N	1145	\N	0300	901	66.30000	5.40000	6.30000	5.40000	489155	119478	754853	4	4		268	4	69	1.30	2013-04-16	19464	\N	1	\N	alive
2413998	P14	112	Arecaceae	Oenocarpus	mapora	oenoma	\N	1145	\N	0300	901	66.30000	5.40000	6.30000	5.40000	489155	119478	754853	4	4	\N	278	5	69	1.30	2014-04-08	19821	\N	1	\N	alive
2409120	P14	112	Salicaceae	Laetia	thamnia	laetth	\N	553	\N	0000	19	0.90000	13.10000	0.90000	13.10000	416628	515707	800424	5	4	secondary	204	2	13	1.30	2010-11-15	18581	\N	1	\N	alive
1364	P14	112	Salicaceae	Laetia	thamnia	laetth	\N	553	\N	0000	19	0.90000	13.10000	0.90000	13.10000	416628	515707	800424	5	4		256	3	\N	0.00	2012-05-01	19114	D;S	1	\N	dead
824	P14	112	Salicaceae	Laetia	thamnia	laetth	\N	553	\N	0000	19	0.90000	13.10000	0.90000	13.10000	416628	515707	800424	5	4		268	4	\N	0.00	2013-04-15	19463	D;N	1	\N	dead
3755	P14	112	Arecaceae	Oenocarpus	mapora	oenoma	\N	1145	\N	0000	19	9.60000	19.70000	9.60000	19.70000	416632	515711	800425	5	\N	secondary	123	1	94	1.30	1996-11-08	13461	\N	1	\N	alive
4721	P14	112	Arecaceae	Oenocarpus	mapora	oenoma	\N	1145	\N	0000	19	13.70000	17.70000	13.70000	17.70000	416633	515712	800426	5	\N	secondary	123	1	100	1.30	1996-11-08	13461	\N	1	\N	alive
10102	P14	112	Arecaceae	Oenocarpus	mapora	oenoma	\N	1145	\N	0002	145	11.50000	53.90000	11.50000	13.90000	416662	515741	800427	5	\N	secondary	123	1	86	1.30	1996-12-11	13494	\N	1	\N	alive
11344	P14	112	Arecaceae	Oenocarpus	mapora	oenoma	\N	1145	\N	0002	145	17.50000	48.20000	17.50000	8.20000	416665	515744	800428	5	\N	secondary	123	1	96	1.30	1996-12-11	13494	\N	1	\N	alive
13414	P14	112	Arecaceae	Oenocarpus	mapora	oenoma	\N	1145	\N	0003	208	3.80000	72.70000	3.80000	12.70000	416669	515748	800429	5	\N	secondary	123	1	56	1.30	1996-12-11	13494	\N	1	\N	alive
2401605	P14	112	Burseraceae	Protium	tenuifolium	protte		828	15	0003	208	9.70000	79.20000	9.70000	19.20000	416673	515752	800430	5	1	main	204	2	325	1.30	2010-11-16	18582	\N	1	\N	alive
16543	P14	112	Burseraceae	Protium	tenuifolium	protte		828	15	0003	208	9.70000	79.20000	9.70000	19.20000	416673	515752	800430	5	1		256	3	326	1.30	2012-05-01	19114	\N	1	\N	alive
13243	P14	112	Burseraceae	Protium	tenuifolium	protte		828	15	0003	208	9.70000	79.20000	9.70000	19.20000	416673	515752	800430	5	1		268	4	328	1.30	2013-04-15	19463	\N	1	\N	alive
2413647	P14	112	Burseraceae	Protium	tenuifolium	protte		828	15	0003	208	9.70000	79.20000	9.70000	19.20000	416673	515752	800430	5	1	\N	278	5	328	1.30	2014-04-09	19822	\N	1	\N	alive
2422259	P14	112	Burseraceae	Protium	tenuifolium	protte		828	15	0003	208	9.70000	79.20000	9.70000	19.20000	416673	515752	800430	5	1	\N	286	6	328	1.30	2015-06-24	20263	\N	1	\N	alive
16588	P14	112	Arecaceae	Oenocarpus	mapora	oenoma	\N	1145	\N	0003	208	18.70000	66.40000	18.70000	6.40000	416683	515762	800431	5	\N	secondary	123	1	88	1.30	1996-12-11	13494	\N	1	\N	alive
2401745	P14	112	Arecaceae	Oenocarpus	mapora	oenoma	\N	1145	\N	0004	271	2.40000	82.50000	2.40000	2.50000	416684	515763	800432	5	2	secondary	204	2	90	1.30	2010-11-16	18582	\N	1	\N	alive
22600	P14	112	Arecaceae	Oenocarpus	mapora	oenoma	\N	1145	\N	0004	271	2.40000	82.50000	2.40000	2.50000	416684	515763	800432	5	2		256	3	90	1.30	2012-05-01	19114	\N	1	\N	alive
18349	P14	112	Arecaceae	Oenocarpus	mapora	oenoma	\N	1145	\N	0004	271	2.40000	82.50000	2.40000	2.50000	416684	515763	800432	5	2		268	4	91	1.30	2013-04-15	19463	\N	1	\N	alive
2413683	P14	112	Arecaceae	Oenocarpus	mapora	oenoma	\N	1145	\N	0004	271	2.40000	82.50000	2.40000	2.50000	416684	515763	800432	5	2	\N	278	5	90	1.30	2014-04-09	19822	\N	1	\N	alive
18106	P14	112	Arecaceae	Oenocarpus	mapora	oenoma	\N	1145	\N	0004	271	5.30000	90.60000	5.30000	10.60000	416685	515764	800433	5	\N	secondary	123	1	88	1.30	1996-12-13	13496	\N	1	\N	alive
2409198	P14	112	Arecaceae	Oenocarpus	mapora	oenoma	\N	1145	\N	0004	271	10.50000	93.60000	10.50000	13.60000	416687	515766	800434	5	4	secondary	204	2	94	1.30	2010-11-16	18582	\N	1	\N	alive
24655	P14	112	Arecaceae	Oenocarpus	mapora	oenoma	\N	1145	\N	0004	271	10.50000	93.60000	10.50000	13.60000	416687	515766	800434	5	4		256	3	93	1.30	2012-05-01	19114	\N	1	\N	alive
19177	P14	112	Arecaceae	Oenocarpus	mapora	oenoma	\N	1145	\N	0004	271	10.50000	93.60000	10.50000	13.60000	416687	515766	800434	5	4		268	4	94	1.30	2013-04-15	19463	\N	1	\N	alive
2413706	P14	112	Arecaceae	Oenocarpus	mapora	oenoma	\N	1145	\N	0004	271	10.50000	93.60000	10.50000	13.60000	416687	515766	800434	5	4	\N	278	5	94	1.30	2014-04-09	19822	\N	1	\N	alive
2410282	P14	112	Rubiaceae	Alseis	blackiana	alsebl	\N	33	\N	0004	271	19.80000	96.70000	19.80000	16.70000	416690	515769	800435	5	4	secondary	204	2	21	1.30	2010-11-18	18584	\N	1	\N	alive
25749	P14	112	Rubiaceae	Alseis	blackiana	alsebl	\N	33	\N	0004	271	19.80000	96.70000	19.80000	16.70000	416690	515769	800435	5	4		256	3	20	1.30	2012-05-01	19114	\N	1	\N	alive
20143	P14	112	Rubiaceae	Alseis	blackiana	alsebl	\N	33	\N	0004	271	19.80000	96.70000	19.80000	16.70000	416690	515769	800435	5	4		268	4	20	1.30	2013-04-15	19463	\N	1	\N	alive
2413714	P14	112	Rubiaceae	Alseis	blackiana	alsebl	\N	33	\N	0004	271	19.80000	96.70000	19.80000	16.70000	416690	515769	800435	5	4	\N	278	5	19	1.30	2014-04-09	19822	\N	1	\N	alive
22919	P14	112	Arecaceae	Oenocarpus	mapora	oenoma	\N	1145	\N	0100	334	34.90000	0.20000	14.90000	0.20000	416710	515789	800436	5	\N	secondary	123	1	95	1.30	1996-11-13	13466	\N	1	\N	alive
100341	P14	112	Lauraceae	Cinnamomum	triplinerve	phoeci	\N	208	\N	0103	523	23.40000	68.10000	3.40000	8.10000	416714	515793	800437	5	3		256	3	19	1.30	2012-05-01	19114	\N	1	\N	alive
2404533	P14	112	Arecaceae	Oenocarpus	mapora	oenoma	\N	1145	\N	0103	523	38.90000	61.10000	18.90000	1.10000	416719	515798	800438	5	1	main	204	2	118	1.30	2010-11-16	18582	R	1	\N	broken below
43930	P14	112	Arecaceae	Oenocarpus	mapora	oenoma	\N	1145	\N	0103	523	38.90000	61.10000	18.90000	1.10000	416719	515798	800438	5	1		256	3	122	1.30	2012-05-01	19114	\N	1	\N	alive
38248	P14	112	Arecaceae	Oenocarpus	mapora	oenoma	\N	1145	\N	0103	523	38.90000	61.10000	18.90000	1.10000	416719	515798	800438	5	1		268	4	123	1.30	2013-04-15	19463	\N	1	\N	alive
2413850	P14	112	Arecaceae	Oenocarpus	mapora	oenoma	\N	1145	\N	0103	523	38.90000	61.10000	18.90000	1.10000	416719	515798	800438	5	1	\N	278	5	123	1.30	2014-04-08	19821	\N	1	\N	alive
2422343	P14	112	Arecaceae	Oenocarpus	mapora	oenoma	\N	1145	\N	0103	523	38.90000	61.10000	18.90000	1.10000	416719	515798	800438	5	1	\N	286	6	\N	1.30	2015-06-24	20263	R	1	\N	broken below
27438	P14	112	Arecaceae	Oenocarpus	mapora	oenoma	\N	1145	\N	0103	523	39.00000	71.50000	19.00000	11.50000	416724	515803	800439	5	\N	secondary	123	1	104	1.30	1996-11-13	13466	\N	1	\N	alive
30822	P14	112	Arecaceae	Oenocarpus	mapora	oenoma	\N	1145	\N	0200	631	40.90000	0.60000	0.90000	0.60000	416739	515819	800440	5	\N	secondary	123	1	89	1.30	1996-11-13	13466	\N	1	\N	alive
32847	P14	112	Arecaceae	Oenocarpus	mapora	oenoma	\N	1145	\N	0200	631	44.60000	17.10000	4.60000	17.10000	416744	515824	800441	5	\N	secondary	123	1	71	1.30	1996-11-13	13466	\N	1	\N	alive
2404866	P14	112	Arecaceae	Oenocarpus	mapora	oenoma	\N	1145	\N	0200	631	55.80000	2.40000	15.80000	2.40000	416756	515836	800442	5	2	secondary	204	2	92	1.30	2010-11-15	18581	\N	1	\N	alive
55466	P14	112	Arecaceae	Oenocarpus	mapora	oenoma	\N	1145	\N	0200	631	55.80000	2.40000	15.80000	2.40000	416756	515836	800442	5	2		256	3	95	1.30	2012-05-01	19114	\N	1	\N	alive
48402	P14	112	Arecaceae	Oenocarpus	mapora	oenoma	\N	1145	\N	0200	631	55.80000	2.40000	15.80000	2.40000	416756	515836	800442	5	2		268	4	95	1.30	2013-04-15	19463	\N	1	\N	alive
2413909	P14	112	Arecaceae	Oenocarpus	mapora	oenoma	\N	1145	\N	0200	631	55.80000	2.40000	15.80000	2.40000	416756	515836	800442	5	2	\N	278	5	95	1.30	2014-04-09	19822	\N	1	\N	alive
2402767	P14	112	Rubiaceae	Coussarea	curvigemmia	cou2cu	\N	280	\N	0101	397	20.50000	34.00000	0.50000	14.00000	416785	515881	800443	5	2	secondary	204	2	20	1.30	2010-11-11	18577	\N	1	\N	alive
2402800	P14	112	Arecaceae	Oenocarpus	mapora	oenoma	\N	1145	\N	0101	397	27.30000	34.30000	7.30000	14.30000	416816	515914	800444	5	2	secondary	204	2	86	1.30	2010-11-11	18577	\N	1	\N	alive
34414	P14	112	Arecaceae	Oenocarpus	mapora	oenoma	\N	1145	\N	0101	397	27.30000	34.30000	7.30000	14.30000	416816	515914	800444	5	2		256	3	98	1.30	2012-05-01	19114	\N	1	\N	alive
28631	P14	112	Arecaceae	Oenocarpus	mapora	oenoma	\N	1145	\N	0101	397	27.30000	34.30000	7.30000	14.30000	416816	515914	800444	5	2		268	4	100	1.30	2013-04-15	19463	\N	1	\N	alive
2413765	P14	112	Arecaceae	Oenocarpus	mapora	oenoma	\N	1145	\N	0101	397	27.30000	34.30000	7.30000	14.30000	416816	515914	800444	5	2	\N	278	5	106	1.30	2014-04-08	19821	\N	1	\N	alive
2422302	P14	112	Arecaceae	Oenocarpus	mapora	oenoma	\N	1145	\N	0101	397	27.30000	34.30000	7.30000	14.30000	416816	515914	800444	5	2	\N	286	6	109	1.30	2015-06-24	20263	\N	1	\N	alive
45382	P14	112	Sapindaceae	Cupania	seemannii	cupasy	\N	1120	\N	0101	397	29.70000	28.40000	9.70000	8.40000	416822	516422	800445	5	\N	secondary	123	1	35	1.30	1996-11-13	13466	\N	1	\N	alive
47926	P14	112	Arecaceae	Oenocarpus	mapora	oenoma	\N	1145	\N	0101	397	29.80000	20.50000	9.80000	0.50000	416832	516433	800446	5	\N	secondary	123	1	61	1.30	1996-11-13	13466	\N	1	\N	alive
49450	P14	112	Arecaceae	Oenocarpus	mapora	oenoma	\N	1145	\N	0101	397	34.40000	20.50000	14.40000	0.50000	416838	516439	800447	5	\N	secondary	123	1	87	1.30	1996-11-13	13466	\N	1	\N	alive
2402852	P14	112	Myristicaceae	Virola	sebifera	virose	\N	1072	\N	0101	397	33.60000	31.00000	13.60000	11.00000	416857	516459	800448	5	2	secondary	204	2	69	1.30	2010-11-11	18577	\N	1	\N	alive
35608	P14	112	Myristicaceae	Virola	sebifera	virose	\N	1072	\N	0101	397	33.60000	31.00000	13.60000	11.00000	416857	516459	800448	5	2		256	3	72	1.30	2012-05-01	19114	\N	1	\N	alive
29981	P14	112	Myristicaceae	Virola	sebifera	virose	\N	1072	\N	0101	397	33.60000	31.00000	13.60000	11.00000	416857	516459	800448	5	2		268	4	83	1.30	2013-04-15	19463	\N	1	\N	alive
2413771	P14	112	Myristicaceae	Virola	sebifera	virose	\N	1072	\N	0101	397	33.60000	31.00000	13.60000	11.00000	416857	516459	800448	5	2	\N	278	5	91	1.30	2014-04-08	19821	\N	1	\N	alive
2409402	P14	112	Arecaceae	Oenocarpus	mapora	oenoma	\N	1145	\N	0102	460	21.60000	54.30000	1.60000	14.30000	416910	516553	800449	5	4	secondary	204	2	73	1.30	2010-11-10	18576	\N	1	\N	alive
36664	P14	112	Arecaceae	Oenocarpus	mapora	oenoma	\N	1145	\N	0102	460	21.60000	54.30000	1.60000	14.30000	416910	516553	800449	5	4		256	3	77	1.30	2012-05-01	19114	\N	1	\N	alive
31060	P14	112	Arecaceae	Oenocarpus	mapora	oenoma	\N	1145	\N	0102	460	21.60000	54.30000	1.60000	14.30000	416910	516553	800449	5	4		268	4	77	1.30	2013-04-15	19463	\N	1	\N	alive
2413779	P14	112	Arecaceae	Oenocarpus	mapora	oenoma	\N	1145	\N	0102	460	21.60000	54.30000	1.60000	14.30000	416910	516553	800449	5	4	\N	278	5	77	1.30	2014-04-08	19821	\N	1	\N	alive
60391	P14	112	Arecaceae	Oenocarpus	mapora	oenoma	\N	1145	\N	0102	460	21.40000	58.20000	1.40000	18.20000	416911	516554	800450	5	\N	secondary	123	1	93	1.30	1996-11-12	13465	\N	1	\N	alive
65299	P14	112	Arecaceae	Oenocarpus	mapora	oenoma	\N	1145	\N	0102	460	26.40000	45.10000	6.40000	5.10000	416929	516572	800451	5	\N	secondary	123	1	86	1.30	1996-11-12	13465	\N	1	\N	alive
66512	P14	112	Arecaceae	Oenocarpus	mapora	oenoma	\N	1145	\N	0102	460	25.20000	49.70000	5.20000	9.70000	416932	516575	800452	5	\N	secondary	123	1	71	1.30	1996-11-12	13465	\N	1	\N	alive
70141	P14	112	Arecaceae	Oenocarpus	mapora	oenoma	\N	1145	\N	0102	460	30.30000	51.90000	10.30000	11.90000	416957	516601	800453	5	\N	secondary	123	1	53	1.30	1996-11-12	13465	\N	1	\N	alive
70987	P14	112	Arecaceae	Oenocarpus	mapora	oenoma	\N	1145	\N	0102	460	34.70000	54.10000	14.70000	14.10000	416960	516604	800454	5	\N	secondary	123	1	50	1.30	1996-11-12	13465	\N	1	\N	alive
2404040	P14	112	Arecaceae	Oenocarpus	mapora	oenoma	\N	1145	\N	0102	460	31.60000	55.40000	11.60000	15.40000	416962	516606	800455	5		main	204	2	\N	\N	2010-11-10	18576	R	1	\N	broken below
2404063	P14	112	Sapindaceae	Cupania	seemannii	cupasy	\N	1120	\N	0102	460	37.60000	54.30000	17.60000	14.30000	416985	516632	800456	5		main	204	2	\N	\N	2010-11-10	18576	R	1	\N	broken below
2404068	P14	112	Arecaceae	Oenocarpus	mapora	oenoma	\N	1145	\N	0102	460	37.60000	47.60000	17.60000	7.60000	416989	516636	800457	5	2	secondary	204	2	71	1.30	2010-11-10	18576	\N	1	\N	alive
76542	P14	112	Arecaceae	Oenocarpus	mapora	oenoma	\N	1145	\N	0102	460	35.10000	40.20000	15.10000	0.20000	416991	516638	800458	5	\N	secondary	123	1	100	1.30	1996-11-12	13465	\N	1	\N	alive
81686	P14	112	Arecaceae	Oenocarpus	mapora	oenoma	\N	1145	\N	0201	685	43.80000	24.40000	3.80000	4.40000	417018	516802	800459	5	\N	secondary	123	1	89	1.30	1996-11-15	13468	\N	1	\N	alive
2410294	P14	112	Rubiaceae	Alseis	blackiana	alsebl	\N	33	\N	0201	685	43.00000	28.30000	3.00000	8.30000	417024	516808	800460	5	1	main	204	2	513	1.30	2010-11-18	18584	B	1	\N	alive
56096	P14	112	Rubiaceae	Alseis	blackiana	alsebl	\N	33	\N	0201	685	43.00000	28.30000	3.00000	8.30000	417024	516808	800460	5	1		256	3	550	1.30	2012-05-02	19115	B;cylN	0	\N	alive
105817	P14	112	Rubiaceae	Alseis	blackiana	alsebl	\N	33	\N	0201	685	43.00000	28.30000	3.00000	8.30000	417024	516808	800460	5	1	main	256	3	412	3.50	2012-05-02	19115	B;cylN	1	\N	alive
49037	P14	112	Rubiaceae	Alseis	blackiana	alsebl	\N	33	\N	0201	685	43.00000	28.30000	3.00000	8.30000	417024	516808	800460	5	1		268	4	413	3.50	2013-04-12	19460	B;cylN	1	\N	alive
2413916	P14	112	Rubiaceae	Alseis	blackiana	alsebl	\N	33	\N	0201	685	43.00000	28.30000	3.00000	8.30000	417024	516808	800460	5	1	\N	278	5	419	3.50	2014-04-09	19822	B;cylN	1	\N	alive
2422378	P14	112	Rubiaceae	Alseis	blackiana	alsebl	\N	33	\N	0201	685	43.00000	28.30000	3.00000	8.30000	417024	516808	800460	5	1	\N	286	6	433	3.50	2015-06-25	20264	B;cylN	1	\N	alive
2405699	P14	112	Sapindaceae	Cupania	seemannii	cupasy	\N	1120	\N	0201	685	49.10000	24.60000	9.10000	4.60000	417054	516838	800461	5		main	204	2	91	1.30	2010-11-11	18577	\N	1	\N	alive
2405701	P14	112	Arecaceae	Oenocarpus	mapora	oenoma	\N	1145	\N	0201	685	49.50000	22.00000	9.50000	2.00000	417055	516839	800462	5	2	secondary	204	2	100	1.30	2010-11-11	18577	\N	1	\N	alive
57226	P14	112	Arecaceae	Oenocarpus	mapora	oenoma	\N	1145	\N	0201	685	49.50000	22.00000	9.50000	2.00000	417055	516839	800462	5	2		256	3	100	1.30	2012-05-01	19114	\N	1	\N	alive
50177	P14	112	Arecaceae	Oenocarpus	mapora	oenoma	\N	1145	\N	0201	685	49.50000	22.00000	9.50000	2.00000	417055	516839	800462	5	2		268	4	100	1.30	2013-04-15	19463	\N	1	\N	alive
2413923	P14	112	Arecaceae	Oenocarpus	mapora	oenoma	\N	1145	\N	0201	685	49.50000	22.00000	9.50000	2.00000	417055	516839	800462	5	2	\N	278	5	100	1.30	2014-04-09	19822	\N	1	\N	alive
2422381	P14	112	Arecaceae	Oenocarpus	mapora	oenoma	\N	1145	\N	0201	685	49.50000	22.00000	9.50000	2.00000	417055	516839	800462	5	2	\N	286	6	101	1.30	2015-06-25	20264	\N	1	\N	alive
100816	P14	112	Arecaceae	Oenocarpus	mapora	oenoma	\N	1145	\N	0201	685	54.00000	27.00000	14.00000	7.00000	417067	516851	800463	5	3		256	3	70	1.30	2012-05-01	19114	\N	1	\N	alive
51066	P14	112	Arecaceae	Oenocarpus	mapora	oenoma	\N	1145	\N	0201	685	54.00000	27.00000	14.00000	7.00000	417067	516851	800463	5	3		268	4	71	1.30	2013-04-15	19463	\N	1	\N	alive
2413933	P14	112	Arecaceae	Oenocarpus	mapora	oenoma	\N	1145	\N	0201	685	54.00000	27.00000	14.00000	7.00000	417067	516851	800463	5	3	\N	278	5	72	1.30	2014-04-09	19822	\N	1	\N	alive
2405718	P14	112	Rubiaceae	Faramea	occidentalis	faraoc	\N	379	\N	0201	685	50.80000	32.40000	10.80000	12.40000	417069	516853	800464	5	2	secondary	204	2	36	1.30	2010-11-11	18577	\N	1	\N	alive
2409570	P14	112	Violaceae	Hybanthus	prunifolius	hybapr	\N	494	\N	0201	685	57.40000	29.60000	17.40000	9.60000	417094	516878	800465	5	2	secondary	204	2	10	1.30	2010-11-11	18577	\N	1	\N	alive
2406819	P14	112	Violaceae	Hybanthus	prunifolius	hybapr	\N	494	\N	0202	739	53.60000	46.70000	13.60000	6.70000	417180	517577	800466	5	2	secondary	204	2	28	1.30	2010-11-16	18582	\N	1	\N	alive
107545	P14	112	Arecaceae	Oenocarpus	mapora	oenoma	\N	1145	\N	0203	793	47.30000	69.00000	7.30000	9.00000	417231	517689	800467	5	\N	secondary	123	1	88	1.30	1996-11-13	13466	\N	1	\N	alive
2407615	P14	112	Arecaceae	Oenocarpus	mapora	oenoma	\N	1145	\N	0300	901	70.60000	3.50000	10.60000	3.50000	417265	517723	800468	5	1	main	204	2	70	1.30	2010-11-16	18582	R	1	\N	broken below
67798	P14	112	Arecaceae	Oenocarpus	mapora	oenoma	\N	1145	\N	0300	901	70.60000	3.50000	10.60000	3.50000	417265	517723	800468	5	1		256	3	74	1.30	2012-05-01	19114	M	1	\N	alive
90095	P14	112	Arecaceae	Oenocarpus	mapora	oenoma	\N	1145	\N	0300	901	70.60000	3.50000	10.60000	3.50000	417265	517723	800468	5	1		268	4	108	1.30	2013-04-16	19464	\N	1	\N	alive
2414002	P14	112	Arecaceae	Oenocarpus	mapora	oenoma	\N	1145	\N	0300	901	70.60000	3.50000	10.60000	3.50000	417265	517723	800468	5	1	\N	278	5	110	1.30	2014-04-08	19821	\N	1	\N	alive
2422449	P14	112	Arecaceae	Oenocarpus	mapora	oenoma	\N	1145	\N	0300	901	70.60000	3.50000	10.60000	3.50000	417265	517723	800468	5	1	\N	286	6	112	1.30	2015-06-24	20263	\N	1	\N	alive
2409726	P14	112	Fabaceae-mimosoideae	Inga	thibaudiana	ingath	\N	1133	\N	0300	901	72.80000	9.30000	12.80000	9.30000	417275	517733	800469	5	4	secondary	204	2	11	1.30	2010-11-16	18582	\N	1	\N	alive
69371	P14	112	Fabaceae-mimosoideae	Inga	thibaudiana	ingath	\N	1133	\N	0300	901	72.80000	9.30000	12.80000	9.30000	417275	517733	800469	5	4		256	3	11	1.30	2012-05-01	19114	\N	1	\N	alive
60607	P14	112	Fabaceae-mimosoideae	Inga	thibaudiana	ingath	\N	1133	\N	0300	901	72.80000	9.30000	12.80000	9.30000	417275	517733	800469	5	4		268	4	\N	0.00	2013-04-16	19464	lost	1	\N	stem dead
2414007	P14	112	Fabaceae-mimosoideae	Inga	thibaudiana	ingath	\N	1133	\N	0300	901	72.80000	9.30000	12.80000	9.30000	417275	517733	800469	5	4	\N	278	5	\N	1.30	2014-04-08	19821	R	1	\N	broken below
114070	P14	112	Arecaceae	Oenocarpus	mapora	oenoma	\N	1145	\N	0301	955	66.60000	22.20000	6.60000	2.20000	417280	517738	800470	5	\N	secondary	123	1	93	1.30	1996-11-15	13468	\N	1	\N	alive
115060	P14	112	Arecaceae	Oenocarpus	mapora	oenoma	\N	1145	\N	0301	955	68.00000	30.50000	8.00000	10.50000	417283	517741	800471	5	\N	secondary	123	1	87	1.30	1996-11-15	13468	\N	1	\N	alive
116304	P14	112	Arecaceae	Oenocarpus	mapora	oenoma	\N	1145	\N	0301	955	79.10000	33.40000	19.10000	13.40000	417289	517747	800472	5	\N	secondary	123	1	77	1.30	1996-11-15	13468	\N	1	\N	alive
116920	P14	112	Arecaceae	Oenocarpus	mapora	oenoma	\N	1145	\N	0301	955	75.60000	24.00000	15.60000	4.00000	417292	517750	800473	5	\N	secondary	123	1	106	1.30	1996-11-15	13468	\N	1	\N	alive
118710	P14	112	Arecaceae	Oenocarpus	mapora	oenoma	\N	1145	\N	0302	1009	66.30000	55.90000	6.30000	15.90000	417307	517765	800474	5	\N	secondary	123	1	81	1.30	1996-11-15	13468	\N	1	\N	alive
122531	P14	112	Arecaceae	Oenocarpus	mapora	oenoma	\N	1145	\N	0400	1171	84.00000	14.80000	4.00000	14.80000	417344	517802	800475	5	\N	secondary	123	1	93	1.30	1996-11-17	13470	\N	1	\N	alive
89885	P14	112	Euphorbiaceae	Alchornea	latifolia	alchla	\N	24	\N	0401	1225	80.20000	26.10000	0.20000	6.10000	417362	517820	800476	5	3		268	4	20	1.30	2013-04-16	19464	\N	1	\N	alive
2414149	P14	112	Euphorbiaceae	Alchornea	latifolia	alchla	\N	24	\N	0401	1225	80.20000	26.10000	0.20000	6.10000	417362	517820	800476	5	3	\N	278	5	20	1.30	2014-04-09	19822	\N	1	\N	alive
2410323	P14	112	Urticaceae	Cecropia	insignis	cecrin	\N	177	\N	0402	1279	89.20000	50.90000	9.20000	10.90000	417380	517839	800477	5	2	secondary	204	2	192	3.00	2010-11-18	18584	\N	1	\N	alive
92251	P14	112	Urticaceae	Cecropia	insignis	cecrin	\N	177	\N	0402	1279	89.20000	50.90000	9.20000	10.90000	417380	517839	800477	5	2		256	3	192	3.00	2012-05-02	19115	B;cylY	1	\N	alive
81322	P14	112	Urticaceae	Cecropia	insignis	cecrin	\N	177	\N	0402	1279	89.20000	50.90000	9.20000	10.90000	417380	517839	800477	5	2		268	4	198	3.00	2013-04-12	19460	B;cylN	1	\N	alive
2414180	P14	112	Urticaceae	Cecropia	insignis	cecrin	\N	177	\N	0402	1279	89.20000	50.90000	9.20000	10.90000	417380	517839	800477	5	2	\N	278	5	198	3.00	2014-04-09	19822	B;cylN	1	\N	alive
2422574	P14	112	Urticaceae	Cecropia	insignis	cecrin	\N	177	\N	0402	1279	89.20000	50.90000	9.20000	10.90000	417380	517839	800477	5	2	\N	286	6	198	3.00	2015-09-14	20345	B	1	\N	alive
88515	P14	112	Arecaceae	Oenocarpus	mapora	oenoma	\N	1145	\N	0000	19	5.39000	14.53000	5.39000	14.53000	482180	848584	801824	5	5		268	4	65	1.30	2013-04-15	19463	\N	1	\N	alive
2413564	P14	112	Arecaceae	Oenocarpus	mapora	oenoma	\N	1145	\N	0000	19	5.39000	14.53000	5.39000	14.53000	482180	848584	801824	5	5	\N	278	5	\N	\N	2014-04-09	19822	R	1	\N	broken below
2398150	P14	112	Arecaceae	Oenocarpus	mapora	oenoma	\N	1145	\N	0002	145	7.85000	55.45000	7.85000	15.45000	482270	838577	801826	5	5	secondary	204	2	97	1.30	2010-11-15	18581	\N	1	\N	alive
15163	P14	112	Arecaceae	Oenocarpus	mapora	oenoma	\N	1145	\N	0002	145	7.85000	55.45000	7.85000	15.45000	482270	838577	801826	5	5		256	3	97	1.30	2012-05-01	19114	\N	1	\N	alive
11587	P14	112	Arecaceae	Oenocarpus	mapora	oenoma	\N	1145	\N	0002	145	7.85000	55.45000	7.85000	15.45000	482270	838577	801826	5	5		268	4	96	1.30	2013-04-15	19463	\N	1	\N	alive
2413608	P14	112	Arecaceae	Oenocarpus	mapora	oenoma	\N	1145	\N	0002	145	7.85000	55.45000	7.85000	15.45000	482270	838577	801826	5	5	\N	278	5	96	1.30	2014-04-09	19822	\N	1	\N	alive
2398190	P14	112	Arecaceae	Oenocarpus	mapora	oenoma	\N	1145	\N	0003	208	10.24000	69.64000	10.24000	9.64000	482297	838583	801827	5	5	secondary	204	2	92	1.30	2010-11-16	18582	\N	1	\N	alive
19993	P14	112	Arecaceae	Oenocarpus	mapora	oenoma	\N	1145	\N	0003	208	10.24000	69.64000	10.24000	9.64000	482297	838583	801827	5	5		256	3	93	1.30	2012-05-01	19114	\N	1	\N	alive
16141	P14	112	Arecaceae	Oenocarpus	mapora	oenoma	\N	1145	\N	0003	208	10.24000	69.64000	10.24000	9.64000	482297	838583	801827	5	5		268	4	93	1.30	2013-04-15	19463	\N	1	\N	alive
2413667	P14	112	Arecaceae	Oenocarpus	mapora	oenoma	\N	1145	\N	0003	208	10.24000	69.64000	10.24000	9.64000	482297	838583	801827	5	5	\N	278	5	94	1.30	2014-04-09	19822	\N	1	\N	alive
2398242	P14	112	Arecaceae	Oenocarpus	mapora	oenoma	\N	1145	\N	0004	271	4.57000	82.40000	4.57000	2.40000	482348	838586	801830	5	5	secondary	204	2	90	1.30	2010-11-16	18582	\N	1	\N	alive
27256	P14	112	Arecaceae	Oenocarpus	mapora	oenoma	\N	1145	\N	0004	271	4.57000	82.40000	4.57000	2.40000	482348	838586	801830	5	5		256	3	91	1.30	2012-05-01	19114	\N	1	\N	alive
21243	P14	112	Arecaceae	Oenocarpus	mapora	oenoma	\N	1145	\N	0004	271	4.57000	82.40000	4.57000	2.40000	482348	838586	801830	5	5		268	4	92	1.30	2013-04-15	19463	\N	1	\N	alive
2413696	P14	112	Arecaceae	Oenocarpus	mapora	oenoma	\N	1145	\N	0004	271	4.57000	82.40000	4.57000	2.40000	482348	838586	801830	5	5	\N	278	5	92	1.30	2014-04-09	19822	\N	1	\N	alive
2398330	P14	112	Arecaceae	Oenocarpus	mapora	oenoma	\N	1145	\N	0100	334	23.84000	5.14000	3.84000	5.14000	482384	826386	801832	5	5	secondary	204	2	90	1.30	2010-11-15	18581	\N	1	\N	alive
32803	P14	112	Arecaceae	Oenocarpus	mapora	oenoma	\N	1145	\N	0100	334	23.84000	5.14000	3.84000	5.14000	482384	826386	801832	5	5		256	3	90	1.30	2012-05-01	19114	\N	1	\N	alive
26583	P14	112	Arecaceae	Oenocarpus	mapora	oenoma	\N	1145	\N	0100	334	23.84000	5.14000	3.84000	5.14000	482384	826386	801832	5	5		268	4	92	1.30	2013-04-15	19463	\N	1	\N	alive
2413727	P14	112	Arecaceae	Oenocarpus	mapora	oenoma	\N	1145	\N	0100	334	23.84000	5.14000	3.84000	5.14000	482384	826386	801832	5	5	\N	278	5	\N	1.30	2014-04-08	19821	R	1	\N	broken below
2399399	P14	112	Arecaceae	Oenocarpus	mapora	oenoma	\N	1145	\N	0103	523	26.99000	69.56000	6.99000	9.56000	483285	826388	801838	5	5	secondary	204	2	94	1.30	2010-11-16	18582	\N	1	\N	alive
47628	P14	112	Arecaceae	Oenocarpus	mapora	oenoma	\N	1145	\N	0103	523	26.99000	69.56000	6.99000	9.56000	483285	826388	801838	5	5		256	3	94	1.30	2012-05-01	19114	\N	1	\N	alive
41892	P14	112	Arecaceae	Oenocarpus	mapora	oenoma	\N	1145	\N	0103	523	26.99000	69.56000	6.99000	9.56000	483285	826388	801838	5	5		268	4	101	1.30	2013-04-15	19463	\N	1	\N	alive
2413836	P14	112	Arecaceae	Oenocarpus	mapora	oenoma	\N	1145	\N	0103	523	26.99000	69.56000	6.99000	9.56000	483285	826388	801838	5	5	\N	278	5	102	1.30	2014-04-08	19821	\N	1	\N	alive
2422335	P14	112	Arecaceae	Oenocarpus	mapora	oenoma	\N	1145	\N	0103	523	26.99000	69.56000	6.99000	9.56000	483285	826388	801838	5	5	\N	286	6	102	1.30	2015-06-24	20263	\N	1	\N	alive
2400818	P14	112	Arecaceae	Oenocarpus	mapora	oenoma	\N	1145	\N	0401	1225	97.42000	39.55000	17.42000	19.55000	484421	826494	801854	5	5	secondary	204	2	86	1.30	2010-11-17	18583	\N	1	\N	alive
91436	P14	112	Arecaceae	Oenocarpus	mapora	oenoma	\N	1145	\N	0401	1225	97.42000	39.55000	17.42000	19.55000	484421	826494	801854	5	5		256	3	86	1.30	2012-05-01	19114	\N	1	\N	alive
80533	P14	112	Arecaceae	Oenocarpus	mapora	oenoma	\N	1145	\N	0401	1225	97.42000	39.55000	17.42000	19.55000	484421	826494	801854	5	5		268	4	89	1.30	2013-04-16	19464	\N	1	\N	alive
2414169	P14	112	Arecaceae	Oenocarpus	mapora	oenoma	\N	1145	\N	0401	1225	97.42000	39.55000	17.42000	19.55000	484421	826494	801854	5	5	\N	278	5	89	1.30	2014-04-09	19822	\N	1	\N	alive
2400924	P14	112	Myrtaceae	Eugenia	coloradoensis	eugeco	\N	358	\N	0403	1333	90.75000	72.54000	10.75000	12.54000	484507	828477	801856	5	5	secondary	204	2	16	1.30	2010-11-17	18583	\N	1	\N	alive
96415	P14	112	Myrtaceae	Eugenia	coloradoensis	eugeco	\N	358	\N	0403	1333	90.75000	72.54000	10.75000	12.54000	484507	828477	801856	5	5		256	3	15	1.30	2012-05-01	19114	\N	1	\N	alive
85418	P14	112	Myrtaceae	Eugenia	coloradoensis	eugeco	\N	358	\N	0403	1333	90.75000	72.54000	10.75000	12.54000	484507	828477	801856	5	5		268	4	\N	0.00	2013-04-16	19464	lost	1	\N	stem dead
2414205	P14	112	Myrtaceae	Eugenia	coloradoensis	eugeco	\N	358	\N	0403	1333	90.75000	72.54000	10.75000	12.54000	484507	828477	801856	5	5	\N	278	5	\N	1.30	2014-04-09	19822	R	1	\N	broken below
3893	P14	112	Arecaceae	Oenocarpus	mapora	oenoma	\N	1145	\N	0000	19	9.60000	19.70000	9.60000	19.70000	416632	515711	838191	6	\N	secondary	123	1	82	1.30	1996-11-08	13461	\N	1	\N	alive
4859	P14	112	Arecaceae	Oenocarpus	mapora	oenoma	\N	1145	\N	0000	19	13.70000	17.70000	13.70000	17.70000	416633	515712	838192	6	\N	secondary	123	1	85	1.30	1996-11-08	13461	\N	1	\N	alive
10240	P14	112	Arecaceae	Oenocarpus	mapora	oenoma	\N	1145	\N	0002	145	11.50000	53.90000	11.50000	13.90000	416662	515741	838193	6	\N	secondary	123	1	80	1.30	1996-12-11	13494	\N	1	\N	alive
11482	P14	112	Arecaceae	Oenocarpus	mapora	oenoma	\N	1145	\N	0002	145	17.50000	48.20000	17.50000	8.20000	416665	515744	838194	6	\N	secondary	123	1	86	1.30	1996-12-11	13494	\N	1	\N	alive
13552	P14	112	Arecaceae	Oenocarpus	mapora	oenoma	\N	1145	\N	0003	208	3.80000	72.70000	3.80000	12.70000	416669	515748	838195	6	\N	secondary	123	1	50	1.30	1996-12-11	13494	\N	1	\N	alive
2401606	P14	112	Burseraceae	Protium	tenuifolium	protte		828	15	0003	208	9.70000	79.20000	9.70000	19.20000	416673	515752	838196	6	2	secondary	204	2	88	1.30	2010-11-16	18582	\N	1	\N	alive
16681	P14	112	Burseraceae	Protium	tenuifolium	protte		828	15	0003	208	9.70000	79.20000	9.70000	19.20000	416673	515752	838196	6	2		256	3	88	1.30	2012-05-01	19114	\N	1	\N	alive
13381	P14	112	Burseraceae	Protium	tenuifolium	protte		828	15	0003	208	9.70000	79.20000	9.70000	19.20000	416673	515752	838196	6	2		268	4	88	1.30	2013-04-15	19463	\N	1	\N	alive
2413648	P14	112	Burseraceae	Protium	tenuifolium	protte		828	15	0003	208	9.70000	79.20000	9.70000	19.20000	416673	515752	838196	6	2	\N	278	5	88	1.30	2014-04-09	19822	\N	1	\N	alive
16726	P14	112	Arecaceae	Oenocarpus	mapora	oenoma	\N	1145	\N	0003	208	18.70000	66.40000	18.70000	6.40000	416683	515762	838197	6	\N	secondary	123	1	82	1.30	1996-12-11	13494	\N	1	\N	alive
2409193	P14	112	Arecaceae	Oenocarpus	mapora	oenoma	\N	1145	\N	0004	271	2.40000	82.50000	2.40000	2.50000	416684	515763	838198	6	3	secondary	204	2	51	1.30	2010-11-16	18582	\N	1	\N	alive
22737	P14	112	Arecaceae	Oenocarpus	mapora	oenoma	\N	1145	\N	0004	271	2.40000	82.50000	2.40000	2.50000	416684	515763	838198	6	3		256	3	\N	0.00	2012-05-01	19114	S	1	\N	stem dead
18487	P14	112	Arecaceae	Oenocarpus	mapora	oenoma	\N	1145	\N	0004	271	2.40000	82.50000	2.40000	2.50000	416684	515763	838198	6	3		268	4	57	1.30	2013-04-15	19463	\N	1	\N	alive
2413684	P14	112	Arecaceae	Oenocarpus	mapora	oenoma	\N	1145	\N	0004	271	2.40000	82.50000	2.40000	2.50000	416684	515763	838198	6	3	\N	278	5	56	1.30	2014-04-09	19822	\N	1	\N	alive
18244	P14	112	Arecaceae	Oenocarpus	mapora	oenoma	\N	1145	\N	0004	271	5.30000	90.60000	5.30000	10.60000	416685	515764	838199	6	\N	secondary	123	1	87	1.30	1996-12-13	13496	\N	1	\N	alive
2409199	P14	112	Arecaceae	Oenocarpus	mapora	oenoma	\N	1145	\N	0004	271	10.50000	93.60000	10.50000	13.60000	416687	515766	838200	6	5	secondary	204	2	92	1.30	2010-11-16	18582	\N	1	\N	alive
24792	P14	112	Arecaceae	Oenocarpus	mapora	oenoma	\N	1145	\N	0004	271	10.50000	93.60000	10.50000	13.60000	416687	515766	838200	6	5		256	3	89	1.30	2012-05-01	19114	\N	1	\N	alive
19315	P14	112	Arecaceae	Oenocarpus	mapora	oenoma	\N	1145	\N	0004	271	10.50000	93.60000	10.50000	13.60000	416687	515766	838200	6	5		268	4	91	1.30	2013-04-15	19463	\N	1	\N	alive
2413707	P14	112	Arecaceae	Oenocarpus	mapora	oenoma	\N	1145	\N	0004	271	10.50000	93.60000	10.50000	13.60000	416687	515766	838200	6	5	\N	278	5	94	1.30	2014-04-09	19822	\N	1	\N	alive
2410283	P14	112	Rubiaceae	Alseis	blackiana	alsebl	\N	33	\N	0004	271	19.80000	96.70000	19.80000	16.70000	416690	515769	838201	6	5	secondary	204	2	19	1.30	2010-11-18	18584	\N	1	\N	alive
25886	P14	112	Rubiaceae	Alseis	blackiana	alsebl	\N	33	\N	0004	271	19.80000	96.70000	19.80000	16.70000	416690	515769	838201	6	5		256	3	24	1.30	2012-05-01	19114	\N	1	\N	alive
20005	P14	112	Rubiaceae	Alseis	blackiana	alsebl	\N	33	\N	0004	271	19.80000	96.70000	19.80000	16.70000	416690	515769	838201	6	5		268	4	24	1.30	2013-04-15	19463	\N	1	\N	alive
2413715	P14	112	Rubiaceae	Alseis	blackiana	alsebl	\N	33	\N	0004	271	19.80000	96.70000	19.80000	16.70000	416690	515769	838201	6	5	\N	278	5	23	1.30	2014-04-09	19822	\N	1	\N	alive
23056	P14	112	Arecaceae	Oenocarpus	mapora	oenoma	\N	1145	\N	0100	334	34.90000	0.20000	14.90000	0.20000	416710	515789	838202	6	\N	secondary	123	1	85	1.30	1996-11-13	13466	\N	1	\N	alive
2404534	P14	112	Arecaceae	Oenocarpus	mapora	oenoma	\N	1145	\N	0103	523	38.90000	61.10000	18.90000	1.10000	416719	515798	838203	6	2	secondary	204	2	116	1.30	2010-11-16	18582	\N	1	\N	alive
44058	P14	112	Arecaceae	Oenocarpus	mapora	oenoma	\N	1145	\N	0103	523	38.90000	61.10000	18.90000	1.10000	416719	515798	838203	6	2		256	3	116	1.30	2012-05-01	19114	\N	1	\N	alive
38379	P14	112	Arecaceae	Oenocarpus	mapora	oenoma	\N	1145	\N	0103	523	38.90000	61.10000	18.90000	1.10000	416719	515798	838203	6	2		268	4	115	1.30	2013-04-15	19463	\N	1	\N	alive
2413851	P14	112	Arecaceae	Oenocarpus	mapora	oenoma	\N	1145	\N	0103	523	38.90000	61.10000	18.90000	1.10000	416719	515798	838203	6	2	\N	278	5	117	1.30	2014-04-08	19821	\N	1	\N	alive
2422344	P14	112	Arecaceae	Oenocarpus	mapora	oenoma	\N	1145	\N	0103	523	38.90000	61.10000	18.90000	1.10000	416719	515798	838203	6	2	\N	286	6	116	1.30	2015-06-24	20263	\N	1	\N	alive
27575	P14	112	Arecaceae	Oenocarpus	mapora	oenoma	\N	1145	\N	0103	523	39.00000	71.50000	19.00000	11.50000	416724	515803	838204	6	\N	secondary	123	1	96	1.30	1996-11-13	13466	\N	1	\N	alive
30957	P14	112	Arecaceae	Oenocarpus	mapora	oenoma	\N	1145	\N	0200	631	40.90000	0.60000	0.90000	0.60000	416739	515819	838205	6	\N	secondary	123	1	86	1.30	1996-11-13	13466	\N	1	\N	alive
32982	P14	112	Arecaceae	Oenocarpus	mapora	oenoma	\N	1145	\N	0200	631	44.60000	17.10000	4.60000	17.10000	416744	515824	838206	6	\N	secondary	123	1	55	1.30	1996-11-13	13466	\N	1	\N	alive
2404867	P14	112	Arecaceae	Oenocarpus	mapora	oenoma	\N	1145	\N	0200	631	55.80000	2.40000	15.80000	2.40000	416756	515836	838207	6	3	secondary	204	2	81	1.30	2010-11-15	18581	\N	1	\N	alive
55592	P14	112	Arecaceae	Oenocarpus	mapora	oenoma	\N	1145	\N	0200	631	55.80000	2.40000	15.80000	2.40000	416756	515836	838207	6	3		256	3	84	1.30	2012-05-01	19114	\N	1	\N	alive
48529	P14	112	Arecaceae	Oenocarpus	mapora	oenoma	\N	1145	\N	0200	631	55.80000	2.40000	15.80000	2.40000	416756	515836	838207	6	3		268	4	84	1.30	2013-04-15	19463	\N	1	\N	alive
2413910	P14	112	Arecaceae	Oenocarpus	mapora	oenoma	\N	1145	\N	0200	631	55.80000	2.40000	15.80000	2.40000	416756	515836	838207	6	3	\N	278	5	84	1.30	2014-04-09	19822	\N	1	\N	alive
2402768	P14	112	Rubiaceae	Coussarea	curvigemmia	cou2cu	\N	280	\N	0101	397	20.50000	34.00000	0.50000	14.00000	416785	515881	838208	6	3	secondary	204	2	19	1.30	2010-11-11	18577	\N	1	\N	alive
100056	P14	112	Arecaceae	Oenocarpus	mapora	oenoma	\N	1145	\N	0101	397	27.30000	34.30000	7.30000	14.30000	416816	515914	838209	6	3		256	3	80	1.30	2012-05-01	19114	\N	1	\N	alive
28766	P14	112	Arecaceae	Oenocarpus	mapora	oenoma	\N	1145	\N	0101	397	27.30000	34.30000	7.30000	14.30000	416816	515914	838209	6	3		268	4	97	1.30	2013-04-15	19463	\N	1	\N	alive
2413766	P14	112	Arecaceae	Oenocarpus	mapora	oenoma	\N	1145	\N	0101	397	27.30000	34.30000	7.30000	14.30000	416816	515914	838209	6	3	\N	278	5	99	1.30	2014-04-08	19821	\N	1	\N	alive
45510	P14	112	Sapindaceae	Cupania	seemannii	cupasy	\N	1120	\N	0101	397	29.70000	28.40000	9.70000	8.40000	416822	516422	838210	6	\N	secondary	123	1	32	1.30	1996-11-13	13466	\N	1	\N	alive
48053	P14	112	Arecaceae	Oenocarpus	mapora	oenoma	\N	1145	\N	0101	397	29.80000	20.50000	9.80000	0.50000	416832	516433	838211	6	\N	secondary	123	1	55	1.30	1996-11-13	13466	\N	1	\N	alive
49577	P14	112	Arecaceae	Oenocarpus	mapora	oenoma	\N	1145	\N	0101	397	34.40000	20.50000	14.40000	0.50000	416838	516439	838212	6	\N	secondary	123	1	75	1.30	1996-11-13	13466	\N	1	\N	alive
2402853	P14	112	Myristicaceae	Virola	sebifera	virose	\N	1072	\N	0101	397	33.60000	31.00000	13.60000	11.00000	416857	516459	838213	6	3	secondary	204	2	38	1.30	2010-11-11	18577	\N	1	\N	alive
35740	P14	112	Myristicaceae	Virola	sebifera	virose	\N	1072	\N	0101	397	33.60000	31.00000	13.60000	11.00000	416857	516459	838213	6	3		256	3	38	1.30	2012-05-01	19114	\N	1	\N	alive
30116	P14	112	Myristicaceae	Virola	sebifera	virose	\N	1072	\N	0101	397	33.60000	31.00000	13.60000	11.00000	416857	516459	838213	6	3		268	4	43	1.30	2013-04-15	19463	\N	1	\N	alive
2413772	P14	112	Myristicaceae	Virola	sebifera	virose	\N	1072	\N	0101	397	33.60000	31.00000	13.60000	11.00000	416857	516459	838213	6	3	\N	278	5	43	1.30	2014-04-08	19821	\N	1	\N	alive
60515	P14	112	Arecaceae	Oenocarpus	mapora	oenoma	\N	1145	\N	0102	460	21.40000	58.20000	1.40000	18.20000	416911	516554	838214	6	\N	secondary	123	1	91	1.30	1996-11-12	13465	\N	1	\N	alive
65421	P14	112	Arecaceae	Oenocarpus	mapora	oenoma	\N	1145	\N	0102	460	26.40000	45.10000	6.40000	5.10000	416929	516572	838215	6	\N	secondary	123	1	83	1.30	1996-11-12	13465	\N	1	\N	alive
2404007	P14	112	Arecaceae	Oenocarpus	mapora	oenoma	\N	1145	\N	0102	460	25.20000	49.70000	5.20000	9.70000	416932	516575	838216	6	1	main	204	2	105	1.30	2010-11-10	18576	\N	1	\N	alive
39543	P14	112	Arecaceae	Oenocarpus	mapora	oenoma	\N	1145	\N	0102	460	25.20000	49.70000	5.20000	9.70000	416932	516575	838216	6	1		256	3	105	1.30	2012-05-01	19114	\N	1	\N	alive
34024	P14	112	Arecaceae	Oenocarpus	mapora	oenoma	\N	1145	\N	0102	460	25.20000	49.70000	5.20000	9.70000	416932	516575	838216	6	1		268	4	105	1.30	2013-04-15	19463	\N	1	\N	alive
2413800	P14	112	Arecaceae	Oenocarpus	mapora	oenoma	\N	1145	\N	0102	460	25.20000	49.70000	5.20000	9.70000	416932	516575	838216	6	1	\N	278	5	105	1.30	2014-04-08	19821	\N	1	\N	alive
2422314	P14	112	Arecaceae	Oenocarpus	mapora	oenoma	\N	1145	\N	0102	460	25.20000	49.70000	5.20000	9.70000	416932	516575	838216	6	1	\N	286	6	105	1.30	2015-06-24	20263	\N	1	\N	alive
2404037	P14	112	Arecaceae	Oenocarpus	mapora	oenoma	\N	1145	\N	0102	460	34.70000	54.10000	14.70000	14.10000	416960	516604	838217	6	1	main	204	2	100	1.30	2010-11-10	18576	R	1	\N	broken below
40193	P14	112	Arecaceae	Oenocarpus	mapora	oenoma	\N	1145	\N	0102	460	34.70000	54.10000	14.70000	14.10000	416960	516604	838217	6	1		256	3	100	1.30	2012-05-01	19114	\N	1	\N	alive
34693	P14	112	Arecaceae	Oenocarpus	mapora	oenoma	\N	1145	\N	0102	460	34.70000	54.10000	14.70000	14.10000	416960	516604	838217	6	1		268	4	100	1.30	2013-04-15	19463	\N	1	\N	alive
2413806	P14	112	Arecaceae	Oenocarpus	mapora	oenoma	\N	1145	\N	0102	460	34.70000	54.10000	14.70000	14.10000	416960	516604	838217	6	1	\N	278	5	102	1.30	2014-04-08	19821	\N	1	\N	alive
2422318	P14	112	Arecaceae	Oenocarpus	mapora	oenoma	\N	1145	\N	0102	460	34.70000	54.10000	14.70000	14.10000	416960	516604	838217	6	1	\N	286	6	102	1.30	2015-06-24	20263	\N	1	\N	alive
76658	P14	112	Arecaceae	Oenocarpus	mapora	oenoma	\N	1145	\N	0102	460	35.10000	40.20000	15.10000	0.20000	416991	516638	838218	6	\N	secondary	123	1	100	1.30	1996-11-12	13465	\N	1	\N	alive
81798	P14	112	Arecaceae	Oenocarpus	mapora	oenoma	\N	1145	\N	0201	685	43.80000	24.40000	3.80000	4.40000	417018	516802	838219	6	\N	secondary	123	1	84	1.30	1996-11-15	13468	\N	1	\N	alive
2410295	P14	112	Rubiaceae	Alseis	blackiana	alsebl	\N	33	\N	0201	685	43.00000	28.30000	3.00000	8.30000	417024	516808	838220	6	2	secondary	204	2	36	1.30	2010-11-18	18584	\N	1	\N	alive
56222	P14	112	Rubiaceae	Alseis	blackiana	alsebl	\N	33	\N	0201	685	43.00000	28.30000	3.00000	8.30000	417024	516808	838220	6	2		256	3	37	1.30	2012-05-01	19114	\N	1	\N	alive
49164	P14	112	Rubiaceae	Alseis	blackiana	alsebl	\N	33	\N	0201	685	43.00000	28.30000	3.00000	8.30000	417024	516808	838220	6	2		268	4	37	1.30	2013-04-15	19463	\N	1	\N	alive
2413917	P14	112	Rubiaceae	Alseis	blackiana	alsebl	\N	33	\N	0201	685	43.00000	28.30000	3.00000	8.30000	417024	516808	838220	6	2	\N	278	5	37	1.30	2014-04-09	19822	\N	1	\N	alive
2405702	P14	112	Arecaceae	Oenocarpus	mapora	oenoma	\N	1145	\N	0201	685	49.50000	22.00000	9.50000	2.00000	417055	516839	838221	6	3	secondary	204	2	85	1.30	2010-11-11	18577	\N	1	\N	alive
57351	P14	112	Arecaceae	Oenocarpus	mapora	oenoma	\N	1145	\N	0201	685	49.50000	22.00000	9.50000	2.00000	417055	516839	838221	6	3		256	3	86	1.30	2012-05-01	19114	\N	1	\N	alive
50304	P14	112	Arecaceae	Oenocarpus	mapora	oenoma	\N	1145	\N	0201	685	49.50000	22.00000	9.50000	2.00000	417055	516839	838221	6	3		268	4	86	1.30	2013-04-15	19463	\N	1	\N	alive
2413924	P14	112	Arecaceae	Oenocarpus	mapora	oenoma	\N	1145	\N	0201	685	49.50000	22.00000	9.50000	2.00000	417055	516839	838221	6	3	\N	278	5	93	1.30	2014-04-09	19822	\N	1	\N	alive
2405719	P14	112	Rubiaceae	Faramea	occidentalis	faraoc	\N	379	\N	0201	685	50.80000	32.40000	10.80000	12.40000	417069	516853	838222	6	3	secondary	204	2	35	1.30	2010-11-11	18577	\N	1	\N	alive
2406820	P14	112	Violaceae	Hybanthus	prunifolius	hybapr	\N	494	\N	0202	739	53.60000	46.70000	13.60000	6.70000	417180	517577	838223	6	3	secondary	204	2	26	1.30	2010-11-16	18582	\N	1	\N	alive
107639	P14	112	Arecaceae	Oenocarpus	mapora	oenoma	\N	1145	\N	0203	793	47.30000	69.00000	7.30000	9.00000	417231	517689	838224	6	\N	secondary	123	1	87	1.30	1996-11-13	13466	\N	1	\N	alive
101006	P14	112	Arecaceae	Oenocarpus	mapora	oenoma	\N	1145	\N	0300	901	70.60000	3.50000	10.60000	3.50000	417265	517723	838225	6	2		256	3	94	1.30	2012-05-01	19114	\N	1	\N	alive
90200	P14	112	Arecaceae	Oenocarpus	mapora	oenoma	\N	1145	\N	0300	901	70.60000	3.50000	10.60000	3.50000	417265	517723	838225	6	2		268	4	73	1.30	2013-04-16	19464	\N	1	\N	alive
2414003	P14	112	Arecaceae	Oenocarpus	mapora	oenoma	\N	1145	\N	0300	901	70.60000	3.50000	10.60000	3.50000	417265	517723	838225	6	2	\N	278	5	73	1.30	2014-04-08	19821	\N	1	\N	alive
101101	P14	112	Fabaceae-mimosoideae	Inga	thibaudiana	ingath	\N	1133	\N	0300	901	72.80000	9.30000	12.80000	9.30000	417275	517733	838226	6	5		256	3	11	1.30	2012-05-01	19114	\N	1	\N	alive
60731	P14	112	Fabaceae-mimosoideae	Inga	thibaudiana	ingath	\N	1133	\N	0300	901	72.80000	9.30000	12.80000	9.30000	417275	517733	838226	6	5		268	4	\N	0.00	2013-04-16	19464	lost	1	\N	stem dead
2414008	P14	112	Fabaceae-mimosoideae	Inga	thibaudiana	ingath	\N	1133	\N	0300	901	72.80000	9.30000	12.80000	9.30000	417275	517733	838226	6	5	\N	278	5	\N	1.30	2014-04-08	19821	R	1	\N	broken below
114160	P14	112	Arecaceae	Oenocarpus	mapora	oenoma	\N	1145	\N	0301	955	66.60000	22.20000	6.60000	2.20000	417280	517738	838227	6	\N	secondary	123	1	92	1.30	1996-11-15	13468	\N	1	\N	alive
115150	P14	112	Arecaceae	Oenocarpus	mapora	oenoma	\N	1145	\N	0301	955	68.00000	30.50000	8.00000	10.50000	417283	517741	838228	6	\N	secondary	123	1	77	1.30	1996-11-15	13468	\N	1	\N	alive
2407786	P14	112	Arecaceae	Oenocarpus	mapora	oenoma	\N	1145	\N	0301	955	79.10000	33.40000	19.10000	13.40000	417289	517747	838229	6	1	main	204	2	111	1.30	2010-11-16	18582	\N	1	\N	alive
73806	P14	112	Arecaceae	Oenocarpus	mapora	oenoma	\N	1145	\N	0301	955	79.10000	33.40000	19.10000	13.40000	417289	517747	838229	6	1		256	3	109	1.30	2012-05-01	19114	\N	1	\N	alive
64779	P14	112	Arecaceae	Oenocarpus	mapora	oenoma	\N	1145	\N	0301	955	79.10000	33.40000	19.10000	13.40000	417289	517747	838229	6	1		268	4	109	1.30	2013-04-16	19464	\N	1	\N	alive
2414062	P14	112	Arecaceae	Oenocarpus	mapora	oenoma	\N	1145	\N	0301	955	79.10000	33.40000	19.10000	13.40000	417289	517747	838229	6	1	\N	278	5	109	1.30	2014-04-08	19821	\N	1	\N	alive
2422482	P14	112	Arecaceae	Oenocarpus	mapora	oenoma	\N	1145	\N	0301	955	79.10000	33.40000	19.10000	13.40000	417289	517747	838229	6	1	\N	286	6	109	1.30	2015-06-24	20263	\N	1	\N	alive
117008	P14	112	Arecaceae	Oenocarpus	mapora	oenoma	\N	1145	\N	0301	955	75.60000	24.00000	15.60000	4.00000	417292	517750	838230	6	\N	secondary	123	1	105	1.30	1996-11-15	13468	\N	1	\N	alive
122610	P14	112	Arecaceae	Oenocarpus	mapora	oenoma	\N	1145	\N	0400	1171	84.00000	14.80000	4.00000	14.80000	417344	517802	838231	6	\N	secondary	123	1	79	1.30	1996-11-17	13470	\N	1	\N	alive
2410324	P14	112	Urticaceae	Cecropia	insignis	cecrin	\N	177	\N	0402	1279	89.20000	50.90000	9.20000	10.90000	417380	517839	838232	6	3	secondary	204	2	167	3.00	2010-11-18	18584	\N	1	\N	alive
92352	P14	112	Urticaceae	Cecropia	insignis	cecrin	\N	177	\N	0402	1279	89.20000	50.90000	9.20000	10.90000	417380	517839	838232	6	3		256	3	167	3.00	2012-05-02	19115	B;cylY	1	\N	alive
81434	P14	112	Urticaceae	Cecropia	insignis	cecrin	\N	177	\N	0402	1279	89.20000	50.90000	9.20000	10.90000	417380	517839	838232	6	3		268	4	173	3.00	2013-04-12	19460	B;cylN	1	\N	alive
2414181	P14	112	Urticaceae	Cecropia	insignis	cecrin	\N	177	\N	0402	1279	89.20000	50.90000	9.20000	10.90000	417380	517839	838232	6	3	\N	278	5	179	3.00	2014-04-09	19822	B;cylN	1	\N	alive
2422575	P14	112	Urticaceae	Cecropia	insignis	cecrin	\N	177	\N	0402	1279	89.20000	50.90000	9.20000	10.90000	417380	517839	838232	6	3	\N	286	6	181	3.00	2015-09-14	20345	B	1	\N	alive
2398191	P14	112	Arecaceae	Oenocarpus	mapora	oenoma	\N	1145	\N	0003	208	10.24000	69.64000	10.24000	9.64000	482297	838583	839287	6	6	secondary	204	2	92	1.30	2010-11-16	18582	\N	1	\N	alive
20131	P14	112	Arecaceae	Oenocarpus	mapora	oenoma	\N	1145	\N	0003	208	10.24000	69.64000	10.24000	9.64000	482297	838583	839287	6	6		256	3	92	1.30	2012-05-01	19114	\N	1	\N	alive
16417	P14	112	Arecaceae	Oenocarpus	mapora	oenoma	\N	1145	\N	0003	208	10.24000	69.64000	10.24000	9.64000	482297	838583	839287	6	6		268	4	92	1.30	2013-04-15	19463	\N	1	\N	alive
2413668	P14	112	Arecaceae	Oenocarpus	mapora	oenoma	\N	1145	\N	0003	208	10.24000	69.64000	10.24000	9.64000	482297	838583	839287	6	6	\N	278	5	93	1.30	2014-04-09	19822	\N	1	\N	alive
2398241	P14	112	Arecaceae	Oenocarpus	mapora	oenoma	\N	1145	\N	0004	271	4.57000	82.40000	4.57000	2.40000	482348	838586	839289	6	6	secondary	204	2	88	1.30	2010-11-16	18582	\N	1	\N	alive
27393	P14	112	Arecaceae	Oenocarpus	mapora	oenoma	\N	1145	\N	0004	271	4.57000	82.40000	4.57000	2.40000	482348	838586	839289	6	6		256	3	89	1.30	2012-05-01	19114	\N	1	\N	alive
21380	P14	112	Arecaceae	Oenocarpus	mapora	oenoma	\N	1145	\N	0004	271	4.57000	82.40000	4.57000	2.40000	482348	838586	839289	6	6		268	4	88	1.30	2013-04-15	19463	\N	1	\N	alive
2413697	P14	112	Arecaceae	Oenocarpus	mapora	oenoma	\N	1145	\N	0004	271	4.57000	82.40000	4.57000	2.40000	482348	838586	839289	6	6	\N	278	5	88	1.30	2014-04-09	19822	\N	1	\N	alive
2398331	P14	112	Arecaceae	Oenocarpus	mapora	oenoma	\N	1145	\N	0100	334	23.84000	5.14000	3.84000	5.14000	482384	826386	839290	6	6	secondary	204	2	88	1.30	2010-11-15	18581	\N	1	\N	alive
32938	P14	112	Arecaceae	Oenocarpus	mapora	oenoma	\N	1145	\N	0100	334	23.84000	5.14000	3.84000	5.14000	482384	826386	839290	6	6		256	3	88	1.30	2012-05-01	19114	\N	1	\N	alive
26720	P14	112	Arecaceae	Oenocarpus	mapora	oenoma	\N	1145	\N	0100	334	23.84000	5.14000	3.84000	5.14000	482384	826386	839290	6	6		268	4	96	1.30	2013-04-15	19463	\N	1	\N	alive
2413728	P14	112	Arecaceae	Oenocarpus	mapora	oenoma	\N	1145	\N	0100	334	23.84000	5.14000	3.84000	5.14000	482384	826386	839290	6	6	\N	278	5	96	1.30	2014-04-08	19821	\N	1	\N	alive
2399400	P14	112	Arecaceae	Oenocarpus	mapora	oenoma	\N	1145	\N	0103	523	26.99000	69.56000	6.99000	9.56000	483285	826388	839294	6	6	secondary	204	2	93	1.30	2010-11-16	18582	\N	1	\N	alive
47755	P14	112	Arecaceae	Oenocarpus	mapora	oenoma	\N	1145	\N	0103	523	26.99000	69.56000	6.99000	9.56000	483285	826388	839294	6	6		256	3	94	1.30	2012-05-01	19114	\N	1	\N	alive
42021	P14	112	Arecaceae	Oenocarpus	mapora	oenoma	\N	1145	\N	0103	523	26.99000	69.56000	6.99000	9.56000	483285	826388	839294	6	6		268	4	89	1.30	2013-04-15	19463	\N	1	\N	alive
2413837	P14	112	Arecaceae	Oenocarpus	mapora	oenoma	\N	1145	\N	0103	523	26.99000	69.56000	6.99000	9.56000	483285	826388	839294	6	6	\N	278	5	90	1.30	2014-04-08	19821	\N	1	\N	alive
2400819	P14	112	Arecaceae	Oenocarpus	mapora	oenoma	\N	1145	\N	0401	1225	97.42000	39.55000	17.42000	19.55000	484421	826494	839305	6	6	secondary	204	2	85	1.30	2010-11-17	18583	\N	1	\N	alive
91538	P14	112	Arecaceae	Oenocarpus	mapora	oenoma	\N	1145	\N	0401	1225	97.42000	39.55000	17.42000	19.55000	484421	826494	839305	6	6		256	3	86	1.30	2012-05-01	19114	\N	1	\N	alive
80647	P14	112	Arecaceae	Oenocarpus	mapora	oenoma	\N	1145	\N	0401	1225	97.42000	39.55000	17.42000	19.55000	484421	826494	839305	6	6		268	4	85	1.30	2013-04-16	19464	\N	1	\N	alive
2414170	P14	112	Arecaceae	Oenocarpus	mapora	oenoma	\N	1145	\N	0401	1225	97.42000	39.55000	17.42000	19.55000	484421	826494	839305	6	6	\N	278	5	85	1.30	2014-04-09	19822	\N	1	\N	alive
2400925	P14	112	Myrtaceae	Eugenia	coloradoensis	eugeco	\N	358	\N	0403	1333	90.75000	72.54000	10.75000	12.54000	484507	828477	839307	6	6	secondary	204	2	16	1.30	2010-11-17	18583	\N	1	\N	alive
96513	P14	112	Myrtaceae	Eugenia	coloradoensis	eugeco	\N	358	\N	0403	1333	90.75000	72.54000	10.75000	12.54000	484507	828477	839307	6	6		256	3	16	1.30	2012-05-01	19114	\N	1	\N	alive
85308	P14	112	Myrtaceae	Eugenia	coloradoensis	eugeco	\N	358	\N	0403	1333	90.75000	72.54000	10.75000	12.54000	484507	828477	839307	6	6		268	4	15	1.30	2013-04-16	19464	\N	1	\N	alive
2414206	P14	112	Myrtaceae	Eugenia	coloradoensis	eugeco	\N	358	\N	0403	1333	90.75000	72.54000	10.75000	12.54000	484507	828477	839307	6	6	\N	278	5	15	1.30	2014-04-09	19822	\N	1	\N	alive
4031	P14	112	Arecaceae	Oenocarpus	mapora	oenoma	\N	1145	\N	0000	19	9.60000	19.70000	9.60000	19.70000	416632	515711	868284	7	\N	secondary	123	1	80	1.30	1996-11-08	13461	\N	1	\N	alive
4997	P14	112	Arecaceae	Oenocarpus	mapora	oenoma	\N	1145	\N	0000	19	13.70000	17.70000	13.70000	17.70000	416633	515712	868285	7	\N	secondary	123	1	81	1.30	1996-11-08	13461	\N	1	\N	alive
10378	P14	112	Arecaceae	Oenocarpus	mapora	oenoma	\N	1145	\N	0002	145	11.50000	53.90000	11.50000	13.90000	416662	515741	868286	7	\N	secondary	123	1	60	1.30	1996-12-11	13494	\N	1	\N	alive
11620	P14	112	Arecaceae	Oenocarpus	mapora	oenoma	\N	1145	\N	0002	145	17.50000	48.20000	17.50000	8.20000	416665	515744	868287	7	\N	secondary	123	1	86	1.30	1996-12-11	13494	\N	1	\N	alive
13690	P14	112	Arecaceae	Oenocarpus	mapora	oenoma	\N	1145	\N	0003	208	3.80000	72.70000	3.80000	12.70000	416669	515748	868288	7	\N	secondary	123	1	46	1.30	1996-12-11	13494	\N	1	\N	alive
2401607	P14	112	Burseraceae	Protium	tenuifolium	protte		828	15	0003	208	9.70000	79.20000	9.70000	19.20000	416673	515752	868289	7	3	secondary	204	2	42	1.30	2010-11-16	18582	\N	1	\N	alive
16819	P14	112	Burseraceae	Protium	tenuifolium	protte		828	15	0003	208	9.70000	79.20000	9.70000	19.20000	416673	515752	868289	7	3		256	3	41	1.30	2012-05-01	19114	\N	1	\N	alive
13519	P14	112	Burseraceae	Protium	tenuifolium	protte		828	15	0003	208	9.70000	79.20000	9.70000	19.20000	416673	515752	868289	7	3		268	4	42	1.30	2013-04-15	19463	\N	1	\N	alive
2413649	P14	112	Burseraceae	Protium	tenuifolium	protte		828	15	0003	208	9.70000	79.20000	9.70000	19.20000	416673	515752	868289	7	3	\N	278	5	41	1.30	2014-04-09	19822	\N	1	\N	alive
16864	P14	112	Arecaceae	Oenocarpus	mapora	oenoma	\N	1145	\N	0003	208	18.70000	66.40000	18.70000	6.40000	416683	515762	868290	7	\N	secondary	123	1	72	1.30	1996-12-11	13494	\N	1	\N	alive
18382	P14	112	Arecaceae	Oenocarpus	mapora	oenoma	\N	1145	\N	0004	271	5.30000	90.60000	5.30000	10.60000	416685	515764	868291	7	\N	secondary	123	1	83	1.30	1996-12-13	13496	\N	1	\N	alive
2409200	P14	112	Arecaceae	Oenocarpus	mapora	oenoma	\N	1145	\N	0004	271	10.50000	93.60000	10.50000	13.60000	416687	515766	868292	7	6	secondary	204	2	75	1.30	2010-11-16	18582	\N	1	\N	alive
24929	P14	112	Arecaceae	Oenocarpus	mapora	oenoma	\N	1145	\N	0004	271	10.50000	93.60000	10.50000	13.60000	416687	515766	868292	7	6		256	3	75	1.30	2012-05-01	19114	\N	1	\N	alive
19453	P14	112	Arecaceae	Oenocarpus	mapora	oenoma	\N	1145	\N	0004	271	10.50000	93.60000	10.50000	13.60000	416687	515766	868292	7	6		268	4	75	1.30	2013-04-15	19463	\N	1	\N	alive
2413708	P14	112	Arecaceae	Oenocarpus	mapora	oenoma	\N	1145	\N	0004	271	10.50000	93.60000	10.50000	13.60000	416687	515766	868292	7	6	\N	278	5	76	1.30	2014-04-09	19822	\N	1	\N	alive
88936	P14	112	Rubiaceae	Alseis	blackiana	alsebl	\N	33	\N	0004	271	19.80000	96.70000	19.80000	16.70000	416690	515769	868293	7	6		268	4	11	1.30	2013-04-15	19463	\N	1	\N	alive
2413716	P14	112	Rubiaceae	Alseis	blackiana	alsebl	\N	33	\N	0004	271	19.80000	96.70000	19.80000	16.70000	416690	515769	868293	7	6	\N	278	5	11	1.30	2014-04-09	19822	\N	1	\N	alive
23193	P14	112	Arecaceae	Oenocarpus	mapora	oenoma	\N	1145	\N	0100	334	34.90000	0.20000	14.90000	0.20000	416710	515789	868294	7	\N	secondary	123	1	85	1.30	1996-11-13	13466	\N	1	\N	alive
2404535	P14	112	Arecaceae	Oenocarpus	mapora	oenoma	\N	1145	\N	0103	523	38.90000	61.10000	18.90000	1.10000	416719	515798	868295	7	3	secondary	204	2	109	1.30	2010-11-16	18582	\N	1	\N	alive
44186	P14	112	Arecaceae	Oenocarpus	mapora	oenoma	\N	1145	\N	0103	523	38.90000	61.10000	18.90000	1.10000	416719	515798	868295	7	3		256	3	116	1.30	2012-05-01	19114	\N	1	\N	alive
38510	P14	112	Arecaceae	Oenocarpus	mapora	oenoma	\N	1145	\N	0103	523	38.90000	61.10000	18.90000	1.10000	416719	515798	868295	7	3		268	4	114	1.30	2013-04-15	19463	\N	1	\N	alive
2413852	P14	112	Arecaceae	Oenocarpus	mapora	oenoma	\N	1145	\N	0103	523	38.90000	61.10000	18.90000	1.10000	416719	515798	868295	7	3	\N	278	5	114	1.30	2014-04-08	19821	\N	1	\N	alive
2422345	P14	112	Arecaceae	Oenocarpus	mapora	oenoma	\N	1145	\N	0103	523	38.90000	61.10000	18.90000	1.10000	416719	515798	868295	7	3	\N	286	6	114	1.30	2015-06-24	20263	\N	1	\N	alive
27712	P14	112	Arecaceae	Oenocarpus	mapora	oenoma	\N	1145	\N	0103	523	39.00000	71.50000	19.00000	11.50000	416724	515803	868296	7	\N	secondary	123	1	87	1.30	1996-11-13	13466	\N	1	\N	alive
31092	P14	112	Arecaceae	Oenocarpus	mapora	oenoma	\N	1145	\N	0200	631	40.90000	0.60000	0.90000	0.60000	416739	515819	868297	7	\N	secondary	123	1	83	1.30	1996-11-13	13466	\N	1	\N	alive
33117	P14	112	Arecaceae	Oenocarpus	mapora	oenoma	\N	1145	\N	0200	631	44.60000	17.10000	4.60000	17.10000	416744	515824	868298	7	\N	secondary	123	1	55	1.30	1996-11-13	13466	\N	1	\N	alive
2409483	P14	112	Arecaceae	Oenocarpus	mapora	oenoma	\N	1145	\N	0200	631	55.80000	2.40000	15.80000	2.40000	416756	515836	868299	7	4	secondary	204	2	75	1.30	2010-11-15	18581	\N	1	\N	alive
55718	P14	112	Arecaceae	Oenocarpus	mapora	oenoma	\N	1145	\N	0200	631	55.80000	2.40000	15.80000	2.40000	416756	515836	868299	7	4		256	3	80	1.30	2012-05-01	19114	\N	1	\N	alive
48656	P14	112	Arecaceae	Oenocarpus	mapora	oenoma	\N	1145	\N	0200	631	55.80000	2.40000	15.80000	2.40000	416756	515836	868299	7	4		268	4	85	1.30	2013-04-15	19463	\N	1	\N	alive
2413911	P14	112	Arecaceae	Oenocarpus	mapora	oenoma	\N	1145	\N	0200	631	55.80000	2.40000	15.80000	2.40000	416756	515836	868299	7	4	\N	278	5	86	1.30	2014-04-09	19822	\N	1	\N	alive
2409296	P14	112	Rubiaceae	Coussarea	curvigemmia	cou2cu	\N	280	\N	0101	397	20.50000	34.00000	0.50000	14.00000	416785	515881	868300	7	4	secondary	204	2	12	1.30	2010-11-11	18577	\N	1	\N	alive
45638	P14	112	Sapindaceae	Cupania	seemannii	cupasy	\N	1120	\N	0101	397	29.70000	28.40000	9.70000	8.40000	416822	516422	868301	7	\N	secondary	123	1	26	1.30	1996-11-13	13466	\N	1	\N	alive
2402822	P14	112	Arecaceae	Oenocarpus	mapora	oenoma	\N	1145	\N	0101	397	29.80000	20.50000	9.80000	0.50000	416832	516433	868302	7	1	main	204	2	78	1.30	2010-11-11	18577	R	1	\N	broken below
49703	P14	112	Arecaceae	Oenocarpus	mapora	oenoma	\N	1145	\N	0101	397	34.40000	20.50000	14.40000	0.50000	416838	516439	868303	7	\N	secondary	123	1	62	1.30	1996-11-13	13466	\N	1	\N	alive
60639	P14	112	Arecaceae	Oenocarpus	mapora	oenoma	\N	1145	\N	0102	460	21.40000	58.20000	1.40000	18.20000	416911	516554	868304	7	\N	secondary	123	1	90	1.30	1996-11-12	13465	\N	1	\N	alive
65543	P14	112	Arecaceae	Oenocarpus	mapora	oenoma	\N	1145	\N	0102	460	26.40000	45.10000	6.40000	5.10000	416929	516572	868305	7	\N	secondary	123	1	83	1.30	1996-11-12	13465	\N	1	\N	alive
2404008	P14	112	Arecaceae	Oenocarpus	mapora	oenoma	\N	1145	\N	0102	460	25.20000	49.70000	5.20000	9.70000	416932	516575	868306	7	2	secondary	204	2	81	1.30	2010-11-10	18576	\N	1	\N	alive
39673	P14	112	Arecaceae	Oenocarpus	mapora	oenoma	\N	1145	\N	0102	460	25.20000	49.70000	5.20000	9.70000	416932	516575	868306	7	2		256	3	81	1.30	2012-05-01	19114	\N	1	\N	alive
34158	P14	112	Arecaceae	Oenocarpus	mapora	oenoma	\N	1145	\N	0102	460	25.20000	49.70000	5.20000	9.70000	416932	516575	868306	7	2		268	4	95	1.30	2013-04-15	19463	\N	1	\N	alive
2413801	P14	112	Arecaceae	Oenocarpus	mapora	oenoma	\N	1145	\N	0102	460	25.20000	49.70000	5.20000	9.70000	416932	516575	868306	7	2	\N	278	5	95	1.30	2014-04-08	19821	\N	1	\N	alive
2404038	P14	112	Arecaceae	Oenocarpus	mapora	oenoma	\N	1145	\N	0102	460	34.70000	54.10000	14.70000	14.10000	416960	516604	868307	7	2	secondary	204	2	79	1.30	2010-11-10	18576	\N	1	\N	alive
40323	P14	112	Arecaceae	Oenocarpus	mapora	oenoma	\N	1145	\N	0102	460	34.70000	54.10000	14.70000	14.10000	416960	516604	868307	7	2		256	3	80	1.30	2012-05-01	19114	\N	1	\N	alive
34826	P14	112	Arecaceae	Oenocarpus	mapora	oenoma	\N	1145	\N	0102	460	34.70000	54.10000	14.70000	14.10000	416960	516604	868307	7	2		268	4	80	1.30	2013-04-15	19463	\N	1	\N	alive
2413807	P14	112	Arecaceae	Oenocarpus	mapora	oenoma	\N	1145	\N	0102	460	34.70000	54.10000	14.70000	14.10000	416960	516604	868307	7	2	\N	278	5	81	1.30	2014-04-08	19821	\N	1	\N	alive
76773	P14	112	Arecaceae	Oenocarpus	mapora	oenoma	\N	1145	\N	0102	460	35.10000	40.20000	15.10000	0.20000	416991	516638	868308	7	\N	secondary	123	1	98	1.30	1996-11-12	13465	\N	1	\N	alive
81910	P14	112	Arecaceae	Oenocarpus	mapora	oenoma	\N	1145	\N	0201	685	43.80000	24.40000	3.80000	4.40000	417018	516802	868309	7	\N	secondary	123	1	51	1.30	1996-11-15	13468	\N	1	\N	alive
2410296	P14	112	Rubiaceae	Alseis	blackiana	alsebl	\N	33	\N	0201	685	43.00000	28.30000	3.00000	8.30000	417024	516808	868310	7	3	secondary	204	2	30	1.30	2010-11-18	18584	\N	1	\N	alive
56348	P14	112	Rubiaceae	Alseis	blackiana	alsebl	\N	33	\N	0201	685	43.00000	28.30000	3.00000	8.30000	417024	516808	868310	7	3		256	3	33	1.30	2012-05-01	19114	\N	1	\N	alive
49291	P14	112	Rubiaceae	Alseis	blackiana	alsebl	\N	33	\N	0201	685	43.00000	28.30000	3.00000	8.30000	417024	516808	868310	7	3		268	4	33	1.30	2013-04-15	19463	\N	1	\N	alive
2413918	P14	112	Rubiaceae	Alseis	blackiana	alsebl	\N	33	\N	0201	685	43.00000	28.30000	3.00000	8.30000	417024	516808	868310	7	3	\N	278	5	33	1.30	2014-04-09	19822	\N	1	\N	alive
2409567	P14	112	Arecaceae	Oenocarpus	mapora	oenoma	\N	1145	\N	0201	685	49.50000	22.00000	9.50000	2.00000	417055	516839	868311	7	4	secondary	204	2	78	1.30	2010-11-11	18577	\N	1	\N	alive
57476	P14	112	Arecaceae	Oenocarpus	mapora	oenoma	\N	1145	\N	0201	685	49.50000	22.00000	9.50000	2.00000	417055	516839	868311	7	4		256	3	80	1.30	2012-05-01	19114	\N	1	\N	alive
50431	P14	112	Arecaceae	Oenocarpus	mapora	oenoma	\N	1145	\N	0201	685	49.50000	22.00000	9.50000	2.00000	417055	516839	868311	7	4		268	4	79	1.30	2013-04-15	19463	\N	1	\N	alive
2413925	P14	112	Arecaceae	Oenocarpus	mapora	oenoma	\N	1145	\N	0201	685	49.50000	22.00000	9.50000	2.00000	417055	516839	868311	7	4	\N	278	5	86	1.30	2014-04-09	19822	\N	1	\N	alive
107733	P14	112	Arecaceae	Oenocarpus	mapora	oenoma	\N	1145	\N	0203	793	47.30000	69.00000	7.30000	9.00000	417231	517689	868312	7	\N	secondary	123	1	86	1.30	1996-11-13	13466	\N	1	\N	alive
114250	P14	112	Arecaceae	Oenocarpus	mapora	oenoma	\N	1145	\N	0301	955	66.60000	22.20000	6.60000	2.20000	417280	517738	868313	7	\N	secondary	123	1	86	1.30	1996-11-15	13468	\N	1	\N	alive
115239	P14	112	Arecaceae	Oenocarpus	mapora	oenoma	\N	1145	\N	0301	955	68.00000	30.50000	8.00000	10.50000	417283	517741	868314	7	\N	secondary	123	1	71	1.30	1996-11-15	13468	\N	1	\N	alive
2407787	P14	112	Arecaceae	Oenocarpus	mapora	oenoma	\N	1145	\N	0301	955	79.10000	33.40000	19.10000	13.40000	417289	517747	868315	7	2	secondary	204	2	108	1.30	2010-11-16	18582	\N	1	\N	alive
73924	P14	112	Arecaceae	Oenocarpus	mapora	oenoma	\N	1145	\N	0301	955	79.10000	33.40000	19.10000	13.40000	417289	517747	868315	7	2		256	3	\N	0.00	2012-05-01	19114	M;S	1	\N	stem dead
65145	P14	112	Arecaceae	Oenocarpus	mapora	oenoma	\N	1145	\N	0301	955	79.10000	33.40000	19.10000	13.40000	417289	517747	868315	7	2		268	4	\N	0.00	2013-04-16	19464	lost	1	\N	stem dead
2414063	P14	112	Arecaceae	Oenocarpus	mapora	oenoma	\N	1145	\N	0301	955	79.10000	33.40000	19.10000	13.40000	417289	517747	868315	7	2	\N	278	5	\N	1.30	2014-04-08	19821	R	1	\N	broken below
117096	P14	112	Arecaceae	Oenocarpus	mapora	oenoma	\N	1145	\N	0301	955	75.60000	24.00000	15.60000	4.00000	417292	517750	868316	7	\N	secondary	123	1	76	1.30	1996-11-15	13468	\N	1	\N	alive
122689	P14	112	Arecaceae	Oenocarpus	mapora	oenoma	\N	1145	\N	0400	1171	84.00000	14.80000	4.00000	14.80000	417344	517802	868317	7	\N	secondary	123	1	74	1.30	1996-11-17	13470	\N	1	\N	alive
2410325	P14	112	Urticaceae	Cecropia	insignis	cecrin	\N	177	\N	0402	1279	89.20000	50.90000	9.20000	10.90000	417380	517839	868318	7	4	secondary	204	2	139	1.30	2010-11-18	18584	\N	1	\N	alive
92453	P14	112	Urticaceae	Cecropia	insignis	cecrin	\N	177	\N	0402	1279	89.20000	50.90000	9.20000	10.90000	417380	517839	868318	7	4		256	3	140	1.30	2012-05-02	19115	\N	1	\N	alive
81546	P14	112	Urticaceae	Cecropia	insignis	cecrin	\N	177	\N	0402	1279	89.20000	50.90000	9.20000	10.90000	417380	517839	868318	7	4		268	4	139	1.30	2013-04-16	19464	\N	1	\N	alive
2414182	P14	112	Urticaceae	Cecropia	insignis	cecrin	\N	177	\N	0402	1279	89.20000	50.90000	9.20000	10.90000	417380	517839	868318	7	4	\N	278	5	139	1.30	2014-04-09	19822	\N	1	\N	alive
2422576	P14	112	Urticaceae	Cecropia	insignis	cecrin	\N	177	\N	0402	1279	89.20000	50.90000	9.20000	10.90000	417380	517839	868318	7	4	\N	286	6	140	1.30	2015-09-14	20345	\N	1	\N	alive
2398192	P14	112	Arecaceae	Oenocarpus	mapora	oenoma	\N	1145	\N	0003	208	10.24000	69.64000	10.24000	9.64000	482297	838583	869044	7	7	secondary	204	2	90	1.30	2010-11-16	18582	\N	1	\N	alive
20269	P14	112	Arecaceae	Oenocarpus	mapora	oenoma	\N	1145	\N	0003	208	10.24000	69.64000	10.24000	9.64000	482297	838583	869044	7	7		256	3	93	1.30	2012-05-01	19114	\N	1	\N	alive
16279	P14	112	Arecaceae	Oenocarpus	mapora	oenoma	\N	1145	\N	0003	208	10.24000	69.64000	10.24000	9.64000	482297	838583	869044	7	7		268	4	93	1.30	2013-04-15	19463	\N	1	\N	alive
2413669	P14	112	Arecaceae	Oenocarpus	mapora	oenoma	\N	1145	\N	0003	208	10.24000	69.64000	10.24000	9.64000	482297	838583	869044	7	7	\N	278	5	94	1.30	2014-04-09	19822	\N	1	\N	alive
2398240	P14	112	Arecaceae	Oenocarpus	mapora	oenoma	\N	1145	\N	0004	271	4.57000	82.40000	4.57000	2.40000	482348	838586	869046	7	7	secondary	204	2	86	1.30	2010-11-16	18582	\N	1	\N	alive
27530	P14	112	Arecaceae	Oenocarpus	mapora	oenoma	\N	1145	\N	0004	271	4.57000	82.40000	4.57000	2.40000	482348	838586	869046	7	7		256	3	85	1.30	2012-05-01	19114	\N	1	\N	alive
21517	P14	112	Arecaceae	Oenocarpus	mapora	oenoma	\N	1145	\N	0004	271	4.57000	82.40000	4.57000	2.40000	482348	838586	869046	7	7		268	4	86	1.30	2013-04-15	19463	\N	1	\N	alive
2413698	P14	112	Arecaceae	Oenocarpus	mapora	oenoma	\N	1145	\N	0004	271	4.57000	82.40000	4.57000	2.40000	482348	838586	869046	7	7	\N	278	5	87	1.30	2014-04-09	19822	\N	1	\N	alive
2398332	P14	112	Arecaceae	Oenocarpus	mapora	oenoma	\N	1145	\N	0100	334	23.84000	5.14000	3.84000	5.14000	482384	826386	869047	7	7	secondary	204	2	86	1.30	2010-11-15	18581	\N	1	\N	alive
33073	P14	112	Arecaceae	Oenocarpus	mapora	oenoma	\N	1145	\N	0100	334	23.84000	5.14000	3.84000	5.14000	482384	826386	869047	7	7		256	3	87	1.30	2012-05-01	19114	\N	1	\N	alive
26857	P14	112	Arecaceae	Oenocarpus	mapora	oenoma	\N	1145	\N	0100	334	23.84000	5.14000	3.84000	5.14000	482384	826386	869047	7	7		268	4	87	1.30	2013-04-15	19463	\N	1	\N	alive
2413729	P14	112	Arecaceae	Oenocarpus	mapora	oenoma	\N	1145	\N	0100	334	23.84000	5.14000	3.84000	5.14000	482384	826386	869047	7	7	\N	278	5	87	1.30	2014-04-08	19821	\N	1	\N	alive
2399401	P14	112	Arecaceae	Oenocarpus	mapora	oenoma	\N	1145	\N	0103	523	26.99000	69.56000	6.99000	9.56000	483285	826388	869050	7		secondary	204	2	92	1.30	2010-11-16	18582	\N	1	\N	alive
2400820	P14	112	Arecaceae	Oenocarpus	mapora	oenoma	\N	1145	\N	0401	1225	97.42000	39.55000	17.42000	19.55000	484421	826494	869061	7	7	secondary	204	2	51	1.30	2010-11-17	18583	\N	1	\N	alive
91640	P14	112	Arecaceae	Oenocarpus	mapora	oenoma	\N	1145	\N	0401	1225	97.42000	39.55000	17.42000	19.55000	484421	826494	869061	7	7		256	3	52	1.30	2012-05-01	19114	\N	1	\N	alive
80760	P14	112	Arecaceae	Oenocarpus	mapora	oenoma	\N	1145	\N	0401	1225	97.42000	39.55000	17.42000	19.55000	484421	826494	869061	7	7		268	4	67	1.30	2013-04-16	19464	\N	1	\N	alive
2414171	P14	112	Arecaceae	Oenocarpus	mapora	oenoma	\N	1145	\N	0401	1225	97.42000	39.55000	17.42000	19.55000	484421	826494	869061	7	7	\N	278	5	68	1.30	2014-04-09	19822	\N	1	\N	alive
2400926	P14	112	Myrtaceae	Eugenia	coloradoensis	eugeco	\N	358	\N	0403	1333	90.75000	72.54000	10.75000	12.54000	484507	828477	869063	7	7	secondary	204	2	13	1.30	2010-11-17	18583	\N	1	\N	alive
96610	P14	112	Myrtaceae	Eugenia	coloradoensis	eugeco	\N	358	\N	0403	1333	90.75000	72.54000	10.75000	12.54000	484507	828477	869063	7	7		256	3	13	1.30	2012-05-01	19114	\N	1	\N	alive
85638	P14	112	Myrtaceae	Eugenia	coloradoensis	eugeco	\N	358	\N	0403	1333	90.75000	72.54000	10.75000	12.54000	484507	828477	869063	7	7		268	4	13	1.30	2013-04-16	19464	\N	1	\N	alive
2414207	P14	112	Myrtaceae	Eugenia	coloradoensis	eugeco	\N	358	\N	0403	1333	90.75000	72.54000	10.75000	12.54000	484507	828477	869063	7	7	\N	278	5	13	1.30	2014-04-09	19822	\N	1	\N	alive
2401193	P14	112	Arecaceae	Oenocarpus	mapora	oenoma	\N	1145	\N	0000	19	9.60000	19.70000	9.60000	19.70000	416632	515711	892414	8	1	main	204	2	115	1.30	2010-11-15	18581	\N	1	\N	alive
1916	P14	112	Arecaceae	Oenocarpus	mapora	oenoma	\N	1145	\N	0000	19	9.60000	19.70000	9.60000	19.70000	416632	515711	892414	8	1		256	3	122	1.30	2012-05-01	19114	\N	1	\N	alive
1376	P14	112	Arecaceae	Oenocarpus	mapora	oenoma	\N	1145	\N	0000	19	9.60000	19.70000	9.60000	19.70000	416632	515711	892414	8	1		268	4	122	1.30	2013-04-15	19463	\N	1	\N	alive
2413567	P14	112	Arecaceae	Oenocarpus	mapora	oenoma	\N	1145	\N	0000	19	9.60000	19.70000	9.60000	19.70000	416632	515711	892414	8	1	\N	278	5	122	1.30	2014-04-09	19822	\N	1	\N	alive
2422210	P14	112	Arecaceae	Oenocarpus	mapora	oenoma	\N	1145	\N	0000	19	9.60000	19.70000	9.60000	19.70000	416632	515711	892414	8	1	\N	286	6	122	1.30	2015-06-24	20263	\N	1	\N	alive
5135	P14	112	Arecaceae	Oenocarpus	mapora	oenoma	\N	1145	\N	0000	19	13.70000	17.70000	13.70000	17.70000	416633	515712	892415	8	\N	secondary	123	1	70	1.30	1996-11-08	13461	\N	1	\N	alive
2401483	P14	112	Arecaceae	Oenocarpus	mapora	oenoma	\N	1145	\N	0002	145	11.50000	53.90000	11.50000	13.90000	416662	515741	892416	8	1	main	204	2	105	1.30	2010-11-15	18581	\N	1	\N	alive
9781	P14	112	Arecaceae	Oenocarpus	mapora	oenoma	\N	1145	\N	0002	145	11.50000	53.90000	11.50000	13.90000	416662	515741	892416	8	1		256	3	106	1.30	2012-05-01	19114	\N	1	\N	alive
7171	P14	112	Arecaceae	Oenocarpus	mapora	oenoma	\N	1145	\N	0002	145	11.50000	53.90000	11.50000	13.90000	416662	515741	892416	8	1		268	4	107	1.30	2013-04-15	19463	\N	1	\N	alive
2413610	P14	112	Arecaceae	Oenocarpus	mapora	oenoma	\N	1145	\N	0002	145	11.50000	53.90000	11.50000	13.90000	416662	515741	892416	8	1	\N	278	5	107	1.30	2014-04-09	19822	\N	1	\N	alive
2422245	P14	112	Arecaceae	Oenocarpus	mapora	oenoma	\N	1145	\N	0002	145	11.50000	53.90000	11.50000	13.90000	416662	515741	892416	8	1	\N	286	6	109	1.30	2015-06-24	20263	\N	1	\N	alive
11758	P14	112	Arecaceae	Oenocarpus	mapora	oenoma	\N	1145	\N	0002	145	17.50000	48.20000	17.50000	8.20000	416665	515744	892417	8	\N	secondary	123	1	83	1.30	1996-12-11	13494	\N	1	\N	alive
2401602	P14	112	Arecaceae	Oenocarpus	mapora	oenoma	\N	1145	\N	0003	208	3.80000	72.70000	3.80000	12.70000	416669	515748	892418	8		main	204	2	65	1.30	2010-11-16	18582	R	1	\N	broken below
15991	P14	112	Arecaceae	Oenocarpus	mapora	oenoma	\N	1145	\N	0003	208	3.80000	72.70000	3.80000	12.70000	416669	515748	892418	8			256	3	\N	0.00	2012-05-01	19114	R	1	\N	broken below
12829	P14	112	Arecaceae	Oenocarpus	mapora	oenoma	\N	1145	\N	0003	208	3.80000	72.70000	3.80000	12.70000	416669	515748	892418	8			268	4	\N	0.00	2013-04-15	19463	OR	1	\N	broken below
2413643	P14	112	Arecaceae	Oenocarpus	mapora	oenoma	\N	1145	\N	0003	208	3.80000	72.70000	3.80000	12.70000	416669	515748	892418	8		\N	278	5	\N	1.30	2014-04-09	19822	R	1	\N	broken below
2401608	P14	112	Burseraceae	Protium	tenuifolium	protte		828	15	0003	208	9.70000	79.20000	9.70000	19.20000	416673	515752	892419	8	4	secondary	204	2	32	1.30	2010-11-16	18582	\N	1	\N	alive
16957	P14	112	Burseraceae	Protium	tenuifolium	protte		828	15	0003	208	9.70000	79.20000	9.70000	19.20000	416673	515752	892419	8	4		256	3	31	1.30	2012-05-01	19114	\N	1	\N	alive
13657	P14	112	Burseraceae	Protium	tenuifolium	protte		828	15	0003	208	9.70000	79.20000	9.70000	19.20000	416673	515752	892419	8	4		268	4	32	1.30	2013-04-15	19463	\N	1	\N	alive
2413650	P14	112	Burseraceae	Protium	tenuifolium	protte		828	15	0003	208	9.70000	79.20000	9.70000	19.20000	416673	515752	892419	8	4	\N	278	5	31	1.30	2014-04-09	19822	\N	1	\N	alive
17002	P14	112	Arecaceae	Oenocarpus	mapora	oenoma	\N	1145	\N	0003	208	18.70000	66.40000	18.70000	6.40000	416683	515762	892420	8	\N	secondary	123	1	70	1.30	1996-12-11	13494	\N	1	\N	alive
18520	P14	112	Arecaceae	Oenocarpus	mapora	oenoma	\N	1145	\N	0004	271	5.30000	90.60000	5.30000	10.60000	416685	515764	892421	8	\N	secondary	123	1	83	1.30	1996-12-13	13496	\N	1	\N	alive
23330	P14	112	Arecaceae	Oenocarpus	mapora	oenoma	\N	1145	\N	0100	334	34.90000	0.20000	14.90000	0.20000	416710	515789	892422	8	\N	secondary	123	1	82	1.30	1996-11-13	13466	\N	1	\N	alive
2404536	P14	112	Arecaceae	Oenocarpus	mapora	oenoma	\N	1145	\N	0103	523	38.90000	61.10000	18.90000	1.10000	416719	515798	892423	8	4	secondary	204	2	78	1.30	2010-11-16	18582	\N	1	\N	alive
44314	P14	112	Arecaceae	Oenocarpus	mapora	oenoma	\N	1145	\N	0103	523	38.90000	61.10000	18.90000	1.10000	416719	515798	892423	8	4		256	3	78	1.30	2012-05-01	19114	\N	1	\N	alive
38641	P14	112	Arecaceae	Oenocarpus	mapora	oenoma	\N	1145	\N	0103	523	38.90000	61.10000	18.90000	1.10000	416719	515798	892423	8	4		268	4	84	1.30	2013-04-15	19463	\N	1	\N	alive
2413853	P14	112	Arecaceae	Oenocarpus	mapora	oenoma	\N	1145	\N	0103	523	38.90000	61.10000	18.90000	1.10000	416719	515798	892423	8	4	\N	278	5	85	1.30	2014-04-08	19821	\N	1	\N	alive
27849	P14	112	Arecaceae	Oenocarpus	mapora	oenoma	\N	1145	\N	0103	523	39.00000	71.50000	19.00000	11.50000	416724	515803	892424	8	\N	secondary	123	1	67	1.30	1996-11-13	13466	\N	1	\N	alive
31227	P14	112	Arecaceae	Oenocarpus	mapora	oenoma	\N	1145	\N	0200	631	40.90000	0.60000	0.90000	0.60000	416739	515819	892425	8	\N	secondary	123	1	82	1.30	1996-11-13	13466	\N	1	\N	alive
2404848	P14	112	Arecaceae	Oenocarpus	mapora	oenoma	\N	1145	\N	0200	631	44.60000	17.10000	4.60000	17.10000	416744	515824	892426	8	1	main	204	2	111	1.30	2010-11-15	18581	R	1	\N	broken below
53198	P14	112	Arecaceae	Oenocarpus	mapora	oenoma	\N	1145	\N	0200	631	44.60000	17.10000	4.60000	17.10000	416744	515824	892426	8	1		256	3	111	1.30	2012-05-01	19114	\N	1	\N	alive
46878	P14	112	Arecaceae	Oenocarpus	mapora	oenoma	\N	1145	\N	0200	631	44.60000	17.10000	4.60000	17.10000	416744	515824	892426	8	1		268	4	118	1.30	2013-04-15	19463	\N	1	\N	alive
2413898	P14	112	Arecaceae	Oenocarpus	mapora	oenoma	\N	1145	\N	0200	631	44.60000	17.10000	4.60000	17.10000	416744	515824	892426	8	1	\N	278	5	109	1.30	2014-04-09	19822	\N	1	\N	alive
2422373	P14	112	Arecaceae	Oenocarpus	mapora	oenoma	\N	1145	\N	0200	631	44.60000	17.10000	4.60000	17.10000	416744	515824	892426	8	1	\N	286	6	110	1.30	2015-06-25	20264	\N	1	\N	alive
2409484	P14	112	Arecaceae	Oenocarpus	mapora	oenoma	\N	1145	\N	0200	631	55.80000	2.40000	15.80000	2.40000	416756	515836	892427	8	5	secondary	204	2	60	1.30	2010-11-15	18581	\N	1	\N	alive
55844	P14	112	Arecaceae	Oenocarpus	mapora	oenoma	\N	1145	\N	0200	631	55.80000	2.40000	15.80000	2.40000	416756	515836	892427	8	5		256	3	62	1.30	2012-05-01	19114	\N	1	\N	alive
48783	P14	112	Arecaceae	Oenocarpus	mapora	oenoma	\N	1145	\N	0200	631	55.80000	2.40000	15.80000	2.40000	416756	515836	892427	8	5		268	4	67	1.30	2013-04-15	19463	\N	1	\N	alive
2413912	P14	112	Arecaceae	Oenocarpus	mapora	oenoma	\N	1145	\N	0200	631	55.80000	2.40000	15.80000	2.40000	416756	515836	892427	8	5	\N	278	5	67	1.30	2014-04-09	19822	\N	1	\N	alive
45766	P14	112	Sapindaceae	Cupania	seemannii	cupasy	\N	1120	\N	0101	397	29.70000	28.40000	9.70000	8.40000	416822	516422	892428	8	\N	secondary	123	1	21	1.30	1996-11-13	13466	\N	1	\N	alive
2402823	P14	112	Arecaceae	Oenocarpus	mapora	oenoma	\N	1145	\N	0101	397	29.80000	20.50000	9.80000	0.50000	416832	516433	892429	8	2	secondary	204	2	68	1.30	2010-11-11	18577	\N	1	\N	alive
49829	P14	112	Arecaceae	Oenocarpus	mapora	oenoma	\N	1145	\N	0101	397	34.40000	20.50000	14.40000	0.50000	416838	516439	892430	8	\N	secondary	123	1	58	1.30	1996-11-13	13466	\N	1	\N	alive
60763	P14	112	Arecaceae	Oenocarpus	mapora	oenoma	\N	1145	\N	0102	460	21.40000	58.20000	1.40000	18.20000	416911	516554	892431	8	\N	secondary	123	1	90	1.30	1996-11-12	13465	\N	1	\N	alive
65665	P14	112	Arecaceae	Oenocarpus	mapora	oenoma	\N	1145	\N	0102	460	26.40000	45.10000	6.40000	5.10000	416929	516572	892432	8	\N	secondary	123	1	75	1.30	1996-11-12	13465	\N	1	\N	alive
2409407	P14	112	Arecaceae	Oenocarpus	mapora	oenoma	\N	1145	\N	0102	460	25.20000	49.70000	5.20000	9.70000	416932	516575	892433	8	3	NULL	204	2	68	1.30	2010-11-10	18576	\N	1	\N	alive
39803	P14	112	Arecaceae	Oenocarpus	mapora	oenoma	\N	1145	\N	0102	460	25.20000	49.70000	5.20000	9.70000	416932	516575	892433	8	3		256	3	68	1.30	2012-05-01	19114	\N	1	\N	alive
34292	P14	112	Arecaceae	Oenocarpus	mapora	oenoma	\N	1145	\N	0102	460	25.20000	49.70000	5.20000	9.70000	416932	516575	892433	8	3		268	4	71	1.30	2013-04-15	19463	\N	1	\N	alive
2413802	P14	112	Arecaceae	Oenocarpus	mapora	oenoma	\N	1145	\N	0102	460	25.20000	49.70000	5.20000	9.70000	416932	516575	892433	8	3	\N	278	5	71	1.30	2014-04-08	19821	\N	1	\N	alive
2404039	P14	112	Arecaceae	Oenocarpus	mapora	oenoma	\N	1145	\N	0102	460	34.70000	54.10000	14.70000	14.10000	416960	516604	892434	8	3	secondary	204	2	63	1.30	2010-11-10	18576	\N	1	\N	alive
40453	P14	112	Arecaceae	Oenocarpus	mapora	oenoma	\N	1145	\N	0102	460	34.70000	54.10000	14.70000	14.10000	416960	516604	892434	8	3		256	3	79	1.30	2012-05-01	19114	\N	1	\N	alive
34959	P14	112	Arecaceae	Oenocarpus	mapora	oenoma	\N	1145	\N	0102	460	34.70000	54.10000	14.70000	14.10000	416960	516604	892434	8	3		268	4	98	1.30	2013-04-15	19463	\N	1	\N	alive
2413808	P14	112	Arecaceae	Oenocarpus	mapora	oenoma	\N	1145	\N	0102	460	34.70000	54.10000	14.70000	14.10000	416960	516604	892434	8	3	\N	278	5	102	1.30	2014-04-08	19821	\N	1	\N	alive
2422319	P14	112	Arecaceae	Oenocarpus	mapora	oenoma	\N	1145	\N	0102	460	34.70000	54.10000	14.70000	14.10000	416960	516604	892434	8	3	\N	286	6	102	1.30	2015-06-24	20263	\N	1	\N	alive
76888	P14	112	Arecaceae	Oenocarpus	mapora	oenoma	\N	1145	\N	0102	460	35.10000	40.20000	15.10000	0.20000	416991	516638	892435	8	\N	secondary	123	1	98	1.30	1996-11-12	13465	\N	1	\N	alive
2405661	P14	112	Arecaceae	Oenocarpus	mapora	oenoma	\N	1145	\N	0201	685	43.80000	24.40000	3.80000	4.40000	417018	516802	892436	8	1	main	204	2	94	1.30	2010-11-11	18577	\N	1	\N	alive
2410297	P14	112	Rubiaceae	Alseis	blackiana	alsebl	\N	33	\N	0201	685	43.00000	28.30000	3.00000	8.30000	417024	516808	892437	8	4	secondary	204	2	13	1.30	2010-11-18	18584	\N	1	\N	alive
56474	P14	112	Rubiaceae	Alseis	blackiana	alsebl	\N	33	\N	0201	685	43.00000	28.30000	3.00000	8.30000	417024	516808	892437	8	4		256	3	14	1.30	2012-05-01	19114	\N	1	\N	alive
49418	P14	112	Rubiaceae	Alseis	blackiana	alsebl	\N	33	\N	0201	685	43.00000	28.30000	3.00000	8.30000	417024	516808	892437	8	4		268	4	14	1.30	2013-04-15	19463	\N	1	\N	alive
2413919	P14	112	Rubiaceae	Alseis	blackiana	alsebl	\N	33	\N	0201	685	43.00000	28.30000	3.00000	8.30000	417024	516808	892437	8	4	\N	278	5	14	1.30	2014-04-09	19822	\N	1	\N	alive
2409568	P14	112	Arecaceae	Oenocarpus	mapora	oenoma	\N	1145	\N	0201	685	49.50000	22.00000	9.50000	2.00000	417055	516839	892438	8	5	secondary	204	2	70	1.30	2010-11-11	18577	\N	1	\N	alive
57601	P14	112	Arecaceae	Oenocarpus	mapora	oenoma	\N	1145	\N	0201	685	49.50000	22.00000	9.50000	2.00000	417055	516839	892438	8	5		256	3	78	1.30	2012-05-01	19114	\N	1	\N	alive
50558	P14	112	Arecaceae	Oenocarpus	mapora	oenoma	\N	1145	\N	0201	685	49.50000	22.00000	9.50000	2.00000	417055	516839	892438	8	5		268	4	78	1.30	2013-04-15	19463	\N	1	\N	alive
2413926	P14	112	Arecaceae	Oenocarpus	mapora	oenoma	\N	1145	\N	0201	685	49.50000	22.00000	9.50000	2.00000	417055	516839	892438	8	5	\N	278	5	80	1.30	2014-04-09	19822	\N	1	\N	alive
107827	P14	112	Arecaceae	Oenocarpus	mapora	oenoma	\N	1145	\N	0203	793	47.30000	69.00000	7.30000	9.00000	417231	517689	892439	8	\N	secondary	123	1	80	1.30	1996-11-13	13466	\N	1	\N	alive
114340	P14	112	Arecaceae	Oenocarpus	mapora	oenoma	\N	1145	\N	0301	955	66.60000	22.20000	6.60000	2.20000	417280	517738	892440	8	\N	secondary	123	1	66	1.30	1996-11-15	13468	\N	1	\N	alive
2407775	P14	112	Arecaceae	Oenocarpus	mapora	oenoma	\N	1145	\N	0301	955	68.00000	30.50000	8.00000	10.50000	417283	517741	892441	8	1	main	204	2	117	1.30	2010-11-16	18582	\N	1	\N	alive
72140	P14	112	Arecaceae	Oenocarpus	mapora	oenoma	\N	1145	\N	0301	955	68.00000	30.50000	8.00000	10.50000	417283	517741	892441	8	1		256	3	118	1.30	2012-05-01	19114	\N	1	\N	alive
63192	P14	112	Arecaceae	Oenocarpus	mapora	oenoma	\N	1145	\N	0301	955	68.00000	30.50000	8.00000	10.50000	417283	517741	892441	8	1		268	4	118	1.30	2013-04-16	19464	\N	1	\N	alive
2414033	P14	112	Arecaceae	Oenocarpus	mapora	oenoma	\N	1145	\N	0301	955	68.00000	30.50000	8.00000	10.50000	417283	517741	892441	8	1	\N	278	5	118	1.30	2014-04-08	19821	\N	1	\N	alive
2422463	P14	112	Arecaceae	Oenocarpus	mapora	oenoma	\N	1145	\N	0301	955	68.00000	30.50000	8.00000	10.50000	417283	517741	892441	8	1	\N	286	6	118	1.30	2015-06-24	20263	\N	1	\N	alive
2407788	P14	112	Arecaceae	Oenocarpus	mapora	oenoma	\N	1145	\N	0301	955	79.10000	33.40000	19.10000	13.40000	417289	517747	892442	8	3	secondary	204	2	105	1.30	2010-11-16	18582	\N	1	\N	alive
74042	P14	112	Arecaceae	Oenocarpus	mapora	oenoma	\N	1145	\N	0301	955	79.10000	33.40000	19.10000	13.40000	417289	517747	892442	8	3		256	3	113	1.30	2012-05-01	19114	\N	1	\N	alive
64657	P14	112	Arecaceae	Oenocarpus	mapora	oenoma	\N	1145	\N	0301	955	79.10000	33.40000	19.10000	13.40000	417289	517747	892442	8	3		268	4	114	1.30	2013-04-16	19464	\N	1	\N	alive
2414064	P14	112	Arecaceae	Oenocarpus	mapora	oenoma	\N	1145	\N	0301	955	79.10000	33.40000	19.10000	13.40000	417289	517747	892442	8	3	\N	278	5	114	1.30	2014-04-08	19821	\N	1	\N	alive
2422483	P14	112	Arecaceae	Oenocarpus	mapora	oenoma	\N	1145	\N	0301	955	79.10000	33.40000	19.10000	13.40000	417289	517747	892442	8	3	\N	286	6	114	1.30	2015-06-24	20263	\N	1	\N	alive
2407793	P14	112	Arecaceae	Oenocarpus	mapora	oenoma	\N	1145	\N	0301	955	75.60000	24.00000	15.60000	4.00000	417292	517750	892443	8	1	main	204	2	117	1.30	2010-11-16	18582	\N	1	\N	alive
74628	P14	112	Arecaceae	Oenocarpus	mapora	oenoma	\N	1145	\N	0301	955	75.60000	24.00000	15.60000	4.00000	417292	517750	892443	8	1		256	3	117	1.30	2012-05-01	19114	\N	1	\N	alive
65389	P14	112	Arecaceae	Oenocarpus	mapora	oenoma	\N	1145	\N	0301	955	75.60000	24.00000	15.60000	4.00000	417292	517750	892443	8	1		268	4	118	1.30	2013-04-16	19464	\N	1	\N	alive
2414054	P14	112	Arecaceae	Oenocarpus	mapora	oenoma	\N	1145	\N	0301	955	75.60000	24.00000	15.60000	4.00000	417292	517750	892443	8	1	\N	278	5	118	1.30	2014-04-08	19821	\N	1	\N	alive
2422478	P14	112	Arecaceae	Oenocarpus	mapora	oenoma	\N	1145	\N	0301	955	75.60000	24.00000	15.60000	4.00000	417292	517750	892443	8	1	\N	286	6	118	1.30	2015-06-24	20263	\N	1	\N	alive
122768	P14	112	Arecaceae	Oenocarpus	mapora	oenoma	\N	1145	\N	0400	1171	84.00000	14.80000	4.00000	14.80000	417344	517802	892444	8	\N	secondary	123	1	56	1.30	1996-11-17	13470	\N	1	\N	alive
2398193	P14	112	Arecaceae	Oenocarpus	mapora	oenoma	\N	1145	\N	0003	208	10.24000	69.64000	10.24000	9.64000	482297	838583	893055	8	8	secondary	204	2	90	1.30	2010-11-16	18582	\N	1	\N	alive
20407	P14	112	Arecaceae	Oenocarpus	mapora	oenoma	\N	1145	\N	0003	208	10.24000	69.64000	10.24000	9.64000	482297	838583	893055	8	8		256	3	92	1.30	2012-05-01	19114	\N	1	\N	alive
16555	P14	112	Arecaceae	Oenocarpus	mapora	oenoma	\N	1145	\N	0003	208	10.24000	69.64000	10.24000	9.64000	482297	838583	893055	8	8		268	4	92	1.30	2013-04-15	19463	\N	1	\N	alive
2413670	P14	112	Arecaceae	Oenocarpus	mapora	oenoma	\N	1145	\N	0003	208	10.24000	69.64000	10.24000	9.64000	482297	838583	893055	8	8	\N	278	5	92	1.30	2014-04-09	19822	\N	1	\N	alive
2398238	P14	112	Arecaceae	Oenocarpus	mapora	oenoma	\N	1145	\N	0004	271	4.57000	82.40000	4.57000	2.40000	482348	838586	893056	8	8	secondary	204	2	83	1.30	2010-11-16	18582	\N	1	\N	alive
27667	P14	112	Arecaceae	Oenocarpus	mapora	oenoma	\N	1145	\N	0004	271	4.57000	82.40000	4.57000	2.40000	482348	838586	893056	8	8		256	3	85	1.30	2012-05-01	19114	\N	1	\N	alive
21653	P14	112	Arecaceae	Oenocarpus	mapora	oenoma	\N	1145	\N	0004	271	4.57000	82.40000	4.57000	2.40000	482348	838586	893056	8	8		268	4	84	1.30	2013-04-15	19463	\N	1	\N	alive
2413699	P14	112	Arecaceae	Oenocarpus	mapora	oenoma	\N	1145	\N	0004	271	4.57000	82.40000	4.57000	2.40000	482348	838586	893056	8	8	\N	278	5	84	1.30	2014-04-09	19822	\N	1	\N	alive
2398333	P14	112	Arecaceae	Oenocarpus	mapora	oenoma	\N	1145	\N	0100	334	23.84000	5.14000	3.84000	5.14000	482384	826386	893057	8	8	secondary	204	2	78	1.30	2010-11-15	18581	\N	1	\N	alive
33208	P14	112	Arecaceae	Oenocarpus	mapora	oenoma	\N	1145	\N	0100	334	23.84000	5.14000	3.84000	5.14000	482384	826386	893057	8	8		256	3	79	1.30	2012-05-01	19114	\N	1	\N	alive
26994	P14	112	Arecaceae	Oenocarpus	mapora	oenoma	\N	1145	\N	0100	334	23.84000	5.14000	3.84000	5.14000	482384	826386	893057	8	8		268	4	82	1.30	2013-04-15	19463	\N	1	\N	alive
2413730	P14	112	Arecaceae	Oenocarpus	mapora	oenoma	\N	1145	\N	0100	334	23.84000	5.14000	3.84000	5.14000	482384	826386	893057	8	8	\N	278	5	82	1.30	2014-04-08	19821	\N	1	\N	alive
2399402	P14	112	Arecaceae	Oenocarpus	mapora	oenoma	\N	1145	\N	0103	523	26.99000	69.56000	6.99000	9.56000	483285	826388	893060	8	7	secondary	204	2	88	1.30	2010-11-16	18582	\N	1	\N	alive
47882	P14	112	Arecaceae	Oenocarpus	mapora	oenoma	\N	1145	\N	0103	523	26.99000	69.56000	6.99000	9.56000	483285	826388	893060	8	7		256	3	88	1.30	2012-05-01	19114	\N	1	\N	alive
42150	P14	112	Arecaceae	Oenocarpus	mapora	oenoma	\N	1145	\N	0103	523	26.99000	69.56000	6.99000	9.56000	483285	826388	893060	8	7		268	4	93	1.30	2013-04-15	19463	\N	1	\N	alive
2413838	P14	112	Arecaceae	Oenocarpus	mapora	oenoma	\N	1145	\N	0103	523	26.99000	69.56000	6.99000	9.56000	483285	826388	893060	8	7	\N	278	5	93	1.30	2014-04-08	19821	\N	1	\N	alive
2400927	P14	112	Myrtaceae	Eugenia	coloradoensis	eugeco	\N	358	\N	0403	1333	90.75000	72.54000	10.75000	12.54000	484507	828477	893070	8	8	secondary	204	2	13	1.30	2010-11-17	18583	\N	1	\N	alive
96707	P14	112	Myrtaceae	Eugenia	coloradoensis	eugeco	\N	358	\N	0403	1333	90.75000	72.54000	10.75000	12.54000	484507	828477	893070	8	8		256	3	14	1.30	2012-05-01	19114	\N	1	\N	alive
85528	P14	112	Myrtaceae	Eugenia	coloradoensis	eugeco	\N	358	\N	0403	1333	90.75000	72.54000	10.75000	12.54000	484507	828477	893070	8	8		268	4	14	1.30	2013-04-16	19464	\N	1	\N	alive
2414208	P14	112	Myrtaceae	Eugenia	coloradoensis	eugeco	\N	358	\N	0403	1333	90.75000	72.54000	10.75000	12.54000	484507	828477	893070	8	8	\N	278	5	13	1.30	2014-04-09	19822	\N	1	\N	alive
2401194	P14	112	Arecaceae	Oenocarpus	mapora	oenoma	\N	1145	\N	0000	19	9.60000	19.70000	9.60000	19.70000	416632	515711	912657	9	2	secondary	204	2	112	1.30	2010-11-15	18581	\N	1	\N	alive
2054	P14	112	Arecaceae	Oenocarpus	mapora	oenoma	\N	1145	\N	0000	19	9.60000	19.70000	9.60000	19.70000	416632	515711	912657	9	2		256	3	114	1.30	2012-05-01	19114	\N	1	\N	alive
1514	P14	112	Arecaceae	Oenocarpus	mapora	oenoma	\N	1145	\N	0000	19	9.60000	19.70000	9.60000	19.70000	416632	515711	912657	9	2		268	4	114	1.30	2013-04-15	19463	\N	1	\N	alive
2413568	P14	112	Arecaceae	Oenocarpus	mapora	oenoma	\N	1145	\N	0000	19	9.60000	19.70000	9.60000	19.70000	416632	515711	912657	9	2	\N	278	5	113	1.30	2014-04-09	19822	\N	1	\N	alive
2422211	P14	112	Arecaceae	Oenocarpus	mapora	oenoma	\N	1145	\N	0000	19	9.60000	19.70000	9.60000	19.70000	416632	515711	912657	9	2	\N	286	6	114	1.30	2015-06-24	20263	\N	1	\N	alive
5272	P14	112	Arecaceae	Oenocarpus	mapora	oenoma	\N	1145	\N	0000	19	13.70000	17.70000	13.70000	17.70000	416633	515712	912658	9	\N	secondary	123	1	56	1.30	1996-11-08	13461	\N	1	\N	alive
2401484	P14	112	Arecaceae	Oenocarpus	mapora	oenoma	\N	1145	\N	0002	145	11.50000	53.90000	11.50000	13.90000	416662	515741	912659	9	2	secondary	204	2	104	1.30	2010-11-15	18581	\N	1	\N	alive
9919	P14	112	Arecaceae	Oenocarpus	mapora	oenoma	\N	1145	\N	0002	145	11.50000	53.90000	11.50000	13.90000	416662	515741	912659	9	2		256	3	104	1.30	2012-05-01	19114	\N	1	\N	alive
7309	P14	112	Arecaceae	Oenocarpus	mapora	oenoma	\N	1145	\N	0002	145	11.50000	53.90000	11.50000	13.90000	416662	515741	912659	9	2		268	4	104	1.30	2013-04-15	19463	\N	1	\N	alive
2413611	P14	112	Arecaceae	Oenocarpus	mapora	oenoma	\N	1145	\N	0002	145	11.50000	53.90000	11.50000	13.90000	416662	515741	912659	9	2	\N	278	5	104	1.30	2014-04-09	19822	\N	1	\N	alive
2422246	P14	112	Arecaceae	Oenocarpus	mapora	oenoma	\N	1145	\N	0002	145	11.50000	53.90000	11.50000	13.90000	416662	515741	912659	9	2	\N	286	6	105	1.30	2015-06-24	20263	\N	1	\N	alive
11896	P14	112	Arecaceae	Oenocarpus	mapora	oenoma	\N	1145	\N	0002	145	17.50000	48.20000	17.50000	8.20000	416665	515744	912660	9	\N	secondary	123	1	83	1.30	1996-12-11	13494	\N	1	\N	alive
2401616	P14	112	Arecaceae	Oenocarpus	mapora	oenoma	\N	1145	\N	0003	208	18.70000	66.40000	18.70000	6.40000	416683	515762	912661	9	1	main	204	2	113	1.30	2010-11-16	18582	\N	1	\N	alive
18337	P14	112	Arecaceae	Oenocarpus	mapora	oenoma	\N	1145	\N	0003	208	18.70000	66.40000	18.70000	6.40000	416683	515762	912661	9	1		256	3	113	1.30	2012-05-01	19114	\N	1	\N	alive
14761	P14	112	Arecaceae	Oenocarpus	mapora	oenoma	\N	1145	\N	0003	208	18.70000	66.40000	18.70000	6.40000	416683	515762	912661	9	1		268	4	112	1.30	2013-04-15	19463	\N	1	\N	alive
2413675	P14	112	Arecaceae	Oenocarpus	mapora	oenoma	\N	1145	\N	0003	208	18.70000	66.40000	18.70000	6.40000	416683	515762	912661	9	1	\N	278	5	113	1.30	2014-04-09	19822	\N	1	\N	alive
2422267	P14	112	Arecaceae	Oenocarpus	mapora	oenoma	\N	1145	\N	0003	208	18.70000	66.40000	18.70000	6.40000	416683	515762	912661	9	1	\N	286	6	114	1.30	2015-06-24	20263	\N	1	\N	alive
2401746	P14	112	Arecaceae	Oenocarpus	mapora	oenoma	\N	1145	\N	0004	271	5.30000	90.60000	5.30000	10.60000	416685	515764	912662	9	1	main	204	2	95	1.30	2010-11-16	18582	R	1	\N	broken below
22874	P14	112	Arecaceae	Oenocarpus	mapora	oenoma	\N	1145	\N	0004	271	5.30000	90.60000	5.30000	10.60000	416685	515764	912662	9	1		256	3	95	1.30	2012-05-01	19114	\N	1	\N	alive
23467	P14	112	Arecaceae	Oenocarpus	mapora	oenoma	\N	1145	\N	0100	334	34.90000	0.20000	14.90000	0.20000	416710	515789	912663	9	\N	secondary	123	1	82	1.30	1996-11-13	13466	\N	1	\N	alive
2404541	P14	112	Arecaceae	Oenocarpus	mapora	oenoma	\N	1145	\N	0103	523	39.00000	71.50000	19.00000	11.50000	416724	515803	912664	9	1	main	204	2	128	1.30	2010-11-16	18582	\N	1	\N	alive
44954	P14	112	Arecaceae	Oenocarpus	mapora	oenoma	\N	1145	\N	0103	523	39.00000	71.50000	19.00000	11.50000	416724	515803	912664	9	1		256	3	128	1.30	2012-05-01	19114	\N	1	\N	alive
39034	P14	112	Arecaceae	Oenocarpus	mapora	oenoma	\N	1145	\N	0103	523	39.00000	71.50000	19.00000	11.50000	416724	515803	912664	9	1		268	4	130	1.30	2013-04-15	19463	\N	1	\N	alive
2413854	P14	112	Arecaceae	Oenocarpus	mapora	oenoma	\N	1145	\N	0103	523	39.00000	71.50000	19.00000	11.50000	416724	515803	912664	9	1	\N	278	5	132	1.30	2014-04-08	19821	\N	1	\N	alive
2422346	P14	112	Arecaceae	Oenocarpus	mapora	oenoma	\N	1145	\N	0103	523	39.00000	71.50000	19.00000	11.50000	416724	515803	912664	9	1	\N	286	6	135	1.30	2015-06-24	20263	\N	1	\N	alive
31362	P14	112	Arecaceae	Oenocarpus	mapora	oenoma	\N	1145	\N	0200	631	40.90000	0.60000	0.90000	0.60000	416739	515819	912665	9	\N	secondary	123	1	78	1.30	1996-11-13	13466	\N	1	\N	alive
2404849	P14	112	Arecaceae	Oenocarpus	mapora	oenoma	\N	1145	\N	0200	631	44.60000	17.10000	4.60000	17.10000	416744	515824	912666	9	2	secondary	204	2	101	1.30	2010-11-15	18581	\N	1	\N	alive
53324	P14	112	Arecaceae	Oenocarpus	mapora	oenoma	\N	1145	\N	0200	631	44.60000	17.10000	4.60000	17.10000	416744	515824	912666	9	2		256	3	102	1.30	2012-05-01	19114	\N	1	\N	alive
47005	P14	112	Arecaceae	Oenocarpus	mapora	oenoma	\N	1145	\N	0200	631	44.60000	17.10000	4.60000	17.10000	416744	515824	912666	9	2		268	4	103	1.30	2013-04-15	19463	\N	1	\N	alive
2413899	P14	112	Arecaceae	Oenocarpus	mapora	oenoma	\N	1145	\N	0200	631	44.60000	17.10000	4.60000	17.10000	416744	515824	912666	9	2	\N	278	5	\N	1.30	2014-04-09	19822	lost	1	\N	stem dead
89465	P14	112	Arecaceae	Oenocarpus	mapora	oenoma	\N	1145	\N	0200	631	55.80000	2.40000	15.80000	2.40000	416756	515836	912667	9	6		268	4	68	1.30	2013-04-15	19463	\N	1	\N	alive
2413913	P14	112	Arecaceae	Oenocarpus	mapora	oenoma	\N	1145	\N	0200	631	55.80000	2.40000	15.80000	2.40000	416756	515836	912667	9	6	\N	278	5	68	1.30	2014-04-09	19822	\N	1	\N	alive
45894	P14	112	Sapindaceae	Cupania	seemannii	cupasy	\N	1120	\N	0101	397	29.70000	28.40000	9.70000	8.40000	416822	516422	912668	9	\N	secondary	123	1	16	1.30	1996-11-13	13466	\N	1	\N	alive
2409298	P14	112	Arecaceae	Oenocarpus	mapora	oenoma	\N	1145	\N	0101	397	29.80000	20.50000	9.80000	0.50000	416832	516433	912669	9	3	secondary	204	2	50	1.30	2010-11-11	18577	\N	1	\N	alive
2402828	P14	112	Arecaceae	Oenocarpus	mapora	oenoma	\N	1145	\N	0101	397	34.40000	20.50000	14.40000	0.50000	416838	516439	912670	9	1	main	204	2	98	1.30	2010-11-11	18577	\N	1	\N	alive
60887	P14	112	Arecaceae	Oenocarpus	mapora	oenoma	\N	1145	\N	0102	460	21.40000	58.20000	1.40000	18.20000	416911	516554	912671	9	\N	secondary	123	1	90	1.30	1996-11-12	13465	\N	1	\N	alive
2403998	P14	112	Arecaceae	Oenocarpus	mapora	oenoma	\N	1145	\N	0102	460	26.40000	45.10000	6.40000	5.10000	416929	516572	912672	9	1	main	204	2	98	1.30	2010-11-10	18576	\N	1	\N	alive
38236	P14	112	Arecaceae	Oenocarpus	mapora	oenoma	\N	1145	\N	0102	460	26.40000	45.10000	6.40000	5.10000	416929	516572	912672	9	1		256	3	100	1.30	2012-05-01	19114	\N	1	\N	alive
32680	P14	112	Arecaceae	Oenocarpus	mapora	oenoma	\N	1145	\N	0102	460	26.40000	45.10000	6.40000	5.10000	416929	516572	912672	9	1		268	4	100	1.30	2013-04-15	19463	\N	1	\N	alive
2413790	P14	112	Arecaceae	Oenocarpus	mapora	oenoma	\N	1145	\N	0102	460	26.40000	45.10000	6.40000	5.10000	416929	516572	912672	9	1	\N	278	5	101	1.30	2014-04-08	19821	\N	1	\N	alive
2422312	P14	112	Arecaceae	Oenocarpus	mapora	oenoma	\N	1145	\N	0102	460	26.40000	45.10000	6.40000	5.10000	416929	516572	912672	9	1	\N	286	6	101	1.30	2015-06-24	20263	\N	1	\N	alive
100151	P14	112	Arecaceae	Oenocarpus	mapora	oenoma	\N	1145	\N	0102	460	34.70000	54.10000	14.70000	14.10000	416960	516604	912673	9	4		256	3	69	1.30	2012-05-01	19114	\N	1	\N	alive
35092	P14	112	Arecaceae	Oenocarpus	mapora	oenoma	\N	1145	\N	0102	460	34.70000	54.10000	14.70000	14.10000	416960	516604	912673	9	4		268	4	88	1.30	2013-04-15	19463	\N	1	\N	alive
2413809	P14	112	Arecaceae	Oenocarpus	mapora	oenoma	\N	1145	\N	0102	460	34.70000	54.10000	14.70000	14.10000	416960	516604	912673	9	4	\N	278	5	94	1.30	2014-04-08	19821	\N	1	\N	alive
77003	P14	112	Arecaceae	Oenocarpus	mapora	oenoma	\N	1145	\N	0102	460	35.10000	40.20000	15.10000	0.20000	416991	516638	912674	9	\N	secondary	123	1	98	1.30	1996-11-12	13465	\N	1	\N	alive
2405662	P14	112	Arecaceae	Oenocarpus	mapora	oenoma	\N	1145	\N	0201	685	43.80000	24.40000	3.80000	4.40000	417018	516802	912675	9	2	secondary	204	2	91	1.30	2010-11-11	18577	\N	1	\N	alive
2423597	P14	112	Arecaceae	Oenocarpus	mapora	oenoma	\N	1145	\N	0201	685	43.80000	24.40000	3.80000	4.40000	417018	516802	912675	9	2	\N	286	6	101	1.30	2015-06-25	20264	\N	1	\N	alive
89570	P14	112	Arecaceae	Oenocarpus	mapora	oenoma	\N	1145	\N	0201	685	49.50000	22.00000	9.50000	2.00000	417055	516839	912676	9	6		268	4	65	1.30	2013-04-15	19463	\N	1	\N	alive
2413927	P14	112	Arecaceae	Oenocarpus	mapora	oenoma	\N	1145	\N	0201	685	49.50000	22.00000	9.50000	2.00000	417055	516839	912676	9	6	\N	278	5	\N	1.30	2014-04-09	19822	lost	1	\N	stem dead
107921	P14	112	Arecaceae	Oenocarpus	mapora	oenoma	\N	1145	\N	0203	793	47.30000	69.00000	7.30000	9.00000	417231	517689	912677	9	\N	secondary	123	1	76	1.30	1996-11-13	13466	\N	1	\N	alive
114430	P14	112	Arecaceae	Oenocarpus	mapora	oenoma	\N	1145	\N	0301	955	66.60000	22.20000	6.60000	2.20000	417280	517738	912678	9	\N	secondary	123	1	65	1.30	1996-11-15	13468	\N	1	\N	alive
2407776	P14	112	Arecaceae	Oenocarpus	mapora	oenoma	\N	1145	\N	0301	955	68.00000	30.50000	8.00000	10.50000	417283	517741	912679	9	2	secondary	204	2	110	1.30	2010-11-16	18582	\N	1	\N	alive
72259	P14	112	Arecaceae	Oenocarpus	mapora	oenoma	\N	1145	\N	0301	955	68.00000	30.50000	8.00000	10.50000	417283	517741	912679	9	2		256	3	\N	0.00	2012-05-01	19114	M;S	1	\N	stem dead
64169	P14	112	Arecaceae	Oenocarpus	mapora	oenoma	\N	1145	\N	0301	955	68.00000	30.50000	8.00000	10.50000	417283	517741	912679	9	2		268	4	\N	0.00	2013-04-16	19464	lost	1	\N	stem dead
2414034	P14	112	Arecaceae	Oenocarpus	mapora	oenoma	\N	1145	\N	0301	955	68.00000	30.50000	8.00000	10.50000	417283	517741	912679	9	2	\N	278	5	\N	1.30	2014-04-08	19821	R	1	\N	broken below
2407789	P14	112	Arecaceae	Oenocarpus	mapora	oenoma	\N	1145	\N	0301	955	79.10000	33.40000	19.10000	13.40000	417289	517747	912680	9	4	secondary	204	2	98	1.30	2010-11-16	18582	\N	1	\N	alive
74160	P14	112	Arecaceae	Oenocarpus	mapora	oenoma	\N	1145	\N	0301	955	79.10000	33.40000	19.10000	13.40000	417289	517747	912680	9	4		256	3	98	1.30	2012-05-01	19114	\N	1	\N	alive
64901	P14	112	Arecaceae	Oenocarpus	mapora	oenoma	\N	1145	\N	0301	955	79.10000	33.40000	19.10000	13.40000	417289	517747	912680	9	4		268	4	98	1.30	2013-04-16	19464	\N	1	\N	alive
2414065	P14	112	Arecaceae	Oenocarpus	mapora	oenoma	\N	1145	\N	0301	955	79.10000	33.40000	19.10000	13.40000	417289	517747	912680	9	4	\N	278	5	98	1.30	2014-04-08	19821	\N	1	\N	alive
2407794	P14	112	Arecaceae	Oenocarpus	mapora	oenoma	\N	1145	\N	0301	955	75.60000	24.00000	15.60000	4.00000	417292	517750	912681	9	2	secondary	204	2	110	1.30	2010-11-16	18582	\N	1	\N	alive
74745	P14	112	Arecaceae	Oenocarpus	mapora	oenoma	\N	1145	\N	0301	955	75.60000	24.00000	15.60000	4.00000	417292	517750	912681	9	2		256	3	110	1.30	2012-05-01	19114	\N	1	\N	alive
65511	P14	112	Arecaceae	Oenocarpus	mapora	oenoma	\N	1145	\N	0301	955	75.60000	24.00000	15.60000	4.00000	417292	517750	912681	9	2		268	4	110	1.30	2013-04-16	19464	\N	1	\N	alive
2414055	P14	112	Arecaceae	Oenocarpus	mapora	oenoma	\N	1145	\N	0301	955	75.60000	24.00000	15.60000	4.00000	417292	517750	912681	9	2	\N	278	5	110	1.30	2014-04-08	19821	\N	1	\N	alive
2422479	P14	112	Arecaceae	Oenocarpus	mapora	oenoma	\N	1145	\N	0301	955	75.60000	24.00000	15.60000	4.00000	417292	517750	912681	9	2	\N	286	6	110	1.30	2015-06-24	20263	\N	1	\N	alive
2408395	P14	112	Arecaceae	Oenocarpus	mapora	oenoma	\N	1145	\N	0400	1171	84.00000	14.80000	4.00000	14.80000	417344	517802	912682	9	1	main	204	2	101	1.30	2010-11-16	18582	R	1	\N	broken below
85078	P14	112	Arecaceae	Oenocarpus	mapora	oenoma	\N	1145	\N	0400	1171	84.00000	14.80000	4.00000	14.80000	417344	517802	912682	9	1		256	3	101	1.30	2012-05-01	19114	\N	1	\N	alive
74991	P14	112	Arecaceae	Oenocarpus	mapora	oenoma	\N	1145	\N	0400	1171	84.00000	14.80000	4.00000	14.80000	417344	517802	912682	9	1		268	4	102	1.30	2013-04-16	19464	\N	1	\N	alive
2414122	P14	112	Arecaceae	Oenocarpus	mapora	oenoma	\N	1145	\N	0400	1171	84.00000	14.80000	4.00000	14.80000	417344	517802	912682	9	1	\N	278	5	102	1.30	2014-04-09	19822	\N	1	\N	alive
2422533	P14	112	Arecaceae	Oenocarpus	mapora	oenoma	\N	1145	\N	0400	1171	84.00000	14.80000	4.00000	14.80000	417344	517802	912682	9	1	\N	286	6	102	1.30	2015-06-24	20263	\N	1	\N	alive
2398194	P14	112	Arecaceae	Oenocarpus	mapora	oenoma	\N	1145	\N	0003	208	10.24000	69.64000	10.24000	9.64000	482297	838583	913158	9	9	secondary	204	2	89	1.30	2010-11-16	18582	\N	1	\N	alive
20545	P14	112	Arecaceae	Oenocarpus	mapora	oenoma	\N	1145	\N	0003	208	10.24000	69.64000	10.24000	9.64000	482297	838583	913158	9	9		256	3	89	1.30	2012-05-01	19114	\N	1	\N	alive
16693	P14	112	Arecaceae	Oenocarpus	mapora	oenoma	\N	1145	\N	0003	208	10.24000	69.64000	10.24000	9.64000	482297	838583	913158	9	9		268	4	89	1.30	2013-04-15	19463	\N	1	\N	alive
2413671	P14	112	Arecaceae	Oenocarpus	mapora	oenoma	\N	1145	\N	0003	208	10.24000	69.64000	10.24000	9.64000	482297	838583	913158	9	9	\N	278	5	91	1.30	2014-04-09	19822	\N	1	\N	alive
2398239	P14	112	Arecaceae	Oenocarpus	mapora	oenoma	\N	1145	\N	0004	271	4.57000	82.40000	4.57000	2.40000	482348	838586	913159	9		secondary	204	2	83	1.30	2010-11-16	18582	\N	1	\N	alive
2398335	P14	112	Arecaceae	Oenocarpus	mapora	oenoma	\N	1145	\N	0100	334	23.84000	5.14000	3.84000	5.14000	482384	826386	913160	9	9	secondary	204	2	73	1.30	2010-11-15	18581	\N	1	\N	alive
33342	P14	112	Arecaceae	Oenocarpus	mapora	oenoma	\N	1145	\N	0100	334	23.84000	5.14000	3.84000	5.14000	482384	826386	913160	9	9		256	3	73	1.30	2012-05-01	19114	\N	1	\N	alive
27131	P14	112	Arecaceae	Oenocarpus	mapora	oenoma	\N	1145	\N	0100	334	23.84000	5.14000	3.84000	5.14000	482384	826386	913160	9	9		268	4	92	1.30	2013-04-15	19463	\N	1	\N	alive
2413731	P14	112	Arecaceae	Oenocarpus	mapora	oenoma	\N	1145	\N	0100	334	23.84000	5.14000	3.84000	5.14000	482384	826386	913160	9	9	\N	278	5	92	1.30	2014-04-08	19821	\N	1	\N	alive
2399403	P14	112	Arecaceae	Oenocarpus	mapora	oenoma	\N	1145	\N	0103	523	26.99000	69.56000	6.99000	9.56000	483285	826388	913162	9	8	secondary	204	2	82	1.30	2010-11-16	18582	\N	1	\N	alive
48009	P14	112	Arecaceae	Oenocarpus	mapora	oenoma	\N	1145	\N	0103	523	26.99000	69.56000	6.99000	9.56000	483285	826388	913162	9	8		256	3	83	1.30	2012-05-01	19114	\N	1	\N	alive
42278	P14	112	Arecaceae	Oenocarpus	mapora	oenoma	\N	1145	\N	0103	523	26.99000	69.56000	6.99000	9.56000	483285	826388	913162	9	8		268	4	82	1.30	2013-04-15	19463	\N	1	\N	alive
2413839	P14	112	Arecaceae	Oenocarpus	mapora	oenoma	\N	1145	\N	0103	523	26.99000	69.56000	6.99000	9.56000	483285	826388	913162	9	8	\N	278	5	82	1.30	2014-04-08	19821	\N	1	\N	alive
2400928	P14	112	Myrtaceae	Eugenia	coloradoensis	eugeco	\N	358	\N	0403	1333	90.75000	72.54000	10.75000	12.54000	484507	828477	913170	9	9	secondary	204	2	12	1.30	2010-11-17	18583	\N	1	\N	alive
96804	P14	112	Myrtaceae	Eugenia	coloradoensis	eugeco	\N	358	\N	0403	1333	90.75000	72.54000	10.75000	12.54000	484507	828477	913170	9	9		256	3	12	1.30	2012-05-01	19114	\N	1	\N	alive
85748	P14	112	Myrtaceae	Eugenia	coloradoensis	eugeco	\N	358	\N	0403	1333	90.75000	72.54000	10.75000	12.54000	484507	828477	913170	9	9		268	4	12	1.30	2013-04-16	19464	\N	1	\N	alive
2414209	P14	112	Myrtaceae	Eugenia	coloradoensis	eugeco	\N	358	\N	0403	1333	90.75000	72.54000	10.75000	12.54000	484507	828477	913170	9	9	\N	278	5	12	1.30	2014-04-09	19822	\N	1	\N	alive
2401195	P14	112	Arecaceae	Oenocarpus	mapora	oenoma	\N	1145	\N	0000	19	9.60000	19.70000	9.60000	19.70000	416632	515711	928893	10	3	secondary	204	2	110	1.30	2010-11-15	18581	\N	1	\N	alive
2192	P14	112	Arecaceae	Oenocarpus	mapora	oenoma	\N	1145	\N	0000	19	9.60000	19.70000	9.60000	19.70000	416632	515711	928893	10	3		256	3	112	1.30	2012-05-01	19114	\N	1	\N	alive
1652	P14	112	Arecaceae	Oenocarpus	mapora	oenoma	\N	1145	\N	0000	19	9.60000	19.70000	9.60000	19.70000	416632	515711	928893	10	3		268	4	112	1.30	2013-04-15	19463	\N	1	\N	alive
2413569	P14	112	Arecaceae	Oenocarpus	mapora	oenoma	\N	1145	\N	0000	19	9.60000	19.70000	9.60000	19.70000	416632	515711	928893	10	3	\N	278	5	112	1.30	2014-04-09	19822	\N	1	\N	alive
2422212	P14	112	Arecaceae	Oenocarpus	mapora	oenoma	\N	1145	\N	0000	19	9.60000	19.70000	9.60000	19.70000	416632	515711	928893	10	3	\N	286	6	114	1.30	2015-06-24	20263	\N	1	\N	alive
5410	P14	112	Arecaceae	Oenocarpus	mapora	oenoma	\N	1145	\N	0000	19	13.70000	17.70000	13.70000	17.70000	416633	515712	928894	10	\N	secondary	123	1	49	1.30	1996-11-08	13461	\N	1	\N	alive
2401485	P14	112	Arecaceae	Oenocarpus	mapora	oenoma	\N	1145	\N	0002	145	11.50000	53.90000	11.50000	13.90000	416662	515741	928895	10	3	secondary	204	2	103	1.30	2010-11-15	18581	\N	1	\N	alive
10057	P14	112	Arecaceae	Oenocarpus	mapora	oenoma	\N	1145	\N	0002	145	11.50000	53.90000	11.50000	13.90000	416662	515741	928895	10	3		256	3	101	1.30	2012-05-01	19114	\N	1	\N	alive
7447	P14	112	Arecaceae	Oenocarpus	mapora	oenoma	\N	1145	\N	0002	145	11.50000	53.90000	11.50000	13.90000	416662	515741	928895	10	3		268	4	101	1.30	2013-04-15	19463	\N	1	\N	alive
2413612	P14	112	Arecaceae	Oenocarpus	mapora	oenoma	\N	1145	\N	0002	145	11.50000	53.90000	11.50000	13.90000	416662	515741	928895	10	3	\N	278	5	101	1.30	2014-04-09	19822	\N	1	\N	alive
2422247	P14	112	Arecaceae	Oenocarpus	mapora	oenoma	\N	1145	\N	0002	145	11.50000	53.90000	11.50000	13.90000	416662	515741	928895	10	3	\N	286	6	101	1.30	2015-06-24	20263	\N	1	\N	alive
12034	P14	112	Arecaceae	Oenocarpus	mapora	oenoma	\N	1145	\N	0002	145	17.50000	48.20000	17.50000	8.20000	416665	515744	928896	10	\N	secondary	123	1	80	1.30	1996-12-11	13494	\N	1	\N	alive
2401617	P14	112	Arecaceae	Oenocarpus	mapora	oenoma	\N	1145	\N	0003	208	18.70000	66.40000	18.70000	6.40000	416683	515762	928897	10	2	secondary	204	2	100	1.30	2010-11-16	18582	\N	1	\N	alive
18475	P14	112	Arecaceae	Oenocarpus	mapora	oenoma	\N	1145	\N	0003	208	18.70000	66.40000	18.70000	6.40000	416683	515762	928897	10	2		256	3	105	1.30	2012-05-01	19114	\N	1	\N	alive
14899	P14	112	Arecaceae	Oenocarpus	mapora	oenoma	\N	1145	\N	0003	208	18.70000	66.40000	18.70000	6.40000	416683	515762	928897	10	2		268	4	103	1.30	2013-04-15	19463	\N	1	\N	alive
2413676	P14	112	Arecaceae	Oenocarpus	mapora	oenoma	\N	1145	\N	0003	208	18.70000	66.40000	18.70000	6.40000	416683	515762	928897	10	2	\N	278	5	103	1.30	2014-04-09	19822	\N	1	\N	alive
2422268	P14	112	Arecaceae	Oenocarpus	mapora	oenoma	\N	1145	\N	0003	208	18.70000	66.40000	18.70000	6.40000	416683	515762	928897	10	2	\N	286	6	104	1.30	2015-06-24	20263	\N	1	\N	alive
2401747	P14	112	Arecaceae	Oenocarpus	mapora	oenoma	\N	1145	\N	0004	271	5.30000	90.60000	5.30000	10.60000	416685	515764	928898	10	2	secondary	204	2	95	1.30	2010-11-16	18582	\N	1	\N	alive
23011	P14	112	Arecaceae	Oenocarpus	mapora	oenoma	\N	1145	\N	0004	271	5.30000	90.60000	5.30000	10.60000	416685	515764	928898	10	2		256	3	\N	0.00	2012-05-01	19114	C	1	\N	stem dead
23604	P14	112	Arecaceae	Oenocarpus	mapora	oenoma	\N	1145	\N	0100	334	34.90000	0.20000	14.90000	0.20000	416710	515789	928899	10	\N	secondary	123	1	79	1.30	1996-11-13	13466	\N	1	\N	alive
2404542	P14	112	Arecaceae	Oenocarpus	mapora	oenoma	\N	1145	\N	0103	523	39.00000	71.50000	19.00000	11.50000	416724	515803	928900	10	2	secondary	204	2	114	1.30	2010-11-16	18582	\N	1	\N	alive
45082	P14	112	Arecaceae	Oenocarpus	mapora	oenoma	\N	1145	\N	0103	523	39.00000	71.50000	19.00000	11.50000	416724	515803	928900	10	2		256	3	115	1.30	2012-05-01	19114	\N	1	\N	alive
39165	P14	112	Arecaceae	Oenocarpus	mapora	oenoma	\N	1145	\N	0103	523	39.00000	71.50000	19.00000	11.50000	416724	515803	928900	10	2		268	4	119	1.30	2013-04-15	19463	\N	1	\N	alive
2413861	P14	112	Arecaceae	Oenocarpus	mapora	oenoma	\N	1145	\N	0103	523	39.00000	71.50000	19.00000	11.50000	416724	515803	928900	10	2	\N	278	5	120	1.30	2014-04-08	19821	\N	1	\N	alive
2422348	P14	112	Arecaceae	Oenocarpus	mapora	oenoma	\N	1145	\N	0103	523	39.00000	71.50000	19.00000	11.50000	416724	515803	928900	10	2	\N	286	6	120	1.30	2015-06-24	20263	\N	1	\N	alive
31497	P14	112	Arecaceae	Oenocarpus	mapora	oenoma	\N	1145	\N	0200	631	40.90000	0.60000	0.90000	0.60000	416739	515819	928901	10	\N	secondary	123	1	73	1.30	1996-11-13	13466	\N	1	\N	alive
2404850	P14	112	Arecaceae	Oenocarpus	mapora	oenoma	\N	1145	\N	0200	631	44.60000	17.10000	4.60000	17.10000	416744	515824	928902	10	3	secondary	204	2	90	1.30	2010-11-15	18581	\N	1	\N	alive
53450	P14	112	Arecaceae	Oenocarpus	mapora	oenoma	\N	1145	\N	0200	631	44.60000	17.10000	4.60000	17.10000	416744	515824	928902	10	3		256	3	92	1.30	2012-05-01	19114	\N	1	\N	alive
47132	P14	112	Arecaceae	Oenocarpus	mapora	oenoma	\N	1145	\N	0200	631	44.60000	17.10000	4.60000	17.10000	416744	515824	928902	10	3		268	4	92	1.30	2013-04-15	19463	\N	1	\N	alive
2413900	P14	112	Arecaceae	Oenocarpus	mapora	oenoma	\N	1145	\N	0200	631	44.60000	17.10000	4.60000	17.10000	416744	515824	928902	10	3	\N	278	5	\N	1.30	2014-04-09	19822	lost	1	\N	stem dead
2402806	P14	112	Sapindaceae	Cupania	seemannii	cupasy	\N	1120	\N	0101	397	29.70000	28.40000	9.70000	8.40000	416822	516422	928903	10	1	main	204	2	65	1.30	2010-11-11	18577	R	1	\N	broken below
2402829	P14	112	Arecaceae	Oenocarpus	mapora	oenoma	\N	1145	\N	0101	397	34.40000	20.50000	14.40000	0.50000	416838	516439	928904	10	2	secondary	204	2	95	1.30	2010-11-11	18577	\N	1	\N	alive
61011	P14	112	Arecaceae	Oenocarpus	mapora	oenoma	\N	1145	\N	0102	460	21.40000	58.20000	1.40000	18.20000	416911	516554	928905	10	\N	secondary	123	1	90	1.30	1996-11-12	13465	\N	1	\N	alive
2403999	P14	112	Arecaceae	Oenocarpus	mapora	oenoma	\N	1145	\N	0102	460	26.40000	45.10000	6.40000	5.10000	416929	516572	928906	10	2	secondary	204	2	96	1.30	2010-11-10	18576	\N	1	\N	alive
38367	P14	112	Arecaceae	Oenocarpus	mapora	oenoma	\N	1145	\N	0102	460	26.40000	45.10000	6.40000	5.10000	416929	516572	928906	10	2		256	3	96	1.30	2012-05-01	19114	\N	1	\N	alive
32815	P14	112	Arecaceae	Oenocarpus	mapora	oenoma	\N	1145	\N	0102	460	26.40000	45.10000	6.40000	5.10000	416929	516572	928906	10	2		268	4	96	1.30	2013-04-15	19463	\N	1	\N	alive
2413792	P14	112	Arecaceae	Oenocarpus	mapora	oenoma	\N	1145	\N	0102	460	26.40000	45.10000	6.40000	5.10000	416929	516572	928906	10	2	\N	278	5	96	1.30	2014-04-08	19821	\N	1	\N	alive
77118	P14	112	Arecaceae	Oenocarpus	mapora	oenoma	\N	1145	\N	0102	460	35.10000	40.20000	15.10000	0.20000	416991	516638	928907	10	\N	secondary	123	1	93	1.30	1996-11-12	13465	\N	1	\N	alive
2405663	P14	112	Arecaceae	Oenocarpus	mapora	oenoma	\N	1145	\N	0201	685	43.80000	24.40000	3.80000	4.40000	417018	516802	928908	10		secondary	204	2	82	1.30	2010-11-11	18577	\N	1	\N	alive
108015	P14	112	Arecaceae	Oenocarpus	mapora	oenoma	\N	1145	\N	0203	793	47.30000	69.00000	7.30000	9.00000	417231	517689	928909	10	\N	secondary	123	1	65	1.30	1996-11-13	13466	\N	1	\N	alive
2407764	P14	112	Arecaceae	Oenocarpus	mapora	oenoma	\N	1145	\N	0301	955	66.60000	22.20000	6.60000	2.20000	417280	517738	928910	10	1	main	204	2	117	1.30	2010-11-16	18582	\N	1	\N	alive
70339	P14	112	Arecaceae	Oenocarpus	mapora	oenoma	\N	1145	\N	0301	955	66.60000	22.20000	6.60000	2.20000	417280	517738	928910	10	1		256	3	117	1.30	2012-05-01	19114	\N	1	\N	alive
61102	P14	112	Arecaceae	Oenocarpus	mapora	oenoma	\N	1145	\N	0301	955	66.60000	22.20000	6.60000	2.20000	417280	517738	928910	10	1		268	4	117	1.30	2013-04-16	19464	\N	1	\N	alive
2414016	P14	112	Arecaceae	Oenocarpus	mapora	oenoma	\N	1145	\N	0301	955	66.60000	22.20000	6.60000	2.20000	417280	517738	928910	10	1	\N	278	5	117	1.30	2014-04-08	19821	\N	1	\N	alive
2422456	P14	112	Arecaceae	Oenocarpus	mapora	oenoma	\N	1145	\N	0301	955	66.60000	22.20000	6.60000	2.20000	417280	517738	928910	10	1	\N	286	6	117	1.30	2015-06-24	20263	\N	1	\N	alive
2407777	P14	112	Arecaceae	Oenocarpus	mapora	oenoma	\N	1145	\N	0301	955	68.00000	30.50000	8.00000	10.50000	417283	517741	928911	10	3	secondary	204	2	102	1.30	2010-11-16	18582	\N	1	\N	alive
72378	P14	112	Arecaceae	Oenocarpus	mapora	oenoma	\N	1145	\N	0301	955	68.00000	30.50000	8.00000	10.50000	417283	517741	928911	10	3		256	3	103	1.30	2012-05-01	19114	\N	1	\N	alive
63315	P14	112	Arecaceae	Oenocarpus	mapora	oenoma	\N	1145	\N	0301	955	68.00000	30.50000	8.00000	10.50000	417283	517741	928911	10	3		268	4	103	1.30	2013-04-16	19464	\N	1	\N	alive
2414035	P14	112	Arecaceae	Oenocarpus	mapora	oenoma	\N	1145	\N	0301	955	68.00000	30.50000	8.00000	10.50000	417283	517741	928911	10	3	\N	278	5	104	1.30	2014-04-08	19821	\N	1	\N	alive
2422464	P14	112	Arecaceae	Oenocarpus	mapora	oenoma	\N	1145	\N	0301	955	68.00000	30.50000	8.00000	10.50000	417283	517741	928911	10	3	\N	286	6	104	1.30	2015-06-24	20263	\N	1	\N	alive
2407790	P14	112	Arecaceae	Oenocarpus	mapora	oenoma	\N	1145	\N	0301	955	79.10000	33.40000	19.10000	13.40000	417289	517747	928912	10	5	secondary	204	2	89	1.30	2010-11-16	18582	\N	1	\N	alive
74277	P14	112	Arecaceae	Oenocarpus	mapora	oenoma	\N	1145	\N	0301	955	79.10000	33.40000	19.10000	13.40000	417289	517747	928912	10	5		256	3	92	1.30	2012-05-01	19114	\N	1	\N	alive
65023	P14	112	Arecaceae	Oenocarpus	mapora	oenoma	\N	1145	\N	0301	955	79.10000	33.40000	19.10000	13.40000	417289	517747	928912	10	5		268	4	91	1.30	2013-04-16	19464	\N	1	\N	alive
2414066	P14	112	Arecaceae	Oenocarpus	mapora	oenoma	\N	1145	\N	0301	955	79.10000	33.40000	19.10000	13.40000	417289	517747	928912	10	5	\N	278	5	91	1.30	2014-04-08	19821	\N	1	\N	alive
2407795	P14	112	Arecaceae	Oenocarpus	mapora	oenoma	\N	1145	\N	0301	955	75.60000	24.00000	15.60000	4.00000	417292	517750	928913	10	3	secondary	204	2	95	1.30	2010-11-16	18582	\N	1	\N	alive
74862	P14	112	Arecaceae	Oenocarpus	mapora	oenoma	\N	1145	\N	0301	955	75.60000	24.00000	15.60000	4.00000	417292	517750	928913	10	3		256	3	95	1.30	2012-05-01	19114	\N	1	\N	alive
65633	P14	112	Arecaceae	Oenocarpus	mapora	oenoma	\N	1145	\N	0301	955	75.60000	24.00000	15.60000	4.00000	417292	517750	928913	10	3		268	4	96	1.30	2013-04-16	19464	\N	1	\N	alive
2414056	P14	112	Arecaceae	Oenocarpus	mapora	oenoma	\N	1145	\N	0301	955	75.60000	24.00000	15.60000	4.00000	417292	517750	928913	10	3	\N	278	5	98	1.30	2014-04-08	19821	\N	1	\N	alive
2408396	P14	112	Arecaceae	Oenocarpus	mapora	oenoma	\N	1145	\N	0400	1171	84.00000	14.80000	4.00000	14.80000	417344	517802	928914	10	2	secondary	204	2	95	1.30	2010-11-16	18582	\N	1	\N	alive
85187	P14	112	Arecaceae	Oenocarpus	mapora	oenoma	\N	1145	\N	0400	1171	84.00000	14.80000	4.00000	14.80000	417344	517802	928914	10	2		256	3	98	1.30	2012-05-01	19114	\N	1	\N	alive
75108	P14	112	Arecaceae	Oenocarpus	mapora	oenoma	\N	1145	\N	0400	1171	84.00000	14.80000	4.00000	14.80000	417344	517802	928914	10	2		268	4	99	1.30	2013-04-16	19464	\N	1	\N	alive
2414123	P14	112	Arecaceae	Oenocarpus	mapora	oenoma	\N	1145	\N	0400	1171	84.00000	14.80000	4.00000	14.80000	417344	517802	928914	10	2	\N	278	5	99	1.30	2014-04-09	19822	\N	1	\N	alive
2398188	P14	112	Arecaceae	Oenocarpus	mapora	oenoma	\N	1145	\N	0003	208	10.24000	69.64000	10.24000	9.64000	482297	838583	929308	10	10	secondary	204	2	81	1.30	2010-11-16	18582	\N	1	\N	alive
20683	P14	112	Arecaceae	Oenocarpus	mapora	oenoma	\N	1145	\N	0003	208	10.24000	69.64000	10.24000	9.64000	482297	838583	929308	10	10		256	3	84	1.30	2012-05-01	19114	\N	1	\N	alive
16831	P14	112	Arecaceae	Oenocarpus	mapora	oenoma	\N	1145	\N	0003	208	10.24000	69.64000	10.24000	9.64000	482297	838583	929308	10	10		268	4	84	1.30	2013-04-15	19463	\N	1	\N	alive
2413656	P14	112	Arecaceae	Oenocarpus	mapora	oenoma	\N	1145	\N	0003	208	10.24000	69.64000	10.24000	9.64000	482297	838583	929308	10	10	\N	278	5	84	1.30	2014-04-09	19822	\N	1	\N	alive
2398237	P14	112	Arecaceae	Oenocarpus	mapora	oenoma	\N	1145	\N	0004	271	4.57000	82.40000	4.57000	2.40000	482348	838586	929309	10	9	secondary	204	2	77	1.30	2010-11-16	18582	\N	1	\N	alive
27804	P14	112	Arecaceae	Oenocarpus	mapora	oenoma	\N	1145	\N	0004	271	4.57000	82.40000	4.57000	2.40000	482348	838586	929309	10	9		256	3	80	1.30	2012-05-01	19114	\N	1	\N	alive
21790	P14	112	Arecaceae	Oenocarpus	mapora	oenoma	\N	1145	\N	0004	271	4.57000	82.40000	4.57000	2.40000	482348	838586	929309	10	9		268	4	79	1.30	2013-04-15	19463	\N	1	\N	alive
2413700	P14	112	Arecaceae	Oenocarpus	mapora	oenoma	\N	1145	\N	0004	271	4.57000	82.40000	4.57000	2.40000	482348	838586	929309	10	9	\N	278	5	78	1.30	2014-04-09	19822	\N	1	\N	alive
2398336	P14	112	Arecaceae	Oenocarpus	mapora	oenoma	\N	1145	\N	0100	334	23.84000	5.14000	3.84000	5.14000	482384	826386	929310	10	10	secondary	204	2	71	1.30	2010-11-15	18581	\N	1	\N	alive
33476	P14	112	Arecaceae	Oenocarpus	mapora	oenoma	\N	1145	\N	0100	334	23.84000	5.14000	3.84000	5.14000	482384	826386	929310	10	10		256	3	73	1.30	2012-05-01	19114	\N	1	\N	alive
27268	P14	112	Arecaceae	Oenocarpus	mapora	oenoma	\N	1145	\N	0100	334	23.84000	5.14000	3.84000	5.14000	482384	826386	929310	10	10		268	4	79	1.30	2013-04-15	19463	\N	1	\N	alive
2413719	P14	112	Arecaceae	Oenocarpus	mapora	oenoma	\N	1145	\N	0100	334	23.84000	5.14000	3.84000	5.14000	482384	826386	929310	10	10	\N	278	5	79	1.30	2014-04-08	19821	\N	1	\N	alive
2399404	P14	112	Arecaceae	Oenocarpus	mapora	oenoma	\N	1145	\N	0103	523	26.99000	69.56000	6.99000	9.56000	483285	826388	929311	10	9	secondary	204	2	77	1.30	2010-11-16	18582	\N	1	\N	alive
48136	P14	112	Arecaceae	Oenocarpus	mapora	oenoma	\N	1145	\N	0103	523	26.99000	69.56000	6.99000	9.56000	483285	826388	929311	10	9		256	3	78	1.30	2012-05-01	19114	\N	1	\N	alive
42406	P14	112	Arecaceae	Oenocarpus	mapora	oenoma	\N	1145	\N	0103	523	26.99000	69.56000	6.99000	9.56000	483285	826388	929311	10	9		268	4	78	1.30	2013-04-15	19463	\N	1	\N	alive
2413840	P14	112	Arecaceae	Oenocarpus	mapora	oenoma	\N	1145	\N	0103	523	26.99000	69.56000	6.99000	9.56000	483285	826388	929311	10	9	\N	278	5	79	1.30	2014-04-08	19821	\N	1	\N	alive
2401196	P14	112	Arecaceae	Oenocarpus	mapora	oenoma	\N	1145	\N	0000	19	9.60000	19.70000	9.60000	19.70000	416632	515711	942487	11	4	secondary	204	2	102	1.30	2010-11-15	18581	\N	1	\N	alive
2330	P14	112	Arecaceae	Oenocarpus	mapora	oenoma	\N	1145	\N	0000	19	9.60000	19.70000	9.60000	19.70000	416632	515711	942487	11	4		256	3	109	1.30	2012-05-01	19114	\N	1	\N	alive
1790	P14	112	Arecaceae	Oenocarpus	mapora	oenoma	\N	1145	\N	0000	19	9.60000	19.70000	9.60000	19.70000	416632	515711	942487	11	4		268	4	109	1.30	2013-04-15	19463	\N	1	\N	alive
2413570	P14	112	Arecaceae	Oenocarpus	mapora	oenoma	\N	1145	\N	0000	19	9.60000	19.70000	9.60000	19.70000	416632	515711	942487	11	4	\N	278	5	108	1.30	2014-04-09	19822	\N	1	\N	alive
2422213	P14	112	Arecaceae	Oenocarpus	mapora	oenoma	\N	1145	\N	0000	19	9.60000	19.70000	9.60000	19.70000	416632	515711	942487	11	4	\N	286	6	110	1.30	2015-06-24	20263	\N	1	\N	alive
2401199	P14	112	Arecaceae	Oenocarpus	mapora	oenoma	\N	1145	\N	0000	19	13.70000	17.70000	13.70000	17.70000	416633	515712	942488	11	1	main	204	2	86	1.30	2010-11-15	18581	R	1	\N	broken below
2882	P14	112	Arecaceae	Oenocarpus	mapora	oenoma	\N	1145	\N	0000	19	13.70000	17.70000	13.70000	17.70000	416633	515712	942488	11	1		256	3	86	1.30	2012-05-01	19114	\N	1	\N	alive
2401486	P14	112	Arecaceae	Oenocarpus	mapora	oenoma	\N	1145	\N	0002	145	11.50000	53.90000	11.50000	13.90000	416662	515741	942489	11	4	secondary	204	2	83	1.30	2010-11-15	18581	\N	1	\N	alive
10195	P14	112	Arecaceae	Oenocarpus	mapora	oenoma	\N	1145	\N	0002	145	11.50000	53.90000	11.50000	13.90000	416662	515741	942489	11	4		256	3	83	1.30	2012-05-01	19114	\N	1	\N	alive
7585	P14	112	Arecaceae	Oenocarpus	mapora	oenoma	\N	1145	\N	0002	145	11.50000	53.90000	11.50000	13.90000	416662	515741	942489	11	4		268	4	84	1.30	2013-04-15	19463	\N	1	\N	alive
2413613	P14	112	Arecaceae	Oenocarpus	mapora	oenoma	\N	1145	\N	0002	145	11.50000	53.90000	11.50000	13.90000	416662	515741	942489	11	4	\N	278	5	83	1.30	2014-04-09	19822	\N	1	\N	alive
12172	P14	112	Arecaceae	Oenocarpus	mapora	oenoma	\N	1145	\N	0002	145	17.50000	48.20000	17.50000	8.20000	416665	515744	942490	11	\N	secondary	123	1	60	1.30	1996-12-11	13494	\N	1	\N	alive
2401618	P14	112	Arecaceae	Oenocarpus	mapora	oenoma	\N	1145	\N	0003	208	18.70000	66.40000	18.70000	6.40000	416683	515762	942491	11	3	secondary	204	2	93	1.30	2010-11-16	18582	\N	1	\N	alive
18613	P14	112	Arecaceae	Oenocarpus	mapora	oenoma	\N	1145	\N	0003	208	18.70000	66.40000	18.70000	6.40000	416683	515762	942491	11	3		256	3	\N	0.00	2012-05-01	19114	S	1	\N	stem dead
15451	P14	112	Arecaceae	Oenocarpus	mapora	oenoma	\N	1145	\N	0003	208	18.70000	66.40000	18.70000	6.40000	416683	515762	942491	11	3		268	4	\N	0.00	2013-04-15	19463	lost	1	\N	stem dead
2413677	P14	112	Arecaceae	Oenocarpus	mapora	oenoma	\N	1145	\N	0003	208	18.70000	66.40000	18.70000	6.40000	416683	515762	942491	11	3	\N	278	5	\N	1.30	2014-04-09	19822	R	1	\N	broken below
2401748	P14	112	Arecaceae	Oenocarpus	mapora	oenoma	\N	1145	\N	0004	271	5.30000	90.60000	5.30000	10.60000	416685	515764	942492	11	3	secondary	204	2	92	1.30	2010-11-16	18582	\N	1	\N	alive
23148	P14	112	Arecaceae	Oenocarpus	mapora	oenoma	\N	1145	\N	0004	271	5.30000	90.60000	5.30000	10.60000	416685	515764	942492	11	3		256	3	91	1.30	2012-05-01	19114	\N	1	\N	alive
23741	P14	112	Arecaceae	Oenocarpus	mapora	oenoma	\N	1145	\N	0100	334	34.90000	0.20000	14.90000	0.20000	416710	515789	942493	11	\N	secondary	123	1	77	1.30	1996-11-13	13466	\N	1	\N	alive
2404543	P14	112	Arecaceae	Oenocarpus	mapora	oenoma	\N	1145	\N	0103	523	39.00000	71.50000	19.00000	11.50000	416724	515803	942494	11	3	secondary	204	2	111	1.30	2010-11-16	18582	\N	1	\N	alive
45210	P14	112	Arecaceae	Oenocarpus	mapora	oenoma	\N	1145	\N	0103	523	39.00000	71.50000	19.00000	11.50000	416724	515803	942494	11	3		256	3	113	1.30	2012-05-01	19114	\N	1	\N	alive
39295	P14	112	Arecaceae	Oenocarpus	mapora	oenoma	\N	1145	\N	0103	523	39.00000	71.50000	19.00000	11.50000	416724	515803	942494	11	3		268	4	112	1.30	2013-04-15	19463	\N	1	\N	alive
2413862	P14	112	Arecaceae	Oenocarpus	mapora	oenoma	\N	1145	\N	0103	523	39.00000	71.50000	19.00000	11.50000	416724	515803	942494	11	3	\N	278	5	113	1.30	2014-04-08	19821	\N	1	\N	alive
2422349	P14	112	Arecaceae	Oenocarpus	mapora	oenoma	\N	1145	\N	0103	523	39.00000	71.50000	19.00000	11.50000	416724	515803	942494	11	3	\N	286	6	113	1.30	2015-06-24	20263	\N	1	\N	alive
31632	P14	112	Arecaceae	Oenocarpus	mapora	oenoma	\N	1145	\N	0200	631	40.90000	0.60000	0.90000	0.60000	416739	515819	942495	11	\N	secondary	123	1	65	1.30	1996-11-13	13466	\N	1	\N	alive
2404851	P14	112	Arecaceae	Oenocarpus	mapora	oenoma	\N	1145	\N	0200	631	44.60000	17.10000	4.60000	17.10000	416744	515824	942496	11	4	secondary	204	2	89	1.30	2010-11-15	18581	\N	1	\N	alive
53576	P14	112	Arecaceae	Oenocarpus	mapora	oenoma	\N	1145	\N	0200	631	44.60000	17.10000	4.60000	17.10000	416744	515824	942496	11	4		256	3	89	1.30	2012-05-01	19114	\N	1	\N	alive
47259	P14	112	Arecaceae	Oenocarpus	mapora	oenoma	\N	1145	\N	0200	631	44.60000	17.10000	4.60000	17.10000	416744	515824	942496	11	4		268	4	89	1.30	2013-04-15	19463	\N	1	\N	alive
2413901	P14	112	Arecaceae	Oenocarpus	mapora	oenoma	\N	1145	\N	0200	631	44.60000	17.10000	4.60000	17.10000	416744	515824	942496	11	4	\N	278	5	89	1.30	2014-04-09	19822	\N	1	\N	alive
2402807	P14	112	Sapindaceae	Cupania	seemannii	cupasy	\N	1120	\N	0101	397	29.70000	28.40000	9.70000	8.40000	416822	516422	942497	11	2	secondary	204	2	62	1.30	2010-11-11	18577	\N	1	\N	alive
2402830	P14	112	Arecaceae	Oenocarpus	mapora	oenoma	\N	1145	\N	0101	397	34.40000	20.50000	14.40000	0.50000	416838	516439	942498	11	3	secondary	204	2	88	1.30	2010-11-11	18577	\N	1	\N	alive
61134	P14	112	Arecaceae	Oenocarpus	mapora	oenoma	\N	1145	\N	0102	460	21.40000	58.20000	1.40000	18.20000	416911	516554	942499	11	\N	secondary	123	1	88	1.30	1996-11-12	13465	\N	1	\N	alive
2404000	P14	112	Arecaceae	Oenocarpus	mapora	oenoma	\N	1145	\N	0102	460	26.40000	45.10000	6.40000	5.10000	416929	516572	942500	11	3	secondary	204	2	95	1.30	2010-11-10	18576	\N	1	\N	alive
38498	P14	112	Arecaceae	Oenocarpus	mapora	oenoma	\N	1145	\N	0102	460	26.40000	45.10000	6.40000	5.10000	416929	516572	942500	11	3		256	3	95	1.30	2012-05-01	19114	\N	1	\N	alive
32950	P14	112	Arecaceae	Oenocarpus	mapora	oenoma	\N	1145	\N	0102	460	26.40000	45.10000	6.40000	5.10000	416929	516572	942500	11	3		268	4	100	1.30	2013-04-15	19463	\N	1	\N	alive
2413793	P14	112	Arecaceae	Oenocarpus	mapora	oenoma	\N	1145	\N	0102	460	26.40000	45.10000	6.40000	5.10000	416929	516572	942500	11	3	\N	278	5	100	1.30	2014-04-08	19821	\N	1	\N	alive
2422313	P14	112	Arecaceae	Oenocarpus	mapora	oenoma	\N	1145	\N	0102	460	26.40000	45.10000	6.40000	5.10000	416929	516572	942500	11	3	\N	286	6	101	1.30	2015-06-24	20263	\N	1	\N	alive
77233	P14	112	Arecaceae	Oenocarpus	mapora	oenoma	\N	1145	\N	0102	460	35.10000	40.20000	15.10000	0.20000	416991	516638	942501	11	\N	secondary	123	1	82	1.30	1996-11-12	13465	\N	1	\N	alive
2409566	P14	112	Arecaceae	Oenocarpus	mapora	oenoma	\N	1145	\N	0201	685	43.80000	24.40000	3.80000	4.40000	417018	516802	942502	11	4	secondary	204	2	58	1.30	2010-11-11	18577	\N	1	\N	alive
108109	P14	112	Arecaceae	Oenocarpus	mapora	oenoma	\N	1145	\N	0203	793	47.30000	69.00000	7.30000	9.00000	417231	517689	942503	11	\N	secondary	123	1	58	1.30	1996-11-13	13466	\N	1	\N	alive
2407765	P14	112	Arecaceae	Oenocarpus	mapora	oenoma	\N	1145	\N	0301	955	66.60000	22.20000	6.60000	2.20000	417280	517738	942504	11	2	secondary	204	2	116	1.30	2010-11-16	18582	\N	1	\N	alive
70944	P14	112	Arecaceae	Oenocarpus	mapora	oenoma	\N	1145	\N	0301	955	66.60000	22.20000	6.60000	2.20000	417280	517738	942504	11	2		256	3	106	1.30	2012-05-01	19114	\N	1	\N	alive
61348	P14	112	Arecaceae	Oenocarpus	mapora	oenoma	\N	1145	\N	0301	955	66.60000	22.20000	6.60000	2.20000	417280	517738	942504	11	2		268	4	106	1.30	2013-04-16	19464	\N	1	\N	alive
2414025	P14	112	Arecaceae	Oenocarpus	mapora	oenoma	\N	1145	\N	0301	955	66.60000	22.20000	6.60000	2.20000	417280	517738	942504	11	2	\N	278	5	107	1.30	2014-04-08	19821	\N	1	\N	alive
2422457	P14	112	Arecaceae	Oenocarpus	mapora	oenoma	\N	1145	\N	0301	955	66.60000	22.20000	6.60000	2.20000	417280	517738	942504	11	2	\N	286	6	107	1.30	2015-06-24	20263	\N	1	\N	alive
2407778	P14	112	Arecaceae	Oenocarpus	mapora	oenoma	\N	1145	\N	0301	955	68.00000	30.50000	8.00000	10.50000	417283	517741	942505	11	4	secondary	204	2	100	1.30	2010-11-16	18582	\N	1	\N	alive
72497	P14	112	Arecaceae	Oenocarpus	mapora	oenoma	\N	1145	\N	0301	955	68.00000	30.50000	8.00000	10.50000	417283	517741	942505	11	4		256	3	100	1.30	2012-05-01	19114	\N	1	\N	alive
63437	P14	112	Arecaceae	Oenocarpus	mapora	oenoma	\N	1145	\N	0301	955	68.00000	30.50000	8.00000	10.50000	417283	517741	942505	11	4		268	4	103	1.30	2013-04-16	19464	\N	1	\N	alive
2414036	P14	112	Arecaceae	Oenocarpus	mapora	oenoma	\N	1145	\N	0301	955	68.00000	30.50000	8.00000	10.50000	417283	517741	942505	11	4	\N	278	5	104	1.30	2014-04-08	19821	\N	1	\N	alive
2422465	P14	112	Arecaceae	Oenocarpus	mapora	oenoma	\N	1145	\N	0301	955	68.00000	30.50000	8.00000	10.50000	417283	517741	942505	11	4	\N	286	6	104	1.30	2015-06-24	20263	\N	1	\N	alive
2409750	P14	112	Arecaceae	Oenocarpus	mapora	oenoma	\N	1145	\N	0301	955	75.60000	24.00000	15.60000	4.00000	417292	517750	942506	11	4	secondary	204	2	95	1.30	2010-11-16	18582	\N	1	\N	alive
74979	P14	112	Arecaceae	Oenocarpus	mapora	oenoma	\N	1145	\N	0301	955	75.60000	24.00000	15.60000	4.00000	417292	517750	942506	11	4		256	3	95	1.30	2012-05-01	19114	\N	1	\N	alive
65754	P14	112	Arecaceae	Oenocarpus	mapora	oenoma	\N	1145	\N	0301	955	75.60000	24.00000	15.60000	4.00000	417292	517750	942506	11	4		268	4	95	1.30	2013-04-16	19464	\N	1	\N	alive
2414057	P14	112	Arecaceae	Oenocarpus	mapora	oenoma	\N	1145	\N	0301	955	75.60000	24.00000	15.60000	4.00000	417292	517750	942506	11	4	\N	278	5	95	1.30	2014-04-08	19821	\N	1	\N	alive
2408397	P14	112	Arecaceae	Oenocarpus	mapora	oenoma	\N	1145	\N	0400	1171	84.00000	14.80000	4.00000	14.80000	417344	517802	942507	11	3	secondary	204	2	93	1.30	2010-11-16	18582	\N	1	\N	alive
85297	P14	112	Arecaceae	Oenocarpus	mapora	oenoma	\N	1145	\N	0400	1171	84.00000	14.80000	4.00000	14.80000	417344	517802	942507	11	3		256	3	97	1.30	2012-05-01	19114	\N	1	\N	alive
75225	P14	112	Arecaceae	Oenocarpus	mapora	oenoma	\N	1145	\N	0400	1171	84.00000	14.80000	4.00000	14.80000	417344	517802	942507	11	3		268	4	96	1.30	2013-04-16	19464	\N	1	\N	alive
2414124	P14	112	Arecaceae	Oenocarpus	mapora	oenoma	\N	1145	\N	0400	1171	84.00000	14.80000	4.00000	14.80000	417344	517802	942507	11	3	\N	278	5	96	1.30	2014-04-09	19822	\N	1	\N	alive
2398186	P14	112	Arecaceae	Oenocarpus	mapora	oenoma	\N	1145	\N	0003	208	10.24000	69.64000	10.24000	9.64000	482297	838583	942834	11	11	secondary	204	2	77	1.30	2010-11-16	18582	\N	1	\N	alive
20820	P14	112	Arecaceae	Oenocarpus	mapora	oenoma	\N	1145	\N	0003	208	10.24000	69.64000	10.24000	9.64000	482297	838583	942834	11	11		256	3	82	1.30	2012-05-01	19114	\N	1	\N	alive
16969	P14	112	Arecaceae	Oenocarpus	mapora	oenoma	\N	1145	\N	0003	208	10.24000	69.64000	10.24000	9.64000	482297	838583	942834	11	11		268	4	81	1.30	2013-04-15	19463	\N	1	\N	alive
2413657	P14	112	Arecaceae	Oenocarpus	mapora	oenoma	\N	1145	\N	0003	208	10.24000	69.64000	10.24000	9.64000	482297	838583	942834	11	11	\N	278	5	83	1.30	2014-04-09	19822	\N	1	\N	alive
2398236	P14	112	Arecaceae	Oenocarpus	mapora	oenoma	\N	1145	\N	0004	271	4.57000	82.40000	4.57000	2.40000	482348	838586	942835	11	10	secondary	204	2	70	1.30	2010-11-16	18582	\N	1	\N	alive
27941	P14	112	Arecaceae	Oenocarpus	mapora	oenoma	\N	1145	\N	0004	271	4.57000	82.40000	4.57000	2.40000	482348	838586	942835	11	10		256	3	72	1.30	2012-05-01	19114	\N	1	\N	alive
21927	P14	112	Arecaceae	Oenocarpus	mapora	oenoma	\N	1145	\N	0004	271	4.57000	82.40000	4.57000	2.40000	482348	838586	942835	11	10		268	4	72	1.30	2013-04-15	19463	\N	1	\N	alive
2413687	P14	112	Arecaceae	Oenocarpus	mapora	oenoma	\N	1145	\N	0004	271	4.57000	82.40000	4.57000	2.40000	482348	838586	942835	11	10	\N	278	5	71	1.30	2014-04-09	19822	\N	1	\N	alive
2398334	P14	112	Arecaceae	Oenocarpus	mapora	oenoma	\N	1145	\N	0100	334	23.84000	5.14000	3.84000	5.14000	482384	826386	942836	11	11	secondary	204	2	69	1.30	2010-11-15	18581	\N	1	\N	alive
33610	P14	112	Arecaceae	Oenocarpus	mapora	oenoma	\N	1145	\N	0100	334	23.84000	5.14000	3.84000	5.14000	482384	826386	942836	11	11		256	3	71	1.30	2012-05-01	19114	\N	1	\N	alive
27405	P14	112	Arecaceae	Oenocarpus	mapora	oenoma	\N	1145	\N	0100	334	23.84000	5.14000	3.84000	5.14000	482384	826386	942836	11	11		268	4	76	1.30	2013-04-15	19463	\N	1	\N	alive
2413720	P14	112	Arecaceae	Oenocarpus	mapora	oenoma	\N	1145	\N	0100	334	23.84000	5.14000	3.84000	5.14000	482384	826386	942836	11	11	\N	278	5	76	1.30	2014-04-08	19821	\N	1	\N	alive
2399405	P14	112	Arecaceae	Oenocarpus	mapora	oenoma	\N	1145	\N	0103	523	26.99000	69.56000	6.99000	9.56000	483285	826388	942837	11	10	secondary	204	2	72	1.30	2010-11-16	18582	\N	1	\N	alive
48263	P14	112	Arecaceae	Oenocarpus	mapora	oenoma	\N	1145	\N	0103	523	26.99000	69.56000	6.99000	9.56000	483285	826388	942837	11	10		256	3	72	1.30	2012-05-01	19114	\N	1	\N	alive
42534	P14	112	Arecaceae	Oenocarpus	mapora	oenoma	\N	1145	\N	0103	523	26.99000	69.56000	6.99000	9.56000	483285	826388	942837	11	10		268	4	73	1.30	2013-04-15	19463	\N	1	\N	alive
2413829	P14	112	Arecaceae	Oenocarpus	mapora	oenoma	\N	1145	\N	0103	523	26.99000	69.56000	6.99000	9.56000	483285	826388	942837	11	10	\N	278	5	73	1.30	2014-04-08	19821	\N	1	\N	alive
2401197	P14	112	Arecaceae	Oenocarpus	mapora	oenoma	\N	1145	\N	0000	19	9.60000	19.70000	9.60000	19.70000	416632	515711	952907	12	5	secondary	204	2	96	1.30	2010-11-15	18581	\N	1	\N	alive
2468	P14	112	Arecaceae	Oenocarpus	mapora	oenoma	\N	1145	\N	0000	19	9.60000	19.70000	9.60000	19.70000	416632	515711	952907	12	5		256	3	92	1.30	2012-05-01	19114	\N	1	\N	alive
1928	P14	112	Arecaceae	Oenocarpus	mapora	oenoma	\N	1145	\N	0000	19	9.60000	19.70000	9.60000	19.70000	416632	515711	952907	12	5		268	4	92	1.30	2013-04-15	19463	\N	1	\N	alive
2413571	P14	112	Arecaceae	Oenocarpus	mapora	oenoma	\N	1145	\N	0000	19	9.60000	19.70000	9.60000	19.70000	416632	515711	952907	12	5	\N	278	5	93	1.30	2014-04-09	19822	\N	1	\N	alive
2401200	P14	112	Arecaceae	Oenocarpus	mapora	oenoma	\N	1145	\N	0000	19	13.70000	17.70000	13.70000	17.70000	416633	515712	952908	12	2	secondary	204	2	85	1.30	2010-11-15	18581	\N	1	\N	alive
3020	P14	112	Arecaceae	Oenocarpus	mapora	oenoma	\N	1145	\N	0000	19	13.70000	17.70000	13.70000	17.70000	416633	515712	952908	12	2		256	3	86	1.30	2012-05-01	19114	\N	1	\N	alive
2401487	P14	112	Arecaceae	Oenocarpus	mapora	oenoma	\N	1145	\N	0002	145	11.50000	53.90000	11.50000	13.90000	416662	515741	952909	12	5	secondary	204	2	82	1.30	2010-11-15	18581	\N	1	\N	alive
10333	P14	112	Arecaceae	Oenocarpus	mapora	oenoma	\N	1145	\N	0002	145	11.50000	53.90000	11.50000	13.90000	416662	515741	952909	12	5		256	3	83	1.30	2012-05-01	19114	\N	1	\N	alive
7723	P14	112	Arecaceae	Oenocarpus	mapora	oenoma	\N	1145	\N	0002	145	11.50000	53.90000	11.50000	13.90000	416662	515741	952909	12	5		268	4	84	1.30	2013-04-15	19463	\N	1	\N	alive
2413614	P14	112	Arecaceae	Oenocarpus	mapora	oenoma	\N	1145	\N	0002	145	11.50000	53.90000	11.50000	13.90000	416662	515741	952909	12	5	\N	278	5	83	1.30	2014-04-09	19822	\N	1	\N	alive
12310	P14	112	Arecaceae	Oenocarpus	mapora	oenoma	\N	1145	\N	0002	145	17.50000	48.20000	17.50000	8.20000	416665	515744	952910	12	\N	secondary	123	1	53	1.30	1996-12-11	13494	\N	1	\N	alive
2401619	P14	112	Arecaceae	Oenocarpus	mapora	oenoma	\N	1145	\N	0003	208	18.70000	66.40000	18.70000	6.40000	416683	515762	952911	12	4	secondary	204	2	92	1.30	2010-11-16	18582	\N	1	\N	alive
18751	P14	112	Arecaceae	Oenocarpus	mapora	oenoma	\N	1145	\N	0003	208	18.70000	66.40000	18.70000	6.40000	416683	515762	952911	12	4		256	3	94	1.30	2012-05-01	19114	\N	1	\N	alive
15037	P14	112	Arecaceae	Oenocarpus	mapora	oenoma	\N	1145	\N	0003	208	18.70000	66.40000	18.70000	6.40000	416683	515762	952911	12	4		268	4	93	1.30	2013-04-15	19463	\N	1	\N	alive
2413678	P14	112	Arecaceae	Oenocarpus	mapora	oenoma	\N	1145	\N	0003	208	18.70000	66.40000	18.70000	6.40000	416683	515762	952911	12	4	\N	278	5	94	1.30	2014-04-09	19822	\N	1	\N	alive
2401749	P14	112	Arecaceae	Oenocarpus	mapora	oenoma	\N	1145	\N	0004	271	5.30000	90.60000	5.30000	10.60000	416685	515764	952912	12	4	secondary	204	2	92	1.30	2010-11-16	18582	\N	1	\N	alive
23285	P14	112	Arecaceae	Oenocarpus	mapora	oenoma	\N	1145	\N	0004	271	5.30000	90.60000	5.30000	10.60000	416685	515764	952912	12	4		256	3	90	1.30	2012-05-01	19114	\N	1	\N	alive
23878	P14	112	Arecaceae	Oenocarpus	mapora	oenoma	\N	1145	\N	0100	334	34.90000	0.20000	14.90000	0.20000	416710	515789	952913	12	\N	secondary	123	1	73	1.30	1996-11-13	13466	\N	1	\N	alive
2404544	P14	112	Arecaceae	Oenocarpus	mapora	oenoma	\N	1145	\N	0103	523	39.00000	71.50000	19.00000	11.50000	416724	515803	952914	12	4	secondary	204	2	111	1.30	2010-11-16	18582	\N	1	\N	alive
45338	P14	112	Arecaceae	Oenocarpus	mapora	oenoma	\N	1145	\N	0103	523	39.00000	71.50000	19.00000	11.50000	416724	515803	952914	12	4		256	3	111	1.30	2012-05-01	19114	\N	1	\N	alive
39425	P14	112	Arecaceae	Oenocarpus	mapora	oenoma	\N	1145	\N	0103	523	39.00000	71.50000	19.00000	11.50000	416724	515803	952914	12	4		268	4	93	1.30	2013-04-15	19463	\N	1	\N	alive
2413863	P14	112	Arecaceae	Oenocarpus	mapora	oenoma	\N	1145	\N	0103	523	39.00000	71.50000	19.00000	11.50000	416724	515803	952914	12	4	\N	278	5	93	1.30	2014-04-08	19821	\N	1	\N	alive
2404835	P14	112	Arecaceae	Oenocarpus	mapora	oenoma	\N	1145	\N	0200	631	40.90000	0.60000	0.90000	0.60000	416739	515819	952915	12	1	main	204	2	102	1.30	2010-11-15	18581	\N	1	\N	alive
51435	P14	112	Arecaceae	Oenocarpus	mapora	oenoma	\N	1145	\N	0200	631	40.90000	0.60000	0.90000	0.60000	416739	515819	952915	12	1		256	3	105	1.30	2012-05-01	19114	\N	1	\N	alive
45350	P14	112	Arecaceae	Oenocarpus	mapora	oenoma	\N	1145	\N	0200	631	40.90000	0.60000	0.90000	0.60000	416739	515819	952915	12	1		268	4	105	1.30	2013-04-15	19463	\N	1	\N	alive
2413886	P14	112	Arecaceae	Oenocarpus	mapora	oenoma	\N	1145	\N	0200	631	40.90000	0.60000	0.90000	0.60000	416739	515819	952915	12	1	\N	278	5	105	1.30	2014-04-09	19822	\N	1	\N	alive
2422370	P14	112	Arecaceae	Oenocarpus	mapora	oenoma	\N	1145	\N	0200	631	40.90000	0.60000	0.90000	0.60000	416739	515819	952915	12	1	\N	286	6	105	1.30	2015-06-25	20264	\N	1	\N	alive
2404852	P14	112	Arecaceae	Oenocarpus	mapora	oenoma	\N	1145	\N	0200	631	44.60000	17.10000	4.60000	17.10000	416744	515824	952916	12	5	secondary	204	2	85	1.30	2010-11-15	18581	\N	1	\N	alive
53702	P14	112	Arecaceae	Oenocarpus	mapora	oenoma	\N	1145	\N	0200	631	44.60000	17.10000	4.60000	17.10000	416744	515824	952916	12	5		256	3	85	1.30	2012-05-01	19114	\N	1	\N	alive
47386	P14	112	Arecaceae	Oenocarpus	mapora	oenoma	\N	1145	\N	0200	631	44.60000	17.10000	4.60000	17.10000	416744	515824	952916	12	5		268	4	85	1.30	2013-04-15	19463	\N	1	\N	alive
2413902	P14	112	Arecaceae	Oenocarpus	mapora	oenoma	\N	1145	\N	0200	631	44.60000	17.10000	4.60000	17.10000	416744	515824	952916	12	5	\N	278	5	85	1.30	2014-04-09	19822	\N	1	\N	alive
2402808	P14	112	Sapindaceae	Cupania	seemannii	cupasy	\N	1120	\N	0101	397	29.70000	28.40000	9.70000	8.40000	416822	516422	952917	12	3	secondary	204	2	44	1.30	2010-11-11	18577	\N	1	\N	alive
2402831	P14	112	Arecaceae	Oenocarpus	mapora	oenoma	\N	1145	\N	0101	397	34.40000	20.50000	14.40000	0.50000	416838	516439	952918	12		secondary	204	2	70	1.30	2010-11-11	18577	\N	1	\N	alive
61257	P14	112	Arecaceae	Oenocarpus	mapora	oenoma	\N	1145	\N	0102	460	21.40000	58.20000	1.40000	18.20000	416911	516554	952919	12	\N	secondary	123	1	82	1.30	1996-11-12	13465	\N	1	\N	alive
2404001	P14	112	Arecaceae	Oenocarpus	mapora	oenoma	\N	1145	\N	0102	460	26.40000	45.10000	6.40000	5.10000	416929	516572	952920	12	4	secondary	204	2	92	1.30	2010-11-10	18576	\N	1	\N	alive
38629	P14	112	Arecaceae	Oenocarpus	mapora	oenoma	\N	1145	\N	0102	460	26.40000	45.10000	6.40000	5.10000	416929	516572	952920	12	4		256	3	93	1.30	2012-05-01	19114	\N	1	\N	alive
33085	P14	112	Arecaceae	Oenocarpus	mapora	oenoma	\N	1145	\N	0102	460	26.40000	45.10000	6.40000	5.10000	416929	516572	952920	12	4		268	4	93	1.30	2013-04-15	19463	\N	1	\N	alive
2413794	P14	112	Arecaceae	Oenocarpus	mapora	oenoma	\N	1145	\N	0102	460	26.40000	45.10000	6.40000	5.10000	416929	516572	952920	12	4	\N	278	5	93	1.30	2014-04-08	19821	\N	1	\N	alive
77348	P14	112	Arecaceae	Oenocarpus	mapora	oenoma	\N	1145	\N	0102	460	35.10000	40.20000	15.10000	0.20000	416991	516638	952921	12	\N	secondary	123	1	80	1.30	1996-11-12	13465	\N	1	\N	alive
108203	P14	112	Arecaceae	Oenocarpus	mapora	oenoma	\N	1145	\N	0203	793	47.30000	69.00000	7.30000	9.00000	417231	517689	952922	12	\N	secondary	123	1	58	1.30	1996-11-13	13466	\N	1	\N	alive
2407766	P14	112	Arecaceae	Oenocarpus	mapora	oenoma	\N	1145	\N	0301	955	66.60000	22.20000	6.60000	2.20000	417280	517738	952923	12	3	secondary	204	2	109	1.30	2010-11-16	18582	\N	1	\N	alive
71064	P14	112	Arecaceae	Oenocarpus	mapora	oenoma	\N	1145	\N	0301	955	66.60000	22.20000	6.60000	2.20000	417280	517738	952923	12	3		256	3	109	1.30	2012-05-01	19114	\N	1	\N	alive
61225	P14	112	Arecaceae	Oenocarpus	mapora	oenoma	\N	1145	\N	0301	955	66.60000	22.20000	6.60000	2.20000	417280	517738	952923	12	3		268	4	108	1.30	2013-04-16	19464	\N	1	\N	alive
2414026	P14	112	Arecaceae	Oenocarpus	mapora	oenoma	\N	1145	\N	0301	955	66.60000	22.20000	6.60000	2.20000	417280	517738	952923	12	3	\N	278	5	108	1.30	2014-04-08	19821	\N	1	\N	alive
2422458	P14	112	Arecaceae	Oenocarpus	mapora	oenoma	\N	1145	\N	0301	955	66.60000	22.20000	6.60000	2.20000	417280	517738	952923	12	3	\N	286	6	108	1.30	2015-06-24	20263	\N	1	\N	alive
2407779	P14	112	Arecaceae	Oenocarpus	mapora	oenoma	\N	1145	\N	0301	955	68.00000	30.50000	8.00000	10.50000	417283	517741	952924	12	5	secondary	204	2	95	1.30	2010-11-16	18582	\N	1	\N	alive
72616	P14	112	Arecaceae	Oenocarpus	mapora	oenoma	\N	1145	\N	0301	955	68.00000	30.50000	8.00000	10.50000	417283	517741	952924	12	5		256	3	95	1.30	2012-05-01	19114	\N	1	\N	alive
63559	P14	112	Arecaceae	Oenocarpus	mapora	oenoma	\N	1145	\N	0301	955	68.00000	30.50000	8.00000	10.50000	417283	517741	952924	12	5		268	4	94	1.30	2013-04-16	19464	\N	1	\N	alive
2414037	P14	112	Arecaceae	Oenocarpus	mapora	oenoma	\N	1145	\N	0301	955	68.00000	30.50000	8.00000	10.50000	417283	517741	952924	12	5	\N	278	5	95	1.30	2014-04-08	19821	\N	1	\N	alive
2409751	P14	112	Arecaceae	Oenocarpus	mapora	oenoma	\N	1145	\N	0301	955	75.60000	24.00000	15.60000	4.00000	417292	517750	952925	12	5	secondary	204	2	87	1.30	2010-11-16	18582	\N	1	\N	alive
75096	P14	112	Arecaceae	Oenocarpus	mapora	oenoma	\N	1145	\N	0301	955	75.60000	24.00000	15.60000	4.00000	417292	517750	952925	12	5		256	3	89	1.30	2012-05-01	19114	\N	1	\N	alive
65875	P14	112	Arecaceae	Oenocarpus	mapora	oenoma	\N	1145	\N	0301	955	75.60000	24.00000	15.60000	4.00000	417292	517750	952925	12	5		268	4	90	1.30	2013-04-16	19464	\N	1	\N	alive
2414058	P14	112	Arecaceae	Oenocarpus	mapora	oenoma	\N	1145	\N	0301	955	75.60000	24.00000	15.60000	4.00000	417292	517750	952925	12	5	\N	278	5	92	1.30	2014-04-08	19821	\N	1	\N	alive
2408398	P14	112	Arecaceae	Oenocarpus	mapora	oenoma	\N	1145	\N	0400	1171	84.00000	14.80000	4.00000	14.80000	417344	517802	952926	12	4	secondary	204	2	93	1.30	2010-11-16	18582	\N	1	\N	alive
85407	P14	112	Arecaceae	Oenocarpus	mapora	oenoma	\N	1145	\N	0400	1171	84.00000	14.80000	4.00000	14.80000	417344	517802	952926	12	4		256	3	94	1.30	2012-05-01	19114	\N	1	\N	alive
75342	P14	112	Arecaceae	Oenocarpus	mapora	oenoma	\N	1145	\N	0400	1171	84.00000	14.80000	4.00000	14.80000	417344	517802	952926	12	4		268	4	95	1.30	2013-04-16	19464	\N	1	\N	alive
2414125	P14	112	Arecaceae	Oenocarpus	mapora	oenoma	\N	1145	\N	0400	1171	84.00000	14.80000	4.00000	14.80000	417344	517802	952926	12	4	\N	278	5	95	1.30	2014-04-09	19822	\N	1	\N	alive
2398187	P14	112	Arecaceae	Oenocarpus	mapora	oenoma	\N	1145	\N	0003	208	10.24000	69.64000	10.24000	9.64000	482297	838583	953217	12	12	secondary	204	2	77	1.30	2010-11-16	18582	\N	1	\N	alive
20957	P14	112	Arecaceae	Oenocarpus	mapora	oenoma	\N	1145	\N	0003	208	10.24000	69.64000	10.24000	9.64000	482297	838583	953217	12	12		256	3	79	1.30	2012-05-01	19114	\N	1	\N	alive
17107	P14	112	Arecaceae	Oenocarpus	mapora	oenoma	\N	1145	\N	0003	208	10.24000	69.64000	10.24000	9.64000	482297	838583	953217	12	12		268	4	79	1.30	2013-04-15	19463	\N	1	\N	alive
2413658	P14	112	Arecaceae	Oenocarpus	mapora	oenoma	\N	1145	\N	0003	208	10.24000	69.64000	10.24000	9.64000	482297	838583	953217	12	12	\N	278	5	79	1.30	2014-04-09	19822	\N	1	\N	alive
2398235	P14	112	Arecaceae	Oenocarpus	mapora	oenoma	\N	1145	\N	0004	271	4.57000	82.40000	4.57000	2.40000	482348	838586	953218	12	11	secondary	204	2	69	1.30	2010-11-16	18582	\N	1	\N	alive
28077	P14	112	Arecaceae	Oenocarpus	mapora	oenoma	\N	1145	\N	0004	271	4.57000	82.40000	4.57000	2.40000	482348	838586	953218	12	11		256	3	65	1.30	2012-05-01	19114	\N	1	\N	alive
22064	P14	112	Arecaceae	Oenocarpus	mapora	oenoma	\N	1145	\N	0004	271	4.57000	82.40000	4.57000	2.40000	482348	838586	953218	12	11		268	4	70	1.30	2013-04-15	19463	\N	1	\N	alive
2413688	P14	112	Arecaceae	Oenocarpus	mapora	oenoma	\N	1145	\N	0004	271	4.57000	82.40000	4.57000	2.40000	482348	838586	953218	12	11	\N	278	5	71	1.30	2014-04-09	19822	\N	1	\N	alive
99771	P14	112	Arecaceae	Oenocarpus	mapora	oenoma	\N	1145	\N	0100	334	23.84000	5.14000	3.84000	5.14000	482384	826386	953219	12	12		256	3	70	1.30	2012-05-01	19114	\N	1	\N	alive
27542	P14	112	Arecaceae	Oenocarpus	mapora	oenoma	\N	1145	\N	0100	334	23.84000	5.14000	3.84000	5.14000	482384	826386	953219	12	12		268	4	74	1.30	2013-04-15	19463	\N	1	\N	alive
2413721	P14	112	Arecaceae	Oenocarpus	mapora	oenoma	\N	1145	\N	0100	334	23.84000	5.14000	3.84000	5.14000	482384	826386	953219	12	12	\N	278	5	74	1.30	2014-04-08	19821	\N	1	\N	alive
2399406	P14	112	Arecaceae	Oenocarpus	mapora	oenoma	\N	1145	\N	0103	523	26.99000	69.56000	6.99000	9.56000	483285	826388	953220	12	11	secondary	204	2	71	1.30	2010-11-16	18582	\N	1	\N	alive
48390	P14	112	Arecaceae	Oenocarpus	mapora	oenoma	\N	1145	\N	0103	523	26.99000	69.56000	6.99000	9.56000	483285	826388	953220	12	11		256	3	72	1.30	2012-05-01	19114	\N	1	\N	alive
42662	P14	112	Arecaceae	Oenocarpus	mapora	oenoma	\N	1145	\N	0103	523	26.99000	69.56000	6.99000	9.56000	483285	826388	953220	12	11		268	4	72	1.30	2013-04-15	19463	\N	1	\N	alive
2413830	P14	112	Arecaceae	Oenocarpus	mapora	oenoma	\N	1145	\N	0103	523	26.99000	69.56000	6.99000	9.56000	483285	826388	953220	12	11	\N	278	5	72	1.30	2014-04-08	19821	\N	1	\N	alive
2401198	P14	112	Arecaceae	Oenocarpus	mapora	oenoma	\N	1145	\N	0000	19	9.60000	19.70000	9.60000	19.70000	416632	515711	961529	13	6	secondary	204	2	85	1.30	2010-11-15	18581	\N	1	\N	alive
2606	P14	112	Arecaceae	Oenocarpus	mapora	oenoma	\N	1145	\N	0000	19	9.60000	19.70000	9.60000	19.70000	416632	515711	961529	13	6		256	3	85	1.30	2012-05-01	19114	\N	1	\N	alive
2066	P14	112	Arecaceae	Oenocarpus	mapora	oenoma	\N	1145	\N	0000	19	9.60000	19.70000	9.60000	19.70000	416632	515711	961529	13	6		268	4	85	1.30	2013-04-15	19463	\N	1	\N	alive
2413572	P14	112	Arecaceae	Oenocarpus	mapora	oenoma	\N	1145	\N	0000	19	9.60000	19.70000	9.60000	19.70000	416632	515711	961529	13	6	\N	278	5	84	1.30	2014-04-09	19822	\N	1	\N	alive
2401201	P14	112	Arecaceae	Oenocarpus	mapora	oenoma	\N	1145	\N	0000	19	13.70000	17.70000	13.70000	17.70000	416633	515712	961530	13	3	secondary	204	2	58	1.30	2010-11-15	18581	\N	1	\N	alive
3158	P14	112	Arecaceae	Oenocarpus	mapora	oenoma	\N	1145	\N	0000	19	13.70000	17.70000	13.70000	17.70000	416633	515712	961530	13	3		256	3	59	1.30	2012-05-01	19114	\N	1	\N	alive
2409157	P14	112	Arecaceae	Oenocarpus	mapora	oenoma	\N	1145	\N	0002	145	11.50000	53.90000	11.50000	13.90000	416662	515741	961531	13	6	secondary	204	2	82	1.30	2010-11-16	18582	\N	1	\N	alive
10471	P14	112	Arecaceae	Oenocarpus	mapora	oenoma	\N	1145	\N	0002	145	11.50000	53.90000	11.50000	13.90000	416662	515741	961531	13	6		256	3	83	1.30	2012-05-01	19114	\N	1	\N	alive
7861	P14	112	Arecaceae	Oenocarpus	mapora	oenoma	\N	1145	\N	0002	145	11.50000	53.90000	11.50000	13.90000	416662	515741	961531	13	6		268	4	83	1.30	2013-04-15	19463	\N	1	\N	alive
2413615	P14	112	Arecaceae	Oenocarpus	mapora	oenoma	\N	1145	\N	0002	145	11.50000	53.90000	11.50000	13.90000	416662	515741	961531	13	6	\N	278	5	83	1.30	2014-04-09	19822	\N	1	\N	alive
2401490	P14	112	Arecaceae	Oenocarpus	mapora	oenoma	\N	1145	\N	0002	145	17.50000	48.20000	17.50000	8.20000	416665	515744	961532	13	1	main	204	2	106	1.30	2010-11-15	18581	R	1	\N	broken below
11299	P14	112	Arecaceae	Oenocarpus	mapora	oenoma	\N	1145	\N	0002	145	17.50000	48.20000	17.50000	8.20000	416665	515744	961532	13	1		256	3	106	1.30	2012-05-01	19114	\N	1	\N	alive
8689	P14	112	Arecaceae	Oenocarpus	mapora	oenoma	\N	1145	\N	0002	145	17.50000	48.20000	17.50000	8.20000	416665	515744	961532	13	1		268	4	106	1.30	2013-04-15	19463	\N	1	\N	alive
2413622	P14	112	Arecaceae	Oenocarpus	mapora	oenoma	\N	1145	\N	0002	145	17.50000	48.20000	17.50000	8.20000	416665	515744	961532	13	1	\N	278	5	\N	\N	2014-04-09	19822	R	1	\N	broken below
2401620	P14	112	Arecaceae	Oenocarpus	mapora	oenoma	\N	1145	\N	0003	208	18.70000	66.40000	18.70000	6.40000	416683	515762	961533	13		secondary	204	2	90	1.30	2010-11-16	18582	\N	1	\N	alive
18889	P14	112	Arecaceae	Oenocarpus	mapora	oenoma	\N	1145	\N	0003	208	18.70000	66.40000	18.70000	6.40000	416683	515762	961533	13			256	3	\N	0.00	2012-05-01	19114	S	1	\N	stem dead
2401750	P14	112	Arecaceae	Oenocarpus	mapora	oenoma	\N	1145	\N	0004	271	5.30000	90.60000	5.30000	10.60000	416685	515764	961534	13	5	secondary	204	2	89	1.30	2010-11-16	18582	\N	1	\N	alive
23422	P14	112	Arecaceae	Oenocarpus	mapora	oenoma	\N	1145	\N	0004	271	5.30000	90.60000	5.30000	10.60000	416685	515764	961534	13	5		256	3	89	1.30	2012-05-01	19114	\N	1	\N	alive
24015	P14	112	Arecaceae	Oenocarpus	mapora	oenoma	\N	1145	\N	0100	334	34.90000	0.20000	14.90000	0.20000	416710	515789	961535	13	\N	secondary	123	1	72	1.30	1996-11-13	13466	\N	1	\N	alive
2404545	P14	112	Arecaceae	Oenocarpus	mapora	oenoma	\N	1145	\N	0103	523	39.00000	71.50000	19.00000	11.50000	416724	515803	961536	13	5	secondary	204	2	109	1.30	2010-11-16	18582	\N	1	\N	alive
45466	P14	112	Arecaceae	Oenocarpus	mapora	oenoma	\N	1145	\N	0103	523	39.00000	71.50000	19.00000	11.50000	416724	515803	961536	13	5		256	3	110	1.30	2012-05-01	19114	\N	1	\N	alive
39555	P14	112	Arecaceae	Oenocarpus	mapora	oenoma	\N	1145	\N	0103	523	39.00000	71.50000	19.00000	11.50000	416724	515803	961536	13	5		268	4	111	1.30	2013-04-15	19463	\N	1	\N	alive
2413864	P14	112	Arecaceae	Oenocarpus	mapora	oenoma	\N	1145	\N	0103	523	39.00000	71.50000	19.00000	11.50000	416724	515803	961536	13	5	\N	278	5	111	1.30	2014-04-08	19821	\N	1	\N	alive
2422350	P14	112	Arecaceae	Oenocarpus	mapora	oenoma	\N	1145	\N	0103	523	39.00000	71.50000	19.00000	11.50000	416724	515803	961536	13	5	\N	286	6	112	1.30	2015-06-24	20263	\N	1	\N	alive
2404836	P14	112	Arecaceae	Oenocarpus	mapora	oenoma	\N	1145	\N	0200	631	40.90000	0.60000	0.90000	0.60000	416739	515819	961537	13	2	secondary	204	2	91	1.30	2010-11-15	18581	\N	1	\N	alive
51561	P14	112	Arecaceae	Oenocarpus	mapora	oenoma	\N	1145	\N	0200	631	40.90000	0.60000	0.90000	0.60000	416739	515819	961537	13	2		256	3	93	1.30	2012-05-01	19114	\N	1	\N	alive
45478	P14	112	Arecaceae	Oenocarpus	mapora	oenoma	\N	1145	\N	0200	631	40.90000	0.60000	0.90000	0.60000	416739	515819	961537	13	2		268	4	93	1.30	2013-04-15	19463	\N	1	\N	alive
2413889	P14	112	Arecaceae	Oenocarpus	mapora	oenoma	\N	1145	\N	0200	631	40.90000	0.60000	0.90000	0.60000	416739	515819	961537	13	2	\N	278	5	93	1.30	2014-04-09	19822	\N	1	\N	alive
2404853	P14	112	Arecaceae	Oenocarpus	mapora	oenoma	\N	1145	\N	0200	631	44.60000	17.10000	4.60000	17.10000	416744	515824	961538	13	6	secondary	204	2	62	1.30	2010-11-15	18581	\N	1	\N	alive
53828	P14	112	Arecaceae	Oenocarpus	mapora	oenoma	\N	1145	\N	0200	631	44.60000	17.10000	4.60000	17.10000	416744	515824	961538	13	6		256	3	65	1.30	2012-05-01	19114	\N	1	\N	alive
47513	P14	112	Arecaceae	Oenocarpus	mapora	oenoma	\N	1145	\N	0200	631	44.60000	17.10000	4.60000	17.10000	416744	515824	961538	13	6		268	4	68	1.30	2013-04-15	19463	\N	1	\N	alive
2413903	P14	112	Arecaceae	Oenocarpus	mapora	oenoma	\N	1145	\N	0200	631	44.60000	17.10000	4.60000	17.10000	416744	515824	961538	13	6	\N	278	5	74	1.30	2014-04-09	19822	\N	1	\N	alive
2402809	P14	112	Sapindaceae	Cupania	seemannii	cupasy	\N	1120	\N	0101	397	29.70000	28.40000	9.70000	8.40000	416822	516422	961539	13	4	secondary	204	2	39	1.30	2010-11-11	18577	\N	1	\N	alive
2402832	P14	112	Arecaceae	Oenocarpus	mapora	oenoma	\N	1145	\N	0101	397	34.40000	20.50000	14.40000	0.50000	416838	516439	961540	13		secondary	204	2	69	1.30	2010-11-11	18577	\N	1	\N	alive
61380	P14	112	Arecaceae	Oenocarpus	mapora	oenoma	\N	1145	\N	0102	460	21.40000	58.20000	1.40000	18.20000	416911	516554	961541	13	\N	secondary	123	1	81	1.30	1996-11-12	13465	\N	1	\N	alive
2404002	P14	112	Arecaceae	Oenocarpus	mapora	oenoma	\N	1145	\N	0102	460	26.40000	45.10000	6.40000	5.10000	416929	516572	961542	13	5	secondary	204	2	88	1.30	2010-11-10	18576	\N	1	\N	alive
38760	P14	112	Arecaceae	Oenocarpus	mapora	oenoma	\N	1145	\N	0102	460	26.40000	45.10000	6.40000	5.10000	416929	516572	961542	13	5		256	3	90	1.30	2012-05-01	19114	\N	1	\N	alive
33220	P14	112	Arecaceae	Oenocarpus	mapora	oenoma	\N	1145	\N	0102	460	26.40000	45.10000	6.40000	5.10000	416929	516572	961542	13	5		268	4	93	1.30	2013-04-15	19463	\N	1	\N	alive
2413795	P14	112	Arecaceae	Oenocarpus	mapora	oenoma	\N	1145	\N	0102	460	26.40000	45.10000	6.40000	5.10000	416929	516572	961542	13	5	\N	278	5	93	1.30	2014-04-08	19821	\N	1	\N	alive
77463	P14	112	Arecaceae	Oenocarpus	mapora	oenoma	\N	1145	\N	0102	460	35.10000	40.20000	15.10000	0.20000	416991	516638	961543	13	\N	secondary	123	1	80	1.30	1996-11-12	13465	\N	1	\N	alive
2407277	P14	112	Arecaceae	Oenocarpus	mapora	oenoma	\N	1145	\N	0203	793	47.30000	69.00000	7.30000	9.00000	417231	517689	961544	13	4	secondary	204	2	65	1.30	2010-11-15	18581	\N	1	\N	alive
62320	P14	112	Arecaceae	Oenocarpus	mapora	oenoma	\N	1145	\N	0203	793	47.30000	69.00000	7.30000	9.00000	417231	517689	961544	13	4		256	3	65	1.30	2012-05-01	19114	\N	1	\N	alive
2407767	P14	112	Arecaceae	Oenocarpus	mapora	oenoma	\N	1145	\N	0301	955	66.60000	22.20000	6.60000	2.20000	417280	517738	961545	13	4	secondary	204	2	106	1.30	2010-11-16	18582	\N	1	\N	alive
71184	P14	112	Arecaceae	Oenocarpus	mapora	oenoma	\N	1145	\N	0301	955	66.60000	22.20000	6.60000	2.20000	417280	517738	961545	13	4		256	3	106	1.30	2012-05-01	19114	\N	1	\N	alive
61471	P14	112	Arecaceae	Oenocarpus	mapora	oenoma	\N	1145	\N	0301	955	66.60000	22.20000	6.60000	2.20000	417280	517738	961545	13	4		268	4	106	1.30	2013-04-16	19464	\N	1	\N	alive
2414027	P14	112	Arecaceae	Oenocarpus	mapora	oenoma	\N	1145	\N	0301	955	66.60000	22.20000	6.60000	2.20000	417280	517738	961545	13	4	\N	278	5	106	1.30	2014-04-08	19821	\N	1	\N	alive
2422459	P14	112	Arecaceae	Oenocarpus	mapora	oenoma	\N	1145	\N	0301	955	66.60000	22.20000	6.60000	2.20000	417280	517738	961545	13	4	\N	286	6	106	1.30	2015-06-24	20263	\N	1	\N	alive
2407780	P14	112	Arecaceae	Oenocarpus	mapora	oenoma	\N	1145	\N	0301	955	68.00000	30.50000	8.00000	10.50000	417283	517741	961546	13	6	secondary	204	2	95	1.30	2010-11-16	18582	\N	1	\N	alive
72735	P14	112	Arecaceae	Oenocarpus	mapora	oenoma	\N	1145	\N	0301	955	68.00000	30.50000	8.00000	10.50000	417283	517741	961546	13	6		256	3	95	1.30	2012-05-01	19114	\N	1	\N	alive
63681	P14	112	Arecaceae	Oenocarpus	mapora	oenoma	\N	1145	\N	0301	955	68.00000	30.50000	8.00000	10.50000	417283	517741	961546	13	6		268	4	95	1.30	2013-04-16	19464	\N	1	\N	alive
2414038	P14	112	Arecaceae	Oenocarpus	mapora	oenoma	\N	1145	\N	0301	955	68.00000	30.50000	8.00000	10.50000	417283	517741	961546	13	6	\N	278	5	95	1.30	2014-04-08	19821	\N	1	\N	alive
2409752	P14	112	Arecaceae	Oenocarpus	mapora	oenoma	\N	1145	\N	0301	955	75.60000	24.00000	15.60000	4.00000	417292	517750	961547	13	6	secondary	204	2	80	1.30	2010-11-16	18582	\N	1	\N	alive
75213	P14	112	Arecaceae	Oenocarpus	mapora	oenoma	\N	1145	\N	0301	955	75.60000	24.00000	15.60000	4.00000	417292	517750	961547	13	6		256	3	81	1.30	2012-05-01	19114	\N	1	\N	alive
65996	P14	112	Arecaceae	Oenocarpus	mapora	oenoma	\N	1145	\N	0301	955	75.60000	24.00000	15.60000	4.00000	417292	517750	961547	13	6		268	4	80	1.30	2013-04-16	19464	\N	1	\N	alive
2414059	P14	112	Arecaceae	Oenocarpus	mapora	oenoma	\N	1145	\N	0301	955	75.60000	24.00000	15.60000	4.00000	417292	517750	961547	13	6	\N	278	5	82	1.30	2014-04-08	19821	\N	1	\N	alive
2408399	P14	112	Arecaceae	Oenocarpus	mapora	oenoma	\N	1145	\N	0400	1171	84.00000	14.80000	4.00000	14.80000	417344	517802	961548	13	5	secondary	204	2	91	1.30	2010-11-16	18582	\N	1	\N	alive
85517	P14	112	Arecaceae	Oenocarpus	mapora	oenoma	\N	1145	\N	0400	1171	84.00000	14.80000	4.00000	14.80000	417344	517802	961548	13	5		256	3	91	1.30	2012-05-01	19114	\N	1	\N	alive
75459	P14	112	Arecaceae	Oenocarpus	mapora	oenoma	\N	1145	\N	0400	1171	84.00000	14.80000	4.00000	14.80000	417344	517802	961548	13	5		268	4	93	1.30	2013-04-16	19464	\N	1	\N	alive
2414126	P14	112	Arecaceae	Oenocarpus	mapora	oenoma	\N	1145	\N	0400	1171	84.00000	14.80000	4.00000	14.80000	417344	517802	961548	13	5	\N	278	5	93	1.30	2014-04-09	19822	\N	1	\N	alive
2398178	P14	112	Arecaceae	Oenocarpus	mapora	oenoma	\N	1145	\N	0003	208	10.24000	69.64000	10.24000	9.64000	482297	838583	961807	13	13	secondary	204	2	75	1.30	2010-11-16	18582	\N	1	\N	alive
21094	P14	112	Arecaceae	Oenocarpus	mapora	oenoma	\N	1145	\N	0003	208	10.24000	69.64000	10.24000	9.64000	482297	838583	961807	13	13		256	3	76	1.30	2012-05-01	19114	\N	1	\N	alive
17245	P14	112	Arecaceae	Oenocarpus	mapora	oenoma	\N	1145	\N	0003	208	10.24000	69.64000	10.24000	9.64000	482297	838583	961807	13	13		268	4	77	1.30	2013-04-15	19463	\N	1	\N	alive
2413659	P14	112	Arecaceae	Oenocarpus	mapora	oenoma	\N	1145	\N	0003	208	10.24000	69.64000	10.24000	9.64000	482297	838583	961807	13	13	\N	278	5	79	1.30	2014-04-09	19822	\N	1	\N	alive
2398234	P14	112	Arecaceae	Oenocarpus	mapora	oenoma	\N	1145	\N	0004	271	4.57000	82.40000	4.57000	2.40000	482348	838586	961808	13	12	secondary	204	2	65	1.30	2010-11-16	18582	\N	1	\N	alive
28213	P14	112	Arecaceae	Oenocarpus	mapora	oenoma	\N	1145	\N	0004	271	4.57000	82.40000	4.57000	2.40000	482348	838586	961808	13	12		256	3	62	1.30	2012-05-01	19114	\N	1	\N	alive
22201	P14	112	Arecaceae	Oenocarpus	mapora	oenoma	\N	1145	\N	0004	271	4.57000	82.40000	4.57000	2.40000	482348	838586	961808	13	12		268	4	67	1.30	2013-04-15	19463	\N	1	\N	alive
2413689	P14	112	Arecaceae	Oenocarpus	mapora	oenoma	\N	1145	\N	0004	271	4.57000	82.40000	4.57000	2.40000	482348	838586	961808	13	12	\N	278	5	66	1.30	2014-04-09	19822	\N	1	\N	alive
99866	P14	112	Arecaceae	Oenocarpus	mapora	oenoma	\N	1145	\N	0100	334	23.84000	5.14000	3.84000	5.14000	482384	826386	961809	13	13		256	3	70	1.30	2012-05-01	19114	\N	1	\N	alive
27679	P14	112	Arecaceae	Oenocarpus	mapora	oenoma	\N	1145	\N	0100	334	23.84000	5.14000	3.84000	5.14000	482384	826386	961809	13	13		268	4	70	1.30	2013-04-15	19463	\N	1	\N	alive
2413722	P14	112	Arecaceae	Oenocarpus	mapora	oenoma	\N	1145	\N	0100	334	23.84000	5.14000	3.84000	5.14000	482384	826386	961809	13	13	\N	278	5	72	1.30	2014-04-08	19821	\N	1	\N	alive
2399407	P14	112	Arecaceae	Oenocarpus	mapora	oenoma	\N	1145	\N	0103	523	26.99000	69.56000	6.99000	9.56000	483285	826388	961810	13	12	secondary	204	2	60	1.30	2010-11-16	18582	\N	1	\N	alive
48517	P14	112	Arecaceae	Oenocarpus	mapora	oenoma	\N	1145	\N	0103	523	26.99000	69.56000	6.99000	9.56000	483285	826388	961810	13	12		256	3	62	1.30	2012-05-01	19114	\N	1	\N	alive
42790	P14	112	Arecaceae	Oenocarpus	mapora	oenoma	\N	1145	\N	0103	523	26.99000	69.56000	6.99000	9.56000	483285	826388	961810	13	12		268	4	64	1.30	2013-04-15	19463	\N	1	\N	alive
2413831	P14	112	Arecaceae	Oenocarpus	mapora	oenoma	\N	1145	\N	0103	523	26.99000	69.56000	6.99000	9.56000	483285	826388	961810	13	12	\N	278	5	65	1.30	2014-04-08	19821	\N	1	\N	alive
2409121	P14	112	Arecaceae	Oenocarpus	mapora	oenoma	\N	1145	\N	0000	19	9.60000	19.70000	9.60000	19.70000	416632	515711	968492	14	7	secondary	204	2	70	1.30	2010-11-15	18581	\N	1	\N	alive
2744	P14	112	Arecaceae	Oenocarpus	mapora	oenoma	\N	1145	\N	0000	19	9.60000	19.70000	9.60000	19.70000	416632	515711	968492	14	7		256	3	79	1.30	2012-05-01	19114	\N	1	\N	alive
2204	P14	112	Arecaceae	Oenocarpus	mapora	oenoma	\N	1145	\N	0000	19	9.60000	19.70000	9.60000	19.70000	416632	515711	968492	14	7		268	4	79	1.30	2013-04-15	19463	\N	1	\N	alive
2413573	P14	112	Arecaceae	Oenocarpus	mapora	oenoma	\N	1145	\N	0000	19	9.60000	19.70000	9.60000	19.70000	416632	515711	968492	14	7	\N	278	5	78	1.30	2014-04-09	19822	\N	1	\N	alive
2409158	P14	112	Arecaceae	Oenocarpus	mapora	oenoma	\N	1145	\N	0002	145	11.50000	53.90000	11.50000	13.90000	416662	515741	968493	14		secondary	204	2	78	1.30	2010-11-16	18582	\N	1	\N	alive
2401491	P14	112	Arecaceae	Oenocarpus	mapora	oenoma	\N	1145	\N	0002	145	17.50000	48.20000	17.50000	8.20000	416665	515744	968494	14	2	secondary	204	2	104	1.30	2010-11-15	18581	\N	1	\N	alive
11437	P14	112	Arecaceae	Oenocarpus	mapora	oenoma	\N	1145	\N	0002	145	17.50000	48.20000	17.50000	8.20000	416665	515744	968494	14	2		256	3	\N	0.00	2012-05-01	19114	S	1	\N	stem dead
9931	P14	112	Arecaceae	Oenocarpus	mapora	oenoma	\N	1145	\N	0002	145	17.50000	48.20000	17.50000	8.20000	416665	515744	968494	14	2		268	4	\N	0.00	2013-04-15	19463	N	1	\N	stem dead
2413627	P14	112	Arecaceae	Oenocarpus	mapora	oenoma	\N	1145	\N	0002	145	17.50000	48.20000	17.50000	8.20000	416665	515744	968494	14	2	\N	278	5	\N	\N	2014-04-09	19822	R	1	\N	broken below
2401621	P14	112	Arecaceae	Oenocarpus	mapora	oenoma	\N	1145	\N	0003	208	18.70000	66.40000	18.70000	6.40000	416683	515762	968495	14	5	secondary	204	2	85	1.30	2010-11-16	18582	\N	1	\N	alive
19027	P14	112	Arecaceae	Oenocarpus	mapora	oenoma	\N	1145	\N	0003	208	18.70000	66.40000	18.70000	6.40000	416683	515762	968495	14	5		256	3	88	1.30	2012-05-01	19114	\N	1	\N	alive
15175	P14	112	Arecaceae	Oenocarpus	mapora	oenoma	\N	1145	\N	0003	208	18.70000	66.40000	18.70000	6.40000	416683	515762	968495	14	5		268	4	88	1.30	2013-04-15	19463	\N	1	\N	alive
2413679	P14	112	Arecaceae	Oenocarpus	mapora	oenoma	\N	1145	\N	0003	208	18.70000	66.40000	18.70000	6.40000	416683	515762	968495	14	5	\N	278	5	88	1.30	2014-04-09	19822	\N	1	\N	alive
2401751	P14	112	Arecaceae	Oenocarpus	mapora	oenoma	\N	1145	\N	0004	271	5.30000	90.60000	5.30000	10.60000	416685	515764	968496	14	6	secondary	204	2	88	1.30	2010-11-16	18582	\N	1	\N	alive
23559	P14	112	Arecaceae	Oenocarpus	mapora	oenoma	\N	1145	\N	0004	271	5.30000	90.60000	5.30000	10.60000	416685	515764	968496	14	6		256	3	87	1.30	2012-05-01	19114	\N	1	\N	alive
24152	P14	112	Arecaceae	Oenocarpus	mapora	oenoma	\N	1145	\N	0100	334	34.90000	0.20000	14.90000	0.20000	416710	515789	968497	14	\N	secondary	123	1	70	1.30	1996-11-13	13466	\N	1	\N	alive
2404546	P14	112	Arecaceae	Oenocarpus	mapora	oenoma	\N	1145	\N	0103	523	39.00000	71.50000	19.00000	11.50000	416724	515803	968498	14	6	secondary	204	2	103	1.30	2010-11-16	18582	\N	1	\N	alive
45594	P14	112	Arecaceae	Oenocarpus	mapora	oenoma	\N	1145	\N	0103	523	39.00000	71.50000	19.00000	11.50000	416724	515803	968498	14	6		256	3	103	1.30	2012-05-01	19114	\N	1	\N	alive
39685	P14	112	Arecaceae	Oenocarpus	mapora	oenoma	\N	1145	\N	0103	523	39.00000	71.50000	19.00000	11.50000	416724	515803	968498	14	6		268	4	108	1.30	2013-04-15	19463	\N	1	\N	alive
2413865	P14	112	Arecaceae	Oenocarpus	mapora	oenoma	\N	1145	\N	0103	523	39.00000	71.50000	19.00000	11.50000	416724	515803	968498	14	6	\N	278	5	109	1.30	2014-04-08	19821	\N	1	\N	alive
2422351	P14	112	Arecaceae	Oenocarpus	mapora	oenoma	\N	1145	\N	0103	523	39.00000	71.50000	19.00000	11.50000	416724	515803	968498	14	6	\N	286	6	109	1.30	2015-06-24	20263	\N	1	\N	alive
2404837	P14	112	Arecaceae	Oenocarpus	mapora	oenoma	\N	1145	\N	0200	631	40.90000	0.60000	0.90000	0.60000	416739	515819	968499	14	3	secondary	204	2	91	1.30	2010-11-15	18581	\N	1	\N	alive
51687	P14	112	Arecaceae	Oenocarpus	mapora	oenoma	\N	1145	\N	0200	631	40.90000	0.60000	0.90000	0.60000	416739	515819	968499	14	3		256	3	93	1.30	2012-05-01	19114	\N	1	\N	alive
45606	P14	112	Arecaceae	Oenocarpus	mapora	oenoma	\N	1145	\N	0200	631	40.90000	0.60000	0.90000	0.60000	416739	515819	968499	14	3		268	4	84	1.30	2013-04-15	19463	\N	1	\N	alive
2413890	P14	112	Arecaceae	Oenocarpus	mapora	oenoma	\N	1145	\N	0200	631	40.90000	0.60000	0.90000	0.60000	416739	515819	968499	14	3	\N	278	5	84	1.30	2014-04-09	19822	\N	1	\N	alive
100626	P14	112	Arecaceae	Oenocarpus	mapora	oenoma	\N	1145	\N	0200	631	44.60000	17.10000	4.60000	17.10000	416744	515824	968500	14	7		256	3	60	1.30	2012-05-01	19114	\N	1	\N	alive
47640	P14	112	Arecaceae	Oenocarpus	mapora	oenoma	\N	1145	\N	0200	631	44.60000	17.10000	4.60000	17.10000	416744	515824	968500	14	7		268	4	69	1.30	2013-04-15	19463	\N	1	\N	alive
2413904	P14	112	Arecaceae	Oenocarpus	mapora	oenoma	\N	1145	\N	0200	631	44.60000	17.10000	4.60000	17.10000	416744	515824	968500	14	7	\N	278	5	73	1.30	2014-04-09	19822	\N	1	\N	alive
2402810	P14	112	Sapindaceae	Cupania	seemannii	cupasy	\N	1120	\N	0101	397	29.70000	28.40000	9.70000	8.40000	416822	516422	968501	14	5	secondary	204	2	36	1.30	2010-11-11	18577	\N	1	\N	alive
2409299	P14	112	Arecaceae	Oenocarpus	mapora	oenoma	\N	1145	\N	0101	397	34.40000	20.50000	14.40000	0.50000	416838	516439	968502	14		NULL	204	2	60	1.30	2010-11-11	18577	\N	1	\N	alive
61503	P14	112	Arecaceae	Oenocarpus	mapora	oenoma	\N	1145	\N	0102	460	21.40000	58.20000	1.40000	18.20000	416911	516554	968503	14	\N	secondary	123	1	76	1.30	1996-11-12	13465	\N	1	\N	alive
2404003	P14	112	Arecaceae	Oenocarpus	mapora	oenoma	\N	1145	\N	0102	460	26.40000	45.10000	6.40000	5.10000	416929	516572	968504	14	6	secondary	204	2	85	1.30	2010-11-10	18576	\N	1	\N	alive
38891	P14	112	Arecaceae	Oenocarpus	mapora	oenoma	\N	1145	\N	0102	460	26.40000	45.10000	6.40000	5.10000	416929	516572	968504	14	6		256	3	85	1.30	2012-05-01	19114	\N	1	\N	alive
33354	P14	112	Arecaceae	Oenocarpus	mapora	oenoma	\N	1145	\N	0102	460	26.40000	45.10000	6.40000	5.10000	416929	516572	968504	14	6		268	4	\N	0.00	2013-04-15	19463	lost	1	\N	stem dead
2413796	P14	112	Arecaceae	Oenocarpus	mapora	oenoma	\N	1145	\N	0102	460	26.40000	45.10000	6.40000	5.10000	416929	516572	968504	14	6	\N	278	5	\N	1.30	2014-04-08	19821	R	1	\N	broken below
77578	P14	112	Arecaceae	Oenocarpus	mapora	oenoma	\N	1145	\N	0102	460	35.10000	40.20000	15.10000	0.20000	416991	516638	968505	14	\N	secondary	123	1	76	1.30	1996-11-12	13465	\N	1	\N	alive
2407278	P14	112	Arecaceae	Oenocarpus	mapora	oenoma	\N	1145	\N	0203	793	47.30000	69.00000	7.30000	9.00000	417231	517689	968506	14		secondary	204	2	72	1.30	2010-11-15	18581	\N	1	\N	alive
62197	P14	112	Arecaceae	Oenocarpus	mapora	oenoma	\N	1145	\N	0203	793	47.30000	69.00000	7.30000	9.00000	417231	517689	968506	14			256	3	\N	0.00	2012-05-01	19114	M;C	1	\N	stem dead
2407768	P14	112	Arecaceae	Oenocarpus	mapora	oenoma	\N	1145	\N	0301	955	66.60000	22.20000	6.60000	2.20000	417280	517738	968507	14	5	secondary	204	2	106	1.30	2010-11-16	18582	\N	1	\N	alive
71304	P14	112	Arecaceae	Oenocarpus	mapora	oenoma	\N	1145	\N	0301	955	66.60000	22.20000	6.60000	2.20000	417280	517738	968507	14	5		256	3	106	1.30	2012-05-01	19114	\N	1	\N	alive
61594	P14	112	Arecaceae	Oenocarpus	mapora	oenoma	\N	1145	\N	0301	955	66.60000	22.20000	6.60000	2.20000	417280	517738	968507	14	5		268	4	105	1.30	2013-04-16	19464	\N	1	\N	alive
2414028	P14	112	Arecaceae	Oenocarpus	mapora	oenoma	\N	1145	\N	0301	955	66.60000	22.20000	6.60000	2.20000	417280	517738	968507	14	5	\N	278	5	106	1.30	2014-04-08	19821	\N	1	\N	alive
2422460	P14	112	Arecaceae	Oenocarpus	mapora	oenoma	\N	1145	\N	0301	955	66.60000	22.20000	6.60000	2.20000	417280	517738	968507	14	5	\N	286	6	106	1.30	2015-06-24	20263	\N	1	\N	alive
2407781	P14	112	Arecaceae	Oenocarpus	mapora	oenoma	\N	1145	\N	0301	955	68.00000	30.50000	8.00000	10.50000	417283	517741	968508	14	7	secondary	204	2	75	1.30	2010-11-16	18582	\N	1	\N	alive
72854	P14	112	Arecaceae	Oenocarpus	mapora	oenoma	\N	1145	\N	0301	955	68.00000	30.50000	8.00000	10.50000	417283	517741	968508	14	7		256	3	77	1.30	2012-05-01	19114	\N	1	\N	alive
63803	P14	112	Arecaceae	Oenocarpus	mapora	oenoma	\N	1145	\N	0301	955	68.00000	30.50000	8.00000	10.50000	417283	517741	968508	14	7		268	4	77	1.30	2013-04-16	19464	\N	1	\N	alive
2414039	P14	112	Arecaceae	Oenocarpus	mapora	oenoma	\N	1145	\N	0301	955	68.00000	30.50000	8.00000	10.50000	417283	517741	968508	14	7	\N	278	5	77	1.30	2014-04-08	19821	\N	1	\N	alive
2408400	P14	112	Arecaceae	Oenocarpus	mapora	oenoma	\N	1145	\N	0400	1171	84.00000	14.80000	4.00000	14.80000	417344	517802	968509	14	6	secondary	204	2	91	1.30	2010-11-16	18582	\N	1	\N	alive
85627	P14	112	Arecaceae	Oenocarpus	mapora	oenoma	\N	1145	\N	0400	1171	84.00000	14.80000	4.00000	14.80000	417344	517802	968509	14	6		256	3	91	1.30	2012-05-01	19114	\N	1	\N	alive
75576	P14	112	Arecaceae	Oenocarpus	mapora	oenoma	\N	1145	\N	0400	1171	84.00000	14.80000	4.00000	14.80000	417344	517802	968509	14	6		268	4	93	1.30	2013-04-16	19464	\N	1	\N	alive
2414127	P14	112	Arecaceae	Oenocarpus	mapora	oenoma	\N	1145	\N	0400	1171	84.00000	14.80000	4.00000	14.80000	417344	517802	968509	14	6	\N	278	5	93	1.30	2014-04-09	19822	\N	1	\N	alive
2398179	P14	112	Arecaceae	Oenocarpus	mapora	oenoma	\N	1145	\N	0003	208	10.24000	69.64000	10.24000	9.64000	482297	838583	968733	14		secondary	204	2	75	1.30	2010-11-16	18582	\N	1	\N	alive
21231	P14	112	Arecaceae	Oenocarpus	mapora	oenoma	\N	1145	\N	0003	208	10.24000	69.64000	10.24000	9.64000	482297	838583	968733	14			256	3	\N	0.00	2012-05-01	19114	C	1	\N	stem dead
89042	P14	112	Arecaceae	Oenocarpus	mapora	oenoma	\N	1145	\N	0004	271	4.57000	82.40000	4.57000	2.40000	482348	838586	968734	14	13		268	4	83	1.30	2013-04-15	19463	\N	1	\N	alive
2413690	P14	112	Arecaceae	Oenocarpus	mapora	oenoma	\N	1145	\N	0004	271	4.57000	82.40000	4.57000	2.40000	482348	838586	968734	14	13	\N	278	5	83	1.30	2014-04-09	19822	\N	1	\N	alive
99961	P14	112	Arecaceae	Oenocarpus	mapora	oenoma	\N	1145	\N	0100	334	23.84000	5.14000	3.84000	5.14000	482384	826386	968735	14	14		256	3	60	1.30	2012-05-01	19114	\N	1	\N	alive
27816	P14	112	Arecaceae	Oenocarpus	mapora	oenoma	\N	1145	\N	0100	334	23.84000	5.14000	3.84000	5.14000	482384	826386	968735	14	14		268	4	68	1.30	2013-04-15	19463	\N	1	\N	alive
2413723	P14	112	Arecaceae	Oenocarpus	mapora	oenoma	\N	1145	\N	0100	334	23.84000	5.14000	3.84000	5.14000	482384	826386	968735	14	14	\N	278	5	70	1.30	2014-04-08	19821	\N	1	\N	alive
2399408	P14	112	Arecaceae	Oenocarpus	mapora	oenoma	\N	1145	\N	0103	523	26.99000	69.56000	6.99000	9.56000	483285	826388	968736	14	13	secondary	204	2	49	1.30	2010-11-16	18582	\N	1	\N	alive
48644	P14	112	Arecaceae	Oenocarpus	mapora	oenoma	\N	1145	\N	0103	523	26.99000	69.56000	6.99000	9.56000	483285	826388	968736	14	13		256	3	51	1.30	2012-05-01	19114	\N	1	\N	alive
42918	P14	112	Arecaceae	Oenocarpus	mapora	oenoma	\N	1145	\N	0103	523	26.99000	69.56000	6.99000	9.56000	483285	826388	968736	14	13		268	4	51	1.30	2013-04-15	19463	\N	1	\N	alive
2413832	P14	112	Arecaceae	Oenocarpus	mapora	oenoma	\N	1145	\N	0103	523	26.99000	69.56000	6.99000	9.56000	483285	826388	968736	14	13	\N	278	5	52	1.30	2014-04-08	19821	\N	1	\N	alive
88305	P14	112	Arecaceae	Oenocarpus	mapora	oenoma	\N	1145	\N	0000	19	9.60000	19.70000	9.60000	19.70000	416632	515711	973612	15	8		268	4	69	1.30	2013-04-15	19463	\N	1	\N	alive
2413574	P14	112	Arecaceae	Oenocarpus	mapora	oenoma	\N	1145	\N	0000	19	9.60000	19.70000	9.60000	19.70000	416632	515711	973612	15	8	\N	278	5	68	1.30	2014-04-09	19822	\N	1	\N	alive
2409159	P14	112	Arecaceae	Oenocarpus	mapora	oenoma	\N	1145	\N	0002	145	11.50000	53.90000	11.50000	13.90000	416662	515741	973613	15	7	secondary	204	2	70	1.30	2010-11-16	18582	\N	1	\N	alive
10609	P14	112	Arecaceae	Oenocarpus	mapora	oenoma	\N	1145	\N	0002	145	11.50000	53.90000	11.50000	13.90000	416662	515741	973613	15	7		256	3	72	1.30	2012-05-01	19114	\N	1	\N	alive
7999	P14	112	Arecaceae	Oenocarpus	mapora	oenoma	\N	1145	\N	0002	145	11.50000	53.90000	11.50000	13.90000	416662	515741	973613	15	7		268	4	73	1.30	2013-04-15	19463	\N	1	\N	alive
2413616	P14	112	Arecaceae	Oenocarpus	mapora	oenoma	\N	1145	\N	0002	145	11.50000	53.90000	11.50000	13.90000	416662	515741	973613	15	7	\N	278	5	73	1.30	2014-04-09	19822	\N	1	\N	alive
2401492	P14	112	Arecaceae	Oenocarpus	mapora	oenoma	\N	1145	\N	0002	145	17.50000	48.20000	17.50000	8.20000	416665	515744	973614	15	3	secondary	204	2	104	1.30	2010-11-15	18581	\N	1	\N	alive
11575	P14	112	Arecaceae	Oenocarpus	mapora	oenoma	\N	1145	\N	0002	145	17.50000	48.20000	17.50000	8.20000	416665	515744	973614	15	3		256	3	\N	0.00	2012-05-01	19114	S	1	\N	stem dead
10069	P14	112	Arecaceae	Oenocarpus	mapora	oenoma	\N	1145	\N	0002	145	17.50000	48.20000	17.50000	8.20000	416665	515744	973614	15	3		268	4	\N	0.00	2013-04-15	19463	lost	1	\N	stem dead
2413628	P14	112	Arecaceae	Oenocarpus	mapora	oenoma	\N	1145	\N	0002	145	17.50000	48.20000	17.50000	8.20000	416665	515744	973614	15	3	\N	278	5	\N	\N	2014-04-09	19822	R	1	\N	broken below
2401622	P14	112	Arecaceae	Oenocarpus	mapora	oenoma	\N	1145	\N	0003	208	18.70000	66.40000	18.70000	6.40000	416683	515762	973615	15	6	secondary	204	2	80	1.30	2010-11-16	18582	\N	1	\N	alive
19165	P14	112	Arecaceae	Oenocarpus	mapora	oenoma	\N	1145	\N	0003	208	18.70000	66.40000	18.70000	6.40000	416683	515762	973615	15	6		256	3	83	1.30	2012-05-01	19114	\N	1	\N	alive
15313	P14	112	Arecaceae	Oenocarpus	mapora	oenoma	\N	1145	\N	0003	208	18.70000	66.40000	18.70000	6.40000	416683	515762	973615	15	6		268	4	85	1.30	2013-04-15	19463	\N	1	\N	alive
2413680	P14	112	Arecaceae	Oenocarpus	mapora	oenoma	\N	1145	\N	0003	208	18.70000	66.40000	18.70000	6.40000	416683	515762	973615	15	6	\N	278	5	86	1.30	2014-04-09	19822	\N	1	\N	alive
2401752	P14	112	Arecaceae	Oenocarpus	mapora	oenoma	\N	1145	\N	0004	271	5.30000	90.60000	5.30000	10.60000	416685	515764	973616	15	7	secondary	204	2	84	1.30	2010-11-16	18582	\N	1	\N	alive
23696	P14	112	Arecaceae	Oenocarpus	mapora	oenoma	\N	1145	\N	0004	271	5.30000	90.60000	5.30000	10.60000	416685	515764	973616	15	7		256	3	87	1.30	2012-05-01	19114	\N	1	\N	alive
24289	P14	112	Arecaceae	Oenocarpus	mapora	oenoma	\N	1145	\N	0100	334	34.90000	0.20000	14.90000	0.20000	416710	515789	973617	15	\N	secondary	123	1	67	1.30	1996-11-13	13466	\N	1	\N	alive
2404547	P14	112	Arecaceae	Oenocarpus	mapora	oenoma	\N	1145	\N	0103	523	39.00000	71.50000	19.00000	11.50000	416724	515803	973618	15	7	secondary	204	2	98	1.30	2010-11-16	18582	\N	1	\N	alive
45722	P14	112	Arecaceae	Oenocarpus	mapora	oenoma	\N	1145	\N	0103	523	39.00000	71.50000	19.00000	11.50000	416724	515803	973618	15	7		256	3	99	1.30	2012-05-01	19114	\N	1	\N	alive
39815	P14	112	Arecaceae	Oenocarpus	mapora	oenoma	\N	1145	\N	0103	523	39.00000	71.50000	19.00000	11.50000	416724	515803	973618	15	7		268	4	89	1.30	2013-04-15	19463	\N	1	\N	alive
2413866	P14	112	Arecaceae	Oenocarpus	mapora	oenoma	\N	1145	\N	0103	523	39.00000	71.50000	19.00000	11.50000	416724	515803	973618	15	7	\N	278	5	90	1.30	2014-04-08	19821	\N	1	\N	alive
2404838	P14	112	Arecaceae	Oenocarpus	mapora	oenoma	\N	1145	\N	0200	631	40.90000	0.60000	0.90000	0.60000	416739	515819	973619	15	4	secondary	204	2	91	1.30	2010-11-15	18581	\N	1	\N	alive
51813	P14	112	Arecaceae	Oenocarpus	mapora	oenoma	\N	1145	\N	0200	631	40.90000	0.60000	0.90000	0.60000	416739	515819	973619	15	4		256	3	91	1.30	2012-05-01	19114	\N	1	\N	alive
45734	P14	112	Arecaceae	Oenocarpus	mapora	oenoma	\N	1145	\N	0200	631	40.90000	0.60000	0.90000	0.60000	416739	515819	973619	15	4		268	4	93	1.30	2013-04-15	19463	\N	1	\N	alive
2413891	P14	112	Arecaceae	Oenocarpus	mapora	oenoma	\N	1145	\N	0200	631	40.90000	0.60000	0.90000	0.60000	416739	515819	973619	15	4	\N	278	5	93	1.30	2014-04-09	19822	\N	1	\N	alive
100721	P14	112	Arecaceae	Oenocarpus	mapora	oenoma	\N	1145	\N	0200	631	44.60000	17.10000	4.60000	17.10000	416744	515824	973620	15	8		256	3	52	1.30	2012-05-01	19114	\N	1	\N	alive
47767	P14	112	Arecaceae	Oenocarpus	mapora	oenoma	\N	1145	\N	0200	631	44.60000	17.10000	4.60000	17.10000	416744	515824	973620	15	8		268	4	58	1.30	2013-04-15	19463	\N	1	\N	alive
2413905	P14	112	Arecaceae	Oenocarpus	mapora	oenoma	\N	1145	\N	0200	631	44.60000	17.10000	4.60000	17.10000	416744	515824	973620	15	8	\N	278	5	61	1.30	2014-04-09	19822	\N	1	\N	alive
2402811	P14	112	Sapindaceae	Cupania	seemannii	cupasy	\N	1120	\N	0101	397	29.70000	28.40000	9.70000	8.40000	416822	516422	973621	15	6	secondary	204	2	31	1.30	2010-11-11	18577	\N	1	\N	alive
2409300	P14	112	Arecaceae	Oenocarpus	mapora	oenoma	\N	1145	\N	0101	397	34.40000	20.50000	14.40000	0.50000	416838	516439	973622	15		NULL	204	2	60	1.30	2010-11-11	18577	\N	1	\N	alive
61626	P14	112	Arecaceae	Oenocarpus	mapora	oenoma	\N	1145	\N	0102	460	21.40000	58.20000	1.40000	18.20000	416911	516554	973623	15	\N	secondary	123	1	76	1.30	1996-11-12	13465	\N	1	\N	alive
2404004	P14	112	Arecaceae	Oenocarpus	mapora	oenoma	\N	1145	\N	0102	460	26.40000	45.10000	6.40000	5.10000	416929	516572	973624	15	7	secondary	204	2	80	1.30	2010-11-10	18576	\N	1	\N	alive
39022	P14	112	Arecaceae	Oenocarpus	mapora	oenoma	\N	1145	\N	0102	460	26.40000	45.10000	6.40000	5.10000	416929	516572	973624	15	7		256	3	81	1.30	2012-05-01	19114	\N	1	\N	alive
33488	P14	112	Arecaceae	Oenocarpus	mapora	oenoma	\N	1145	\N	0102	460	26.40000	45.10000	6.40000	5.10000	416929	516572	973624	15	7		268	4	91	1.30	2013-04-15	19463	\N	1	\N	alive
2413797	P14	112	Arecaceae	Oenocarpus	mapora	oenoma	\N	1145	\N	0102	460	26.40000	45.10000	6.40000	5.10000	416929	516572	973624	15	7	\N	278	5	92	1.30	2014-04-08	19821	\N	1	\N	alive
77693	P14	112	Arecaceae	Oenocarpus	mapora	oenoma	\N	1145	\N	0102	460	35.10000	40.20000	15.10000	0.20000	416991	516638	973625	15	\N	secondary	123	1	75	1.30	1996-11-12	13465	\N	1	\N	alive
2407279	P14	112	Arecaceae	Oenocarpus	mapora	oenoma	\N	1145	\N	0203	793	47.30000	69.00000	7.30000	9.00000	417231	517689	973626	15	1	main	204	2	83	1.30	2010-11-15	18581	R	1	\N	broken below
61828	P14	112	Arecaceae	Oenocarpus	mapora	oenoma	\N	1145	\N	0203	793	47.30000	69.00000	7.30000	9.00000	417231	517689	973626	15	1		256	3	83	1.30	2012-05-01	19114	\N	1	\N	alive
2407769	P14	112	Arecaceae	Oenocarpus	mapora	oenoma	\N	1145	\N	0301	955	66.60000	22.20000	6.60000	2.20000	417280	517738	973627	15	6	secondary	204	2	105	1.30	2010-11-16	18582	\N	1	\N	alive
71424	P14	112	Arecaceae	Oenocarpus	mapora	oenoma	\N	1145	\N	0301	955	66.60000	22.20000	6.60000	2.20000	417280	517738	973627	15	6		256	3	105	1.30	2012-05-01	19114	\N	1	\N	alive
61717	P14	112	Arecaceae	Oenocarpus	mapora	oenoma	\N	1145	\N	0301	955	66.60000	22.20000	6.60000	2.20000	417280	517738	973627	15	6		268	4	104	1.30	2013-04-16	19464	\N	1	\N	alive
2414029	P14	112	Arecaceae	Oenocarpus	mapora	oenoma	\N	1145	\N	0301	955	66.60000	22.20000	6.60000	2.20000	417280	517738	973627	15	6	\N	278	5	105	1.30	2014-04-08	19821	\N	1	\N	alive
2422461	P14	112	Arecaceae	Oenocarpus	mapora	oenoma	\N	1145	\N	0301	955	66.60000	22.20000	6.60000	2.20000	417280	517738	973627	15	6	\N	286	6	105	1.30	2015-06-24	20263	\N	1	\N	alive
2409748	P14	112	Arecaceae	Oenocarpus	mapora	oenoma	\N	1145	\N	0301	955	68.00000	30.50000	8.00000	10.50000	417283	517741	973628	15	8	secondary	204	2	73	1.30	2010-11-16	18582	\N	1	\N	alive
72973	P14	112	Arecaceae	Oenocarpus	mapora	oenoma	\N	1145	\N	0301	955	68.00000	30.50000	8.00000	10.50000	417283	517741	973628	15	8		256	3	76	1.30	2012-05-01	19114	\N	1	\N	alive
63925	P14	112	Arecaceae	Oenocarpus	mapora	oenoma	\N	1145	\N	0301	955	68.00000	30.50000	8.00000	10.50000	417283	517741	973628	15	8		268	4	77	1.30	2013-04-16	19464	\N	1	\N	alive
2414040	P14	112	Arecaceae	Oenocarpus	mapora	oenoma	\N	1145	\N	0301	955	68.00000	30.50000	8.00000	10.50000	417283	517741	973628	15	8	\N	278	5	78	1.30	2014-04-08	19821	\N	1	\N	alive
2408401	P14	112	Arecaceae	Oenocarpus	mapora	oenoma	\N	1145	\N	0400	1171	84.00000	14.80000	4.00000	14.80000	417344	517802	973629	15	7	secondary	204	2	85	1.30	2010-11-16	18582	\N	1	\N	alive
85737	P14	112	Arecaceae	Oenocarpus	mapora	oenoma	\N	1145	\N	0400	1171	84.00000	14.80000	4.00000	14.80000	417344	517802	973629	15	7		256	3	86	1.30	2012-05-01	19114	\N	1	\N	alive
75693	P14	112	Arecaceae	Oenocarpus	mapora	oenoma	\N	1145	\N	0400	1171	84.00000	14.80000	4.00000	14.80000	417344	517802	973629	15	7		268	4	85	1.30	2013-04-16	19464	\N	1	\N	alive
2414128	P14	112	Arecaceae	Oenocarpus	mapora	oenoma	\N	1145	\N	0400	1171	84.00000	14.80000	4.00000	14.80000	417344	517802	973629	15	7	\N	278	5	86	1.30	2014-04-09	19822	\N	1	\N	alive
2398180	P14	112	Arecaceae	Oenocarpus	mapora	oenoma	\N	1145	\N	0003	208	10.24000	69.64000	10.24000	9.64000	482297	838583	973835	15	14	secondary	204	2	74	1.30	2010-11-16	18582	\N	1	\N	alive
21368	P14	112	Arecaceae	Oenocarpus	mapora	oenoma	\N	1145	\N	0003	208	10.24000	69.64000	10.24000	9.64000	482297	838583	973835	15	14		256	3	73	1.30	2012-05-01	19114	\N	1	\N	alive
17383	P14	112	Arecaceae	Oenocarpus	mapora	oenoma	\N	1145	\N	0003	208	10.24000	69.64000	10.24000	9.64000	482297	838583	973835	15	14		268	4	73	1.30	2013-04-15	19463	\N	1	\N	alive
2413660	P14	112	Arecaceae	Oenocarpus	mapora	oenoma	\N	1145	\N	0003	208	10.24000	69.64000	10.24000	9.64000	482297	838583	973835	15	14	\N	278	5	76	1.30	2014-04-09	19822	\N	1	\N	alive
89148	P14	112	Arecaceae	Oenocarpus	mapora	oenoma	\N	1145	\N	0004	271	4.57000	82.40000	4.57000	2.40000	482348	838586	973836	15	14		268	4	64	1.30	2013-04-15	19463	\N	1	\N	alive
2413691	P14	112	Arecaceae	Oenocarpus	mapora	oenoma	\N	1145	\N	0004	271	4.57000	82.40000	4.57000	2.40000	482348	838586	973836	15	14	\N	278	5	67	1.30	2014-04-09	19822	\N	1	\N	alive
88410	P14	112	Arecaceae	Oenocarpus	mapora	oenoma	\N	1145	\N	0000	19	9.60000	19.70000	9.60000	19.70000	416632	515711	977949	16	9		268	4	64	1.30	2013-04-15	19463	\N	1	\N	alive
2413575	P14	112	Arecaceae	Oenocarpus	mapora	oenoma	\N	1145	\N	0000	19	9.60000	19.70000	9.60000	19.70000	416632	515711	977949	16	9	\N	278	5	63	1.30	2014-04-09	19822	\N	1	\N	alive
2409160	P14	112	Arecaceae	Oenocarpus	mapora	oenoma	\N	1145	\N	0002	145	11.50000	53.90000	11.50000	13.90000	416662	515741	977950	16	8	secondary	204	2	68	1.30	2010-11-16	18582	\N	1	\N	alive
10747	P14	112	Arecaceae	Oenocarpus	mapora	oenoma	\N	1145	\N	0002	145	11.50000	53.90000	11.50000	13.90000	416662	515741	977950	16	8		256	3	69	1.30	2012-05-01	19114	\N	1	\N	alive
8137	P14	112	Arecaceae	Oenocarpus	mapora	oenoma	\N	1145	\N	0002	145	11.50000	53.90000	11.50000	13.90000	416662	515741	977950	16	8		268	4	69	1.30	2013-04-15	19463	\N	1	\N	alive
2413617	P14	112	Arecaceae	Oenocarpus	mapora	oenoma	\N	1145	\N	0002	145	11.50000	53.90000	11.50000	13.90000	416662	515741	977950	16	8	\N	278	5	69	1.30	2014-04-09	19822	\N	1	\N	alive
2401493	P14	112	Arecaceae	Oenocarpus	mapora	oenoma	\N	1145	\N	0002	145	17.50000	48.20000	17.50000	8.20000	416665	515744	977951	16	4	secondary	204	2	92	1.30	2010-11-15	18581	\N	1	\N	alive
11713	P14	112	Arecaceae	Oenocarpus	mapora	oenoma	\N	1145	\N	0002	145	17.50000	48.20000	17.50000	8.20000	416665	515744	977951	16	4		256	3	94	1.30	2012-05-01	19114	\N	1	\N	alive
8827	P14	112	Arecaceae	Oenocarpus	mapora	oenoma	\N	1145	\N	0002	145	17.50000	48.20000	17.50000	8.20000	416665	515744	977951	16	4		268	4	\N	0.00	2013-04-15	19463	lost	1	\N	stem dead
2413629	P14	112	Arecaceae	Oenocarpus	mapora	oenoma	\N	1145	\N	0002	145	17.50000	48.20000	17.50000	8.20000	416665	515744	977951	16	4	\N	278	5	\N	\N	2014-04-09	19822	R	1	\N	broken below
2409194	P14	112	Arecaceae	Oenocarpus	mapora	oenoma	\N	1145	\N	0004	271	5.30000	90.60000	5.30000	10.60000	416685	515764	977952	16	8	secondary	204	2	75	1.30	2010-11-16	18582	\N	1	\N	alive
23833	P14	112	Arecaceae	Oenocarpus	mapora	oenoma	\N	1145	\N	0004	271	5.30000	90.60000	5.30000	10.60000	416685	515764	977952	16	8		256	3	85	1.30	2012-05-01	19114	\N	1	\N	alive
2401895	P14	112	Arecaceae	Oenocarpus	mapora	oenoma	\N	1145	\N	0100	334	34.90000	0.20000	14.90000	0.20000	416710	515789	977953	16	1	main	204	2	109	1.30	2010-11-15	18581	\N	1	\N	alive
30509	P14	112	Arecaceae	Oenocarpus	mapora	oenoma	\N	1145	\N	0100	334	34.90000	0.20000	14.90000	0.20000	416710	515789	977953	16	1		256	3	109	1.30	2012-05-01	19114	\N	1	\N	alive
24256	P14	112	Arecaceae	Oenocarpus	mapora	oenoma	\N	1145	\N	0100	334	34.90000	0.20000	14.90000	0.20000	416710	515789	977953	16	1		268	4	111	1.30	2013-04-15	19463	\N	1	\N	alive
2413738	P14	112	Arecaceae	Oenocarpus	mapora	oenoma	\N	1145	\N	0100	334	34.90000	0.20000	14.90000	0.20000	416710	515789	977953	16	1	\N	278	5	111	1.30	2014-04-08	19821	\N	1	\N	alive
2422289	P14	112	Arecaceae	Oenocarpus	mapora	oenoma	\N	1145	\N	0100	334	34.90000	0.20000	14.90000	0.20000	416710	515789	977953	16	1	\N	286	6	\N	1.30	2015-06-24	20263	R	1	\N	broken below
2409456	P14	112	Arecaceae	Oenocarpus	mapora	oenoma	\N	1145	\N	0103	523	39.00000	71.50000	19.00000	11.50000	416724	515803	977954	16	8	NULL	204	2	91	1.30	2010-11-16	18582	\N	1	\N	alive
45850	P14	112	Arecaceae	Oenocarpus	mapora	oenoma	\N	1145	\N	0103	523	39.00000	71.50000	19.00000	11.50000	416724	515803	977954	16	8		256	3	91	1.30	2012-05-01	19114	\N	1	\N	alive
39945	P14	112	Arecaceae	Oenocarpus	mapora	oenoma	\N	1145	\N	0103	523	39.00000	71.50000	19.00000	11.50000	416724	515803	977954	16	8		268	4	100	1.30	2013-04-15	19463	\N	1	\N	alive
2413867	P14	112	Arecaceae	Oenocarpus	mapora	oenoma	\N	1145	\N	0103	523	39.00000	71.50000	19.00000	11.50000	416724	515803	977954	16	8	\N	278	5	100	1.30	2014-04-08	19821	\N	1	\N	alive
2422352	P14	112	Arecaceae	Oenocarpus	mapora	oenoma	\N	1145	\N	0103	523	39.00000	71.50000	19.00000	11.50000	416724	515803	977954	16	8	\N	286	6	100	1.30	2015-06-24	20263	\N	1	\N	alive
2404839	P14	112	Arecaceae	Oenocarpus	mapora	oenoma	\N	1145	\N	0200	631	40.90000	0.60000	0.90000	0.60000	416739	515819	977955	16	5	secondary	204	2	88	1.30	2010-11-15	18581	\N	1	\N	alive
51939	P14	112	Arecaceae	Oenocarpus	mapora	oenoma	\N	1145	\N	0200	631	40.90000	0.60000	0.90000	0.60000	416739	515819	977955	16	5		256	3	90	1.30	2012-05-01	19114	\N	1	\N	alive
45862	P14	112	Arecaceae	Oenocarpus	mapora	oenoma	\N	1145	\N	0200	631	40.90000	0.60000	0.90000	0.60000	416739	515819	977955	16	5		268	4	82	1.30	2013-04-15	19463	\N	1	\N	alive
2413892	P14	112	Arecaceae	Oenocarpus	mapora	oenoma	\N	1145	\N	0200	631	40.90000	0.60000	0.90000	0.60000	416739	515819	977955	16	5	\N	278	5	82	1.30	2014-04-09	19822	\N	1	\N	alive
2409301	P14	112	Arecaceae	Oenocarpus	mapora	oenoma	\N	1145	\N	0101	397	34.40000	20.50000	14.40000	0.50000	416838	516439	977956	16		NULL	204	2	51	1.30	2010-11-11	18577	\N	1	\N	alive
61749	P14	112	Arecaceae	Oenocarpus	mapora	oenoma	\N	1145	\N	0102	460	21.40000	58.20000	1.40000	18.20000	416911	516554	977957	16	\N	secondary	123	1	71	1.30	1996-11-12	13465	\N	1	\N	alive
2409404	P14	112	Arecaceae	Oenocarpus	mapora	oenoma	\N	1145	\N	0102	460	26.40000	45.10000	6.40000	5.10000	416929	516572	977958	16	8	NULL	204	2	79	1.30	2010-11-10	18576	\N	1	\N	alive
39153	P14	112	Arecaceae	Oenocarpus	mapora	oenoma	\N	1145	\N	0102	460	26.40000	45.10000	6.40000	5.10000	416929	516572	977958	16	8		256	3	80	1.30	2012-05-01	19114	\N	1	\N	alive
33622	P14	112	Arecaceae	Oenocarpus	mapora	oenoma	\N	1145	\N	0102	460	26.40000	45.10000	6.40000	5.10000	416929	516572	977958	16	8		268	4	86	1.30	2013-04-15	19463	\N	1	\N	alive
2413798	P14	112	Arecaceae	Oenocarpus	mapora	oenoma	\N	1145	\N	0102	460	26.40000	45.10000	6.40000	5.10000	416929	516572	977958	16	8	\N	278	5	87	1.30	2014-04-08	19821	\N	1	\N	alive
77808	P14	112	Arecaceae	Oenocarpus	mapora	oenoma	\N	1145	\N	0102	460	35.10000	40.20000	15.10000	0.20000	416991	516638	977959	16	\N	secondary	123	1	64	1.30	1996-11-12	13465	\N	1	\N	alive
2407280	P14	112	Arecaceae	Oenocarpus	mapora	oenoma	\N	1145	\N	0203	793	47.30000	69.00000	7.30000	9.00000	417231	517689	977960	16	2	secondary	204	2	81	1.30	2010-11-15	18581	\N	1	\N	alive
61951	P14	112	Arecaceae	Oenocarpus	mapora	oenoma	\N	1145	\N	0203	793	47.30000	69.00000	7.30000	9.00000	417231	517689	977960	16	2		256	3	83	1.30	2012-05-01	19114	\N	1	\N	alive
2407770	P14	112	Arecaceae	Oenocarpus	mapora	oenoma	\N	1145	\N	0301	955	66.60000	22.20000	6.60000	2.20000	417280	517738	977961	16	7	secondary	204	2	92	1.30	2010-11-16	18582	\N	1	\N	alive
71544	P14	112	Arecaceae	Oenocarpus	mapora	oenoma	\N	1145	\N	0301	955	66.60000	22.20000	6.60000	2.20000	417280	517738	977961	16	7		256	3	100	1.30	2012-05-01	19114	\N	1	\N	alive
61840	P14	112	Arecaceae	Oenocarpus	mapora	oenoma	\N	1145	\N	0301	955	66.60000	22.20000	6.60000	2.20000	417280	517738	977961	16	7		268	4	101	1.30	2013-04-16	19464	\N	1	\N	alive
2414030	P14	112	Arecaceae	Oenocarpus	mapora	oenoma	\N	1145	\N	0301	955	66.60000	22.20000	6.60000	2.20000	417280	517738	977961	16	7	\N	278	5	103	1.30	2014-04-08	19821	\N	1	\N	alive
2422462	P14	112	Arecaceae	Oenocarpus	mapora	oenoma	\N	1145	\N	0301	955	66.60000	22.20000	6.60000	2.20000	417280	517738	977961	16	7	\N	286	6	103	1.30	2015-06-24	20263	\N	1	\N	alive
2409749	P14	112	Arecaceae	Oenocarpus	mapora	oenoma	\N	1145	\N	0301	955	68.00000	30.50000	8.00000	10.50000	417283	517741	977962	16	9	secondary	204	2	62	1.30	2010-11-16	18582	\N	1	\N	alive
73092	P14	112	Arecaceae	Oenocarpus	mapora	oenoma	\N	1145	\N	0301	955	68.00000	30.50000	8.00000	10.50000	417283	517741	977962	16	9		256	3	65	1.30	2012-05-01	19114	\N	1	\N	alive
64047	P14	112	Arecaceae	Oenocarpus	mapora	oenoma	\N	1145	\N	0301	955	68.00000	30.50000	8.00000	10.50000	417283	517741	977962	16	9		268	4	67	1.30	2013-04-16	19464	\N	1	\N	alive
2414041	P14	112	Arecaceae	Oenocarpus	mapora	oenoma	\N	1145	\N	0301	955	68.00000	30.50000	8.00000	10.50000	417283	517741	977962	16	9	\N	278	5	68	1.30	2014-04-08	19821	\N	1	\N	alive
101481	P14	112	Arecaceae	Oenocarpus	mapora	oenoma	\N	1145	\N	0400	1171	84.00000	14.80000	4.00000	14.80000	417344	517802	977963	16	8		256	3	75	1.30	2012-05-01	19114	\N	1	\N	alive
75810	P14	112	Arecaceae	Oenocarpus	mapora	oenoma	\N	1145	\N	0400	1171	84.00000	14.80000	4.00000	14.80000	417344	517802	977963	16	8		268	4	80	1.30	2013-04-16	19464	\N	1	\N	alive
2414129	P14	112	Arecaceae	Oenocarpus	mapora	oenoma	\N	1145	\N	0400	1171	84.00000	14.80000	4.00000	14.80000	417344	517802	977963	16	8	\N	278	5	81	1.30	2014-04-09	19822	\N	1	\N	alive
2398181	P14	112	Arecaceae	Oenocarpus	mapora	oenoma	\N	1145	\N	0003	208	10.24000	69.64000	10.24000	9.64000	482297	838583	978146	16		secondary	204	2	72	1.30	2010-11-16	18582	\N	1	\N	alive
21505	P14	112	Arecaceae	Oenocarpus	mapora	oenoma	\N	1145	\N	0003	208	10.24000	69.64000	10.24000	9.64000	482297	838583	978146	16			256	3	\N	0.00	2012-05-01	19114	C	1	\N	stem dead
89254	P14	112	Arecaceae	Oenocarpus	mapora	oenoma	\N	1145	\N	0004	271	4.57000	82.40000	4.57000	2.40000	482348	838586	978147	16	15		268	4	63	1.30	2013-04-15	19463	\N	1	\N	alive
2413692	P14	112	Arecaceae	Oenocarpus	mapora	oenoma	\N	1145	\N	0004	271	4.57000	82.40000	4.57000	2.40000	482348	838586	978147	16	15	\N	278	5	66	1.30	2014-04-09	19822	\N	1	\N	alive
2409161	P14	112	Arecaceae	Oenocarpus	mapora	oenoma	\N	1145	\N	0002	145	11.50000	53.90000	11.50000	13.90000	416662	515741	981527	17	9	secondary	204	2	58	1.30	2010-11-16	18582	\N	1	\N	alive
10885	P14	112	Arecaceae	Oenocarpus	mapora	oenoma	\N	1145	\N	0002	145	11.50000	53.90000	11.50000	13.90000	416662	515741	981527	17	9		256	3	57	1.30	2012-05-01	19114	\N	1	\N	alive
8275	P14	112	Arecaceae	Oenocarpus	mapora	oenoma	\N	1145	\N	0002	145	11.50000	53.90000	11.50000	13.90000	416662	515741	981527	17	9		268	4	59	1.30	2013-04-15	19463	\N	1	\N	alive
2413618	P14	112	Arecaceae	Oenocarpus	mapora	oenoma	\N	1145	\N	0002	145	11.50000	53.90000	11.50000	13.90000	416662	515741	981527	17	9	\N	278	5	58	1.30	2014-04-09	19822	\N	1	\N	alive
2401494	P14	112	Arecaceae	Oenocarpus	mapora	oenoma	\N	1145	\N	0002	145	17.50000	48.20000	17.50000	8.20000	416665	515744	981528	17	5	secondary	204	2	91	1.30	2010-11-15	18581	\N	1	\N	alive
11851	P14	112	Arecaceae	Oenocarpus	mapora	oenoma	\N	1145	\N	0002	145	17.50000	48.20000	17.50000	8.20000	416665	515744	981528	17	5		256	3	91	1.30	2012-05-01	19114	\N	1	\N	alive
8965	P14	112	Arecaceae	Oenocarpus	mapora	oenoma	\N	1145	\N	0002	145	17.50000	48.20000	17.50000	8.20000	416665	515744	981528	17	5		268	4	91	1.30	2013-04-15	19463	\N	1	\N	alive
2413630	P14	112	Arecaceae	Oenocarpus	mapora	oenoma	\N	1145	\N	0002	145	17.50000	48.20000	17.50000	8.20000	416665	515744	981528	17	5	\N	278	5	90	1.30	2014-04-09	19822	\N	1	\N	alive
2409195	P14	112	Arecaceae	Oenocarpus	mapora	oenoma	\N	1145	\N	0004	271	5.30000	90.60000	5.30000	10.60000	416685	515764	981529	17	9	secondary	204	2	65	1.30	2010-11-16	18582	\N	1	\N	alive
23970	P14	112	Arecaceae	Oenocarpus	mapora	oenoma	\N	1145	\N	0004	271	5.30000	90.60000	5.30000	10.60000	416685	515764	981529	17	9		256	3	70	1.30	2012-05-01	19114	\N	1	\N	alive
2401896	P14	112	Arecaceae	Oenocarpus	mapora	oenoma	\N	1145	\N	0100	334	34.90000	0.20000	14.90000	0.20000	416710	515789	981530	17	2	secondary	204	2	95	1.30	2010-11-15	18581	\N	1	\N	alive
30643	P14	112	Arecaceae	Oenocarpus	mapora	oenoma	\N	1145	\N	0100	334	34.90000	0.20000	14.90000	0.20000	416710	515789	981530	17	2		256	3	96	1.30	2012-05-01	19114	\N	1	\N	alive
24393	P14	112	Arecaceae	Oenocarpus	mapora	oenoma	\N	1145	\N	0100	334	34.90000	0.20000	14.90000	0.20000	416710	515789	981530	17	2		268	4	96	1.30	2013-04-15	19463	\N	1	\N	alive
2413743	P14	112	Arecaceae	Oenocarpus	mapora	oenoma	\N	1145	\N	0100	334	34.90000	0.20000	14.90000	0.20000	416710	515789	981530	17	2	\N	278	5	96	1.30	2014-04-08	19821	\N	1	\N	alive
2409457	P14	112	Arecaceae	Oenocarpus	mapora	oenoma	\N	1145	\N	0103	523	39.00000	71.50000	19.00000	11.50000	416724	515803	981531	17	9	NULL	204	2	80	1.30	2010-11-16	18582	\N	1	\N	alive
45977	P14	112	Arecaceae	Oenocarpus	mapora	oenoma	\N	1145	\N	0103	523	39.00000	71.50000	19.00000	11.50000	416724	515803	981531	17	9		256	3	82	1.30	2012-05-01	19114	\N	1	\N	alive
40075	P14	112	Arecaceae	Oenocarpus	mapora	oenoma	\N	1145	\N	0103	523	39.00000	71.50000	19.00000	11.50000	416724	515803	981531	17	9		268	4	111	1.30	2013-04-15	19463	\N	1	\N	alive
2413868	P14	112	Arecaceae	Oenocarpus	mapora	oenoma	\N	1145	\N	0103	523	39.00000	71.50000	19.00000	11.50000	416724	515803	981531	17	9	\N	278	5	112	1.30	2014-04-08	19821	\N	1	\N	alive
2422353	P14	112	Arecaceae	Oenocarpus	mapora	oenoma	\N	1145	\N	0103	523	39.00000	71.50000	19.00000	11.50000	416724	515803	981531	17	9	\N	286	6	113	1.30	2015-06-24	20263	\N	1	\N	alive
2404840	P14	112	Arecaceae	Oenocarpus	mapora	oenoma	\N	1145	\N	0200	631	40.90000	0.60000	0.90000	0.60000	416739	515819	981532	17	6	secondary	204	2	85	1.30	2010-11-15	18581	\N	1	\N	alive
52065	P14	112	Arecaceae	Oenocarpus	mapora	oenoma	\N	1145	\N	0200	631	40.90000	0.60000	0.90000	0.60000	416739	515819	981532	17	6		256	3	88	1.30	2012-05-01	19114	\N	1	\N	alive
45989	P14	112	Arecaceae	Oenocarpus	mapora	oenoma	\N	1145	\N	0200	631	40.90000	0.60000	0.90000	0.60000	416739	515819	981532	17	6		268	4	91	1.30	2013-04-15	19463	\N	1	\N	alive
2413893	P14	112	Arecaceae	Oenocarpus	mapora	oenoma	\N	1145	\N	0200	631	40.90000	0.60000	0.90000	0.60000	416739	515819	981532	17	6	\N	278	5	91	1.30	2014-04-09	19822	\N	1	\N	alive
61872	P14	112	Arecaceae	Oenocarpus	mapora	oenoma	\N	1145	\N	0102	460	21.40000	58.20000	1.40000	18.20000	416911	516554	981533	17	\N	secondary	123	1	69	1.30	1996-11-12	13465	\N	1	\N	alive
2409405	P14	112	Arecaceae	Oenocarpus	mapora	oenoma	\N	1145	\N	0102	460	26.40000	45.10000	6.40000	5.10000	416929	516572	981534	17	9	NULL	204	2	77	1.30	2010-11-10	18576	\N	1	\N	alive
39283	P14	112	Arecaceae	Oenocarpus	mapora	oenoma	\N	1145	\N	0102	460	26.40000	45.10000	6.40000	5.10000	416929	516572	981534	17	9		256	3	77	1.30	2012-05-01	19114	\N	1	\N	alive
33756	P14	112	Arecaceae	Oenocarpus	mapora	oenoma	\N	1145	\N	0102	460	26.40000	45.10000	6.40000	5.10000	416929	516572	981534	17	9		268	4	80	1.30	2013-04-15	19463	\N	1	\N	alive
2413799	P14	112	Arecaceae	Oenocarpus	mapora	oenoma	\N	1145	\N	0102	460	26.40000	45.10000	6.40000	5.10000	416929	516572	981534	17	9	\N	278	5	80	1.30	2014-04-08	19821	\N	1	\N	alive
2404070	P14	112	Arecaceae	Oenocarpus	mapora	oenoma	\N	1145	\N	0102	460	35.10000	40.20000	15.10000	0.20000	416991	516638	981535	17	1	main	204	2	105	1.30	2010-11-10	18576	R	1	\N	broken below
41233	P14	112	Arecaceae	Oenocarpus	mapora	oenoma	\N	1145	\N	0102	460	35.10000	40.20000	15.10000	0.20000	416991	516638	981535	17	1		256	3	106	1.30	2012-05-01	19114	\N	1	\N	alive
35884	P14	112	Arecaceae	Oenocarpus	mapora	oenoma	\N	1145	\N	0102	460	35.10000	40.20000	15.10000	0.20000	416991	516638	981535	17	1		268	4	105	1.30	2013-04-15	19463	\N	1	\N	alive
2413812	P14	112	Arecaceae	Oenocarpus	mapora	oenoma	\N	1145	\N	0102	460	35.10000	40.20000	15.10000	0.20000	416991	516638	981535	17	1	\N	278	5	105	1.30	2014-04-08	19821	\N	1	\N	alive
2422322	P14	112	Arecaceae	Oenocarpus	mapora	oenoma	\N	1145	\N	0102	460	35.10000	40.20000	15.10000	0.20000	416991	516638	981535	17	1	\N	286	6	105	1.30	2015-06-24	20263	M	1	\N	alive
2407281	P14	112	Arecaceae	Oenocarpus	mapora	oenoma	\N	1145	\N	0203	793	47.30000	69.00000	7.30000	9.00000	417231	517689	981536	17	3	secondary	204	2	74	1.30	2010-11-15	18581	\N	1	\N	alive
62074	P14	112	Arecaceae	Oenocarpus	mapora	oenoma	\N	1145	\N	0203	793	47.30000	69.00000	7.30000	9.00000	417231	517689	981536	17	3		256	3	74	1.30	2012-05-01	19114	\N	1	\N	alive
2407771	P14	112	Arecaceae	Oenocarpus	mapora	oenoma	\N	1145	\N	0301	955	66.60000	22.20000	6.60000	2.20000	417280	517738	981537	17	8	secondary	204	2	89	1.30	2010-11-16	18582	\N	1	\N	alive
71664	P14	112	Arecaceae	Oenocarpus	mapora	oenoma	\N	1145	\N	0301	955	66.60000	22.20000	6.60000	2.20000	417280	517738	981537	17	8		256	3	92	1.30	2012-05-01	19114	\N	1	\N	alive
61963	P14	112	Arecaceae	Oenocarpus	mapora	oenoma	\N	1145	\N	0301	955	66.60000	22.20000	6.60000	2.20000	417280	517738	981537	17	8		268	4	92	1.30	2013-04-16	19464	\N	1	\N	alive
2414031	P14	112	Arecaceae	Oenocarpus	mapora	oenoma	\N	1145	\N	0301	955	66.60000	22.20000	6.60000	2.20000	417280	517738	981537	17	8	\N	278	5	92	1.30	2014-04-08	19821	\N	1	\N	alive
2398182	P14	112	Arecaceae	Oenocarpus	mapora	oenoma	\N	1145	\N	0003	208	10.24000	69.64000	10.24000	9.64000	482297	838583	981699	17		secondary	204	2	69	1.30	2010-11-16	18582	\N	1	\N	alive
21641	P14	112	Arecaceae	Oenocarpus	mapora	oenoma	\N	1145	\N	0003	208	10.24000	69.64000	10.24000	9.64000	482297	838583	981699	17			256	3	\N	0.00	2012-05-01	19114	C	1	\N	stem dead
2401495	P14	112	Arecaceae	Oenocarpus	mapora	oenoma	\N	1145	\N	0002	145	17.50000	48.20000	17.50000	8.20000	416665	515744	984633	18	6	secondary	204	2	90	1.30	2010-11-15	18581	\N	1	\N	alive
11989	P14	112	Arecaceae	Oenocarpus	mapora	oenoma	\N	1145	\N	0002	145	17.50000	48.20000	17.50000	8.20000	416665	515744	984633	18	6		256	3	90	1.30	2012-05-01	19114	\N	1	\N	alive
9103	P14	112	Arecaceae	Oenocarpus	mapora	oenoma	\N	1145	\N	0002	145	17.50000	48.20000	17.50000	8.20000	416665	515744	984633	18	6		268	4	\N	0.00	2013-04-15	19463	lost	1	\N	stem dead
2413631	P14	112	Arecaceae	Oenocarpus	mapora	oenoma	\N	1145	\N	0002	145	17.50000	48.20000	17.50000	8.20000	416665	515744	984633	18	6	\N	278	5	\N	\N	2014-04-09	19822	R	1	\N	broken below
2401897	P14	112	Arecaceae	Oenocarpus	mapora	oenoma	\N	1145	\N	0100	334	34.90000	0.20000	14.90000	0.20000	416710	515789	984634	18	3	secondary	204	2	88	1.30	2010-11-15	18581	\N	1	\N	alive
30778	P14	112	Arecaceae	Oenocarpus	mapora	oenoma	\N	1145	\N	0100	334	34.90000	0.20000	14.90000	0.20000	416710	515789	984634	18	3		256	3	89	1.30	2012-05-01	19114	\N	1	\N	alive
24530	P14	112	Arecaceae	Oenocarpus	mapora	oenoma	\N	1145	\N	0100	334	34.90000	0.20000	14.90000	0.20000	416710	515789	984634	18	3		268	4	89	1.30	2013-04-15	19463	\N	1	\N	alive
2413744	P14	112	Arecaceae	Oenocarpus	mapora	oenoma	\N	1145	\N	0100	334	34.90000	0.20000	14.90000	0.20000	416710	515789	984634	18	3	\N	278	5	89	1.30	2014-04-08	19821	\N	1	\N	alive
2409458	P14	112	Arecaceae	Oenocarpus	mapora	oenoma	\N	1145	\N	0103	523	39.00000	71.50000	19.00000	11.50000	416724	515803	984635	18	10	NULL	204	2	73	1.30	2010-11-16	18582	\N	1	\N	alive
46104	P14	112	Arecaceae	Oenocarpus	mapora	oenoma	\N	1145	\N	0103	523	39.00000	71.50000	19.00000	11.50000	416724	515803	984635	18	10		256	3	73	1.30	2012-05-01	19114	\N	1	\N	alive
40205	P14	112	Arecaceae	Oenocarpus	mapora	oenoma	\N	1145	\N	0103	523	39.00000	71.50000	19.00000	11.50000	416724	515803	984635	18	10		268	4	102	1.30	2013-04-15	19463	\N	1	\N	alive
2413855	P14	112	Arecaceae	Oenocarpus	mapora	oenoma	\N	1145	\N	0103	523	39.00000	71.50000	19.00000	11.50000	416724	515803	984635	18	10	\N	278	5	105	1.30	2014-04-08	19821	\N	1	\N	alive
2422347	P14	112	Arecaceae	Oenocarpus	mapora	oenoma	\N	1145	\N	0103	523	39.00000	71.50000	19.00000	11.50000	416724	515803	984635	18	10	\N	286	6	105	1.30	2015-06-24	20263	\N	1	\N	alive
2404841	P14	112	Arecaceae	Oenocarpus	mapora	oenoma	\N	1145	\N	0200	631	40.90000	0.60000	0.90000	0.60000	416739	515819	984636	18	7	secondary	204	2	82	1.30	2010-11-15	18581	\N	1	\N	alive
52191	P14	112	Arecaceae	Oenocarpus	mapora	oenoma	\N	1145	\N	0200	631	40.90000	0.60000	0.90000	0.60000	416739	515819	984636	18	7		256	3	85	1.30	2012-05-01	19114	\N	1	\N	alive
46116	P14	112	Arecaceae	Oenocarpus	mapora	oenoma	\N	1145	\N	0200	631	40.90000	0.60000	0.90000	0.60000	416739	515819	984636	18	7		268	4	89	1.30	2013-04-15	19463	\N	1	\N	alive
2413894	P14	112	Arecaceae	Oenocarpus	mapora	oenoma	\N	1145	\N	0200	631	40.90000	0.60000	0.90000	0.60000	416739	515819	984636	18	7	\N	278	5	89	1.30	2014-04-09	19822	\N	1	\N	alive
61995	P14	112	Arecaceae	Oenocarpus	mapora	oenoma	\N	1145	\N	0102	460	21.40000	58.20000	1.40000	18.20000	416911	516554	984637	18	\N	secondary	123	1	62	1.30	1996-11-12	13465	\N	1	\N	alive
2409406	P14	112	Arecaceae	Oenocarpus	mapora	oenoma	\N	1145	\N	0102	460	26.40000	45.10000	6.40000	5.10000	416929	516572	984638	18	10	NULL	204	2	62	1.30	2010-11-10	18576	\N	1	\N	alive
39413	P14	112	Arecaceae	Oenocarpus	mapora	oenoma	\N	1145	\N	0102	460	26.40000	45.10000	6.40000	5.10000	416929	516572	984638	18	10		256	3	62	1.30	2012-05-01	19114	\N	1	\N	alive
33890	P14	112	Arecaceae	Oenocarpus	mapora	oenoma	\N	1145	\N	0102	460	26.40000	45.10000	6.40000	5.10000	416929	516572	984638	18	10		268	4	80	1.30	2013-04-15	19463	\N	1	\N	alive
2413791	P14	112	Arecaceae	Oenocarpus	mapora	oenoma	\N	1145	\N	0102	460	26.40000	45.10000	6.40000	5.10000	416929	516572	984638	18	10	\N	278	5	80	1.30	2014-04-08	19821	\N	1	\N	alive
2404071	P14	112	Arecaceae	Oenocarpus	mapora	oenoma	\N	1145	\N	0102	460	35.10000	40.20000	15.10000	0.20000	416991	516638	984639	18	2	secondary	204	2	104	1.30	2010-11-10	18576	\N	1	\N	alive
41363	P14	112	Arecaceae	Oenocarpus	mapora	oenoma	\N	1145	\N	0102	460	35.10000	40.20000	15.10000	0.20000	416991	516638	984639	18	2		256	3	104	1.30	2012-05-01	19114	\N	1	\N	alive
36016	P14	112	Arecaceae	Oenocarpus	mapora	oenoma	\N	1145	\N	0102	460	35.10000	40.20000	15.10000	0.20000	416991	516638	984639	18	2		268	4	103	1.30	2013-04-15	19463	\N	1	\N	alive
2413816	P14	112	Arecaceae	Oenocarpus	mapora	oenoma	\N	1145	\N	0102	460	35.10000	40.20000	15.10000	0.20000	416991	516638	984639	18	2	\N	278	5	103	1.30	2014-04-08	19821	\N	1	\N	alive
2422323	P14	112	Arecaceae	Oenocarpus	mapora	oenoma	\N	1145	\N	0102	460	35.10000	40.20000	15.10000	0.20000	416991	516638	984639	18	2	\N	286	6	103	1.30	2015-06-24	20263	\N	1	\N	alive
100911	P14	112	Arecaceae	Oenocarpus	mapora	oenoma	\N	1145	\N	0203	793	47.30000	69.00000	7.30000	9.00000	417231	517689	984640	18	5		256	3	64	1.30	2012-05-01	19114	\N	1	\N	alive
2407772	P14	112	Arecaceae	Oenocarpus	mapora	oenoma	\N	1145	\N	0301	955	66.60000	22.20000	6.60000	2.20000	417280	517738	984641	18	9	secondary	204	2	78	1.30	2010-11-16	18582	\N	1	\N	alive
71783	P14	112	Arecaceae	Oenocarpus	mapora	oenoma	\N	1145	\N	0301	955	66.60000	22.20000	6.60000	2.20000	417280	517738	984641	18	9		256	3	79	1.30	2012-05-01	19114	\N	1	\N	alive
62086	P14	112	Arecaceae	Oenocarpus	mapora	oenoma	\N	1145	\N	0301	955	66.60000	22.20000	6.60000	2.20000	417280	517738	984641	18	9		268	4	79	1.30	2013-04-16	19464	\N	1	\N	alive
2414032	P14	112	Arecaceae	Oenocarpus	mapora	oenoma	\N	1145	\N	0301	955	66.60000	22.20000	6.60000	2.20000	417280	517738	984641	18	9	\N	278	5	79	1.30	2014-04-08	19821	\N	1	\N	alive
2398183	P14	112	Arecaceae	Oenocarpus	mapora	oenoma	\N	1145	\N	0003	208	10.24000	69.64000	10.24000	9.64000	482297	838583	984786	18	15	secondary	204	2	64	1.30	2010-11-16	18582	\N	1	\N	alive
21778	P14	112	Arecaceae	Oenocarpus	mapora	oenoma	\N	1145	\N	0003	208	10.24000	69.64000	10.24000	9.64000	482297	838583	984786	18	15		256	3	66	1.30	2012-05-01	19114	\N	1	\N	alive
17521	P14	112	Arecaceae	Oenocarpus	mapora	oenoma	\N	1145	\N	0003	208	10.24000	69.64000	10.24000	9.64000	482297	838583	984786	18	15		268	4	67	1.30	2013-04-15	19463	\N	1	\N	alive
2413661	P14	112	Arecaceae	Oenocarpus	mapora	oenoma	\N	1145	\N	0003	208	10.24000	69.64000	10.24000	9.64000	482297	838583	984786	18	15	\N	278	5	67	1.30	2014-04-09	19822	\N	1	\N	alive
2401496	P14	112	Arecaceae	Oenocarpus	mapora	oenoma	\N	1145	\N	0002	145	17.50000	48.20000	17.50000	8.20000	416665	515744	987317	19		secondary	204	2	89	1.30	2010-11-15	18581	\N	1	\N	alive
12127	P14	112	Arecaceae	Oenocarpus	mapora	oenoma	\N	1145	\N	0002	145	17.50000	48.20000	17.50000	8.20000	416665	515744	987317	19			256	3	\N	0.00	2012-05-01	19114	C	1	\N	stem dead
2401898	P14	112	Arecaceae	Oenocarpus	mapora	oenoma	\N	1145	\N	0100	334	34.90000	0.20000	14.90000	0.20000	416710	515789	987318	19	4	secondary	204	2	86	1.30	2010-11-15	18581	\N	1	\N	alive
30913	P14	112	Arecaceae	Oenocarpus	mapora	oenoma	\N	1145	\N	0100	334	34.90000	0.20000	14.90000	0.20000	416710	515789	987318	19	4		256	3	89	1.30	2012-05-01	19114	\N	1	\N	alive
24667	P14	112	Arecaceae	Oenocarpus	mapora	oenoma	\N	1145	\N	0100	334	34.90000	0.20000	14.90000	0.20000	416710	515789	987318	19	4		268	4	90	1.30	2013-04-15	19463	\N	1	\N	alive
2413745	P14	112	Arecaceae	Oenocarpus	mapora	oenoma	\N	1145	\N	0100	334	34.90000	0.20000	14.90000	0.20000	416710	515789	987318	19	4	\N	278	5	90	1.30	2014-04-08	19821	\N	1	\N	alive
2409459	P14	112	Arecaceae	Oenocarpus	mapora	oenoma	\N	1145	\N	0103	523	39.00000	71.50000	19.00000	11.50000	416724	515803	987319	19	11	NULL	204	2	73	1.30	2010-11-16	18582	\N	1	\N	alive
46231	P14	112	Arecaceae	Oenocarpus	mapora	oenoma	\N	1145	\N	0103	523	39.00000	71.50000	19.00000	11.50000	416724	515803	987319	19	11		256	3	73	1.30	2012-05-01	19114	\N	1	\N	alive
40335	P14	112	Arecaceae	Oenocarpus	mapora	oenoma	\N	1145	\N	0103	523	39.00000	71.50000	19.00000	11.50000	416724	515803	987319	19	11		268	4	75	1.30	2013-04-15	19463	\N	1	\N	alive
2413856	P14	112	Arecaceae	Oenocarpus	mapora	oenoma	\N	1145	\N	0103	523	39.00000	71.50000	19.00000	11.50000	416724	515803	987319	19	11	\N	278	5	76	1.30	2014-04-08	19821	\N	1	\N	alive
2404842	P14	112	Arecaceae	Oenocarpus	mapora	oenoma	\N	1145	\N	0200	631	40.90000	0.60000	0.90000	0.60000	416739	515819	987320	19	8	secondary	204	2	80	1.30	2010-11-15	18581	\N	1	\N	alive
52317	P14	112	Arecaceae	Oenocarpus	mapora	oenoma	\N	1145	\N	0200	631	40.90000	0.60000	0.90000	0.60000	416739	515819	987320	19	8		256	3	85	1.30	2012-05-01	19114	\N	1	\N	alive
46243	P14	112	Arecaceae	Oenocarpus	mapora	oenoma	\N	1145	\N	0200	631	40.90000	0.60000	0.90000	0.60000	416739	515819	987320	19	8		268	4	86	1.30	2013-04-15	19463	\N	1	\N	alive
2413895	P14	112	Arecaceae	Oenocarpus	mapora	oenoma	\N	1145	\N	0200	631	40.90000	0.60000	0.90000	0.60000	416739	515819	987320	19	8	\N	278	5	86	1.30	2014-04-09	19822	\N	1	\N	alive
62118	P14	112	Arecaceae	Oenocarpus	mapora	oenoma	\N	1145	\N	0102	460	21.40000	58.20000	1.40000	18.20000	416911	516554	987321	19	\N	secondary	123	1	61	1.30	1996-11-12	13465	\N	1	\N	alive
2404072	P14	112	Arecaceae	Oenocarpus	mapora	oenoma	\N	1145	\N	0102	460	35.10000	40.20000	15.10000	0.20000	416991	516638	987322	19	3	secondary	204	2	103	1.30	2010-11-10	18576	\N	1	\N	alive
41492	P14	112	Arecaceae	Oenocarpus	mapora	oenoma	\N	1145	\N	0102	460	35.10000	40.20000	15.10000	0.20000	416991	516638	987322	19	3		256	3	104	1.30	2012-05-01	19114	\N	1	\N	alive
36148	P14	112	Arecaceae	Oenocarpus	mapora	oenoma	\N	1145	\N	0102	460	35.10000	40.20000	15.10000	0.20000	416991	516638	987322	19	3		268	4	104	1.30	2013-04-15	19463	\N	1	\N	alive
2413817	P14	112	Arecaceae	Oenocarpus	mapora	oenoma	\N	1145	\N	0102	460	35.10000	40.20000	15.10000	0.20000	416991	516638	987322	19	3	\N	278	5	104	1.30	2014-04-08	19821	\N	1	\N	alive
2422324	P14	112	Arecaceae	Oenocarpus	mapora	oenoma	\N	1145	\N	0102	460	35.10000	40.20000	15.10000	0.20000	416991	516638	987322	19	3	\N	286	6	103	1.30	2015-06-24	20263	\N	1	\N	alive
2409744	P14	112	Arecaceae	Oenocarpus	mapora	oenoma	\N	1145	\N	0301	955	66.60000	22.20000	6.60000	2.20000	417280	517738	987323	19	10	secondary	204	2	70	1.30	2010-11-16	18582	\N	1	\N	alive
70460	P14	112	Arecaceae	Oenocarpus	mapora	oenoma	\N	1145	\N	0301	955	66.60000	22.20000	6.60000	2.20000	417280	517738	987323	19	10		256	3	77	1.30	2012-05-01	19114	\N	1	\N	alive
62209	P14	112	Arecaceae	Oenocarpus	mapora	oenoma	\N	1145	\N	0301	955	66.60000	22.20000	6.60000	2.20000	417280	517738	987323	19	10		268	4	79	1.30	2013-04-16	19464	\N	1	\N	alive
2414017	P14	112	Arecaceae	Oenocarpus	mapora	oenoma	\N	1145	\N	0301	955	66.60000	22.20000	6.60000	2.20000	417280	517738	987323	19	10	\N	278	5	80	1.30	2014-04-08	19821	\N	1	\N	alive
2398184	P14	112	Arecaceae	Oenocarpus	mapora	oenoma	\N	1145	\N	0003	208	10.24000	69.64000	10.24000	9.64000	482297	838583	987453	19	16	secondary	204	2	60	1.30	2010-11-16	18582	\N	1	\N	alive
21915	P14	112	Arecaceae	Oenocarpus	mapora	oenoma	\N	1145	\N	0003	208	10.24000	69.64000	10.24000	9.64000	482297	838583	987453	19	16		256	3	64	1.30	2012-05-01	19114	\N	1	\N	alive
17659	P14	112	Arecaceae	Oenocarpus	mapora	oenoma	\N	1145	\N	0003	208	10.24000	69.64000	10.24000	9.64000	482297	838583	987453	19	16		268	4	64	1.30	2013-04-15	19463	\N	1	\N	alive
2413662	P14	112	Arecaceae	Oenocarpus	mapora	oenoma	\N	1145	\N	0003	208	10.24000	69.64000	10.24000	9.64000	482297	838583	987453	19	16	\N	278	5	64	1.30	2014-04-09	19822	\N	1	\N	alive
2401497	P14	112	Arecaceae	Oenocarpus	mapora	oenoma	\N	1145	\N	0002	145	17.50000	48.20000	17.50000	8.20000	416665	515744	989676	20	7	secondary	204	2	85	1.30	2010-11-15	18581	\N	1	\N	alive
12265	P14	112	Arecaceae	Oenocarpus	mapora	oenoma	\N	1145	\N	0002	145	17.50000	48.20000	17.50000	8.20000	416665	515744	989676	20	7		256	3	85	1.30	2012-05-01	19114	\N	1	\N	alive
9241	P14	112	Arecaceae	Oenocarpus	mapora	oenoma	\N	1145	\N	0002	145	17.50000	48.20000	17.50000	8.20000	416665	515744	989676	20	7		268	4	86	1.30	2013-04-15	19463	\N	1	\N	alive
2413632	P14	112	Arecaceae	Oenocarpus	mapora	oenoma	\N	1145	\N	0002	145	17.50000	48.20000	17.50000	8.20000	416665	515744	989676	20	7	\N	278	5	86	1.30	2014-04-09	19822	\N	1	\N	alive
2401899	P14	112	Arecaceae	Oenocarpus	mapora	oenoma	\N	1145	\N	0100	334	34.90000	0.20000	14.90000	0.20000	416710	515789	989677	20	5	secondary	204	2	86	1.30	2010-11-15	18581	\N	1	\N	alive
31048	P14	112	Arecaceae	Oenocarpus	mapora	oenoma	\N	1145	\N	0100	334	34.90000	0.20000	14.90000	0.20000	416710	515789	989677	20	5		256	3	88	1.30	2012-05-01	19114	\N	1	\N	alive
24804	P14	112	Arecaceae	Oenocarpus	mapora	oenoma	\N	1145	\N	0100	334	34.90000	0.20000	14.90000	0.20000	416710	515789	989677	20	5		268	4	85	1.30	2013-04-15	19463	\N	1	\N	alive
2413746	P14	112	Arecaceae	Oenocarpus	mapora	oenoma	\N	1145	\N	0100	334	34.90000	0.20000	14.90000	0.20000	416710	515789	989677	20	5	\N	278	5	85	1.30	2014-04-08	19821	\N	1	\N	alive
2409460	P14	112	Arecaceae	Oenocarpus	mapora	oenoma	\N	1145	\N	0103	523	39.00000	71.50000	19.00000	11.50000	416724	515803	989678	20	12	NULL	204	2	70	1.30	2010-11-16	18582	\N	1	\N	alive
46358	P14	112	Arecaceae	Oenocarpus	mapora	oenoma	\N	1145	\N	0103	523	39.00000	71.50000	19.00000	11.50000	416724	515803	989678	20	12		256	3	72	1.30	2012-05-01	19114	\N	1	\N	alive
40465	P14	112	Arecaceae	Oenocarpus	mapora	oenoma	\N	1145	\N	0103	523	39.00000	71.50000	19.00000	11.50000	416724	515803	989678	20	12		268	4	74	1.30	2013-04-15	19463	\N	1	\N	alive
2413857	P14	112	Arecaceae	Oenocarpus	mapora	oenoma	\N	1145	\N	0103	523	39.00000	71.50000	19.00000	11.50000	416724	515803	989678	20	12	\N	278	5	74	1.30	2014-04-08	19821	\N	1	\N	alive
2404843	P14	112	Arecaceae	Oenocarpus	mapora	oenoma	\N	1145	\N	0200	631	40.90000	0.60000	0.90000	0.60000	416739	515819	989679	20	9	secondary	204	2	72	1.30	2010-11-15	18581	\N	1	\N	alive
52443	P14	112	Arecaceae	Oenocarpus	mapora	oenoma	\N	1145	\N	0200	631	40.90000	0.60000	0.90000	0.60000	416739	515819	989679	20	9		256	3	80	1.30	2012-05-01	19114	\N	1	\N	alive
46370	P14	112	Arecaceae	Oenocarpus	mapora	oenoma	\N	1145	\N	0200	631	40.90000	0.60000	0.90000	0.60000	416739	515819	989679	20	9		268	4	87	1.30	2013-04-15	19463	\N	1	\N	alive
2413896	P14	112	Arecaceae	Oenocarpus	mapora	oenoma	\N	1145	\N	0200	631	40.90000	0.60000	0.90000	0.60000	416739	515819	989679	20	9	\N	278	5	87	1.30	2014-04-09	19822	\N	1	\N	alive
62241	P14	112	Arecaceae	Oenocarpus	mapora	oenoma	\N	1145	\N	0102	460	21.40000	58.20000	1.40000	18.20000	416911	516554	989680	20	\N	secondary	123	1	60	1.30	1996-11-12	13465	\N	1	\N	alive
2404073	P14	112	Arecaceae	Oenocarpus	mapora	oenoma	\N	1145	\N	0102	460	35.10000	40.20000	15.10000	0.20000	416991	516638	989681	20	4	secondary	204	2	95	1.30	2010-11-10	18576	\N	1	\N	alive
41622	P14	112	Arecaceae	Oenocarpus	mapora	oenoma	\N	1145	\N	0102	460	35.10000	40.20000	15.10000	0.20000	416991	516638	989681	20	4		256	3	95	1.30	2012-05-01	19114	\N	1	\N	alive
36280	P14	112	Arecaceae	Oenocarpus	mapora	oenoma	\N	1145	\N	0102	460	35.10000	40.20000	15.10000	0.20000	416991	516638	989681	20	4		268	4	94	1.30	2013-04-15	19463	\N	1	\N	alive
2413818	P14	112	Arecaceae	Oenocarpus	mapora	oenoma	\N	1145	\N	0102	460	35.10000	40.20000	15.10000	0.20000	416991	516638	989681	20	4	\N	278	5	94	1.30	2014-04-08	19821	\N	1	\N	alive
2409745	P14	112	Arecaceae	Oenocarpus	mapora	oenoma	\N	1145	\N	0301	955	66.60000	22.20000	6.60000	2.20000	417280	517738	989682	20	11	secondary	204	2	62	1.30	2010-11-16	18582	\N	1	\N	alive
70581	P14	112	Arecaceae	Oenocarpus	mapora	oenoma	\N	1145	\N	0301	955	66.60000	22.20000	6.60000	2.20000	417280	517738	989682	20	11		256	3	74	1.30	2012-05-01	19114	\N	1	\N	alive
62332	P14	112	Arecaceae	Oenocarpus	mapora	oenoma	\N	1145	\N	0301	955	66.60000	22.20000	6.60000	2.20000	417280	517738	989682	20	11		268	4	76	1.30	2013-04-16	19464	\N	1	\N	alive
2414018	P14	112	Arecaceae	Oenocarpus	mapora	oenoma	\N	1145	\N	0301	955	66.60000	22.20000	6.60000	2.20000	417280	517738	989682	20	11	\N	278	5	77	1.30	2014-04-08	19821	\N	1	\N	alive
2398185	P14	112	Arecaceae	Oenocarpus	mapora	oenoma	\N	1145	\N	0003	208	10.24000	69.64000	10.24000	9.64000	482297	838583	989798	20	17	secondary	204	2	56	1.30	2010-11-16	18582	\N	1	\N	alive
22052	P14	112	Arecaceae	Oenocarpus	mapora	oenoma	\N	1145	\N	0003	208	10.24000	69.64000	10.24000	9.64000	482297	838583	989798	20	17		256	3	60	1.30	2012-05-01	19114	\N	1	\N	alive
17797	P14	112	Arecaceae	Oenocarpus	mapora	oenoma	\N	1145	\N	0003	208	10.24000	69.64000	10.24000	9.64000	482297	838583	989798	20	17		268	4	61	1.30	2013-04-15	19463	\N	1	\N	alive
2413663	P14	112	Arecaceae	Oenocarpus	mapora	oenoma	\N	1145	\N	0003	208	10.24000	69.64000	10.24000	9.64000	482297	838583	989798	20	17	\N	278	5	64	1.30	2014-04-09	19822	\N	1	\N	alive
2401498	P14	112	Arecaceae	Oenocarpus	mapora	oenoma	\N	1145	\N	0002	145	17.50000	48.20000	17.50000	8.20000	416665	515744	991741	21	8	secondary	204	2	84	1.30	2010-11-15	18581	\N	1	\N	alive
12403	P14	112	Arecaceae	Oenocarpus	mapora	oenoma	\N	1145	\N	0002	145	17.50000	48.20000	17.50000	8.20000	416665	515744	991741	21	8		256	3	83	1.30	2012-05-01	19114	\N	1	\N	alive
9379	P14	112	Arecaceae	Oenocarpus	mapora	oenoma	\N	1145	\N	0002	145	17.50000	48.20000	17.50000	8.20000	416665	515744	991741	21	8		268	4	83	1.30	2013-04-15	19463	\N	1	\N	alive
2413633	P14	112	Arecaceae	Oenocarpus	mapora	oenoma	\N	1145	\N	0002	145	17.50000	48.20000	17.50000	8.20000	416665	515744	991741	21	8	\N	278	5	84	1.30	2014-04-09	19822	\N	1	\N	alive
2401900	P14	112	Arecaceae	Oenocarpus	mapora	oenoma	\N	1145	\N	0100	334	34.90000	0.20000	14.90000	0.20000	416710	515789	991742	21	6	secondary	204	2	80	1.30	2010-11-15	18581	\N	1	\N	alive
31183	P14	112	Arecaceae	Oenocarpus	mapora	oenoma	\N	1145	\N	0100	334	34.90000	0.20000	14.90000	0.20000	416710	515789	991742	21	6		256	3	85	1.30	2012-05-01	19114	\N	1	\N	alive
24941	P14	112	Arecaceae	Oenocarpus	mapora	oenoma	\N	1145	\N	0100	334	34.90000	0.20000	14.90000	0.20000	416710	515789	991742	21	6		268	4	\N	0.00	2013-04-15	19463	lost	1	\N	stem dead
2413747	P14	112	Arecaceae	Oenocarpus	mapora	oenoma	\N	1145	\N	0100	334	34.90000	0.20000	14.90000	0.20000	416710	515789	991742	21	6	\N	278	5	\N	1.30	2014-04-08	19821	R	1	\N	broken below
2409461	P14	112	Arecaceae	Oenocarpus	mapora	oenoma	\N	1145	\N	0103	523	39.00000	71.50000	19.00000	11.50000	416724	515803	991743	21	13	NULL	204	2	69	1.30	2010-11-16	18582	\N	1	\N	alive
46485	P14	112	Arecaceae	Oenocarpus	mapora	oenoma	\N	1145	\N	0103	523	39.00000	71.50000	19.00000	11.50000	416724	515803	991743	21	13		256	3	71	1.30	2012-05-01	19114	\N	1	\N	alive
40595	P14	112	Arecaceae	Oenocarpus	mapora	oenoma	\N	1145	\N	0103	523	39.00000	71.50000	19.00000	11.50000	416724	515803	991743	21	13		268	4	76	1.30	2013-04-15	19463	\N	1	\N	alive
2413858	P14	112	Arecaceae	Oenocarpus	mapora	oenoma	\N	1145	\N	0103	523	39.00000	71.50000	19.00000	11.50000	416724	515803	991743	21	13	\N	278	5	77	1.30	2014-04-08	19821	\N	1	\N	alive
2404844	P14	112	Arecaceae	Oenocarpus	mapora	oenoma	\N	1145	\N	0200	631	40.90000	0.60000	0.90000	0.60000	416739	515819	991744	21	10	secondary	204	2	66	1.30	2010-11-15	18581	\N	1	\N	alive
52569	P14	112	Arecaceae	Oenocarpus	mapora	oenoma	\N	1145	\N	0200	631	40.90000	0.60000	0.90000	0.60000	416739	515819	991744	21	10		256	3	75	1.30	2012-05-01	19114	\N	1	\N	alive
46497	P14	112	Arecaceae	Oenocarpus	mapora	oenoma	\N	1145	\N	0200	631	40.90000	0.60000	0.90000	0.60000	416739	515819	991744	21	10		268	4	75	1.30	2013-04-15	19463	\N	1	\N	alive
2413887	P14	112	Arecaceae	Oenocarpus	mapora	oenoma	\N	1145	\N	0200	631	40.90000	0.60000	0.90000	0.60000	416739	515819	991744	21	10	\N	278	5	75	1.30	2014-04-09	19822	\N	1	\N	alive
62364	P14	112	Arecaceae	Oenocarpus	mapora	oenoma	\N	1145	\N	0102	460	21.40000	58.20000	1.40000	18.20000	416911	516554	991745	21	\N	secondary	123	1	52	1.30	1996-11-12	13465	\N	1	\N	alive
2404074	P14	112	Arecaceae	Oenocarpus	mapora	oenoma	\N	1145	\N	0102	460	35.10000	40.20000	15.10000	0.20000	416991	516638	991746	21		secondary	204	2	94	1.30	2010-11-10	18576	\N	1	\N	alive
2409746	P14	112	Arecaceae	Oenocarpus	mapora	oenoma	\N	1145	\N	0301	955	66.60000	22.20000	6.60000	2.20000	417280	517738	991747	21	12	secondary	204	2	59	1.30	2010-11-16	18582	\N	1	\N	alive
70702	P14	112	Arecaceae	Oenocarpus	mapora	oenoma	\N	1145	\N	0301	955	66.60000	22.20000	6.60000	2.20000	417280	517738	991747	21	12		256	3	73	1.30	2012-05-01	19114	\N	1	\N	alive
62455	P14	112	Arecaceae	Oenocarpus	mapora	oenoma	\N	1145	\N	0301	955	66.60000	22.20000	6.60000	2.20000	417280	517738	991747	21	12		268	4	81	1.30	2013-04-16	19464	\N	1	\N	alive
2414019	P14	112	Arecaceae	Oenocarpus	mapora	oenoma	\N	1145	\N	0301	955	66.60000	22.20000	6.60000	2.20000	417280	517738	991747	21	12	\N	278	5	81	1.30	2014-04-08	19821	\N	1	\N	alive
2398177	P14	112	Arecaceae	Oenocarpus	mapora	oenoma	\N	1145	\N	0003	208	10.24000	69.64000	10.24000	9.64000	482297	838583	991853	21		secondary	204	2	52	1.30	2010-11-16	18582	\N	1	\N	alive
22189	P14	112	Arecaceae	Oenocarpus	mapora	oenoma	\N	1145	\N	0003	208	10.24000	69.64000	10.24000	9.64000	482297	838583	991853	21			256	3	\N	0.00	2012-05-01	19114	C	1	\N	stem dead
2401499	P14	112	Arecaceae	Oenocarpus	mapora	oenoma	\N	1145	\N	0002	145	17.50000	48.20000	17.50000	8.20000	416665	515744	993569	22		secondary	204	2	83	1.30	2010-11-15	18581	\N	1	\N	alive
12541	P14	112	Arecaceae	Oenocarpus	mapora	oenoma	\N	1145	\N	0002	145	17.50000	48.20000	17.50000	8.20000	416665	515744	993569	22			256	3	\N	0.00	2012-05-01	19114	C	1	\N	stem dead
2401901	P14	112	Arecaceae	Oenocarpus	mapora	oenoma	\N	1145	\N	0100	334	34.90000	0.20000	14.90000	0.20000	416710	515789	993570	22	7	secondary	204	2	79	1.30	2010-11-15	18581	\N	1	\N	alive
31318	P14	112	Arecaceae	Oenocarpus	mapora	oenoma	\N	1145	\N	0100	334	34.90000	0.20000	14.90000	0.20000	416710	515789	993570	22	7		256	3	80	1.30	2012-05-01	19114	\N	1	\N	alive
25077	P14	112	Arecaceae	Oenocarpus	mapora	oenoma	\N	1145	\N	0100	334	34.90000	0.20000	14.90000	0.20000	416710	515789	993570	22	7		268	4	82	1.30	2013-04-15	19463	\N	1	\N	alive
2413748	P14	112	Arecaceae	Oenocarpus	mapora	oenoma	\N	1145	\N	0100	334	34.90000	0.20000	14.90000	0.20000	416710	515789	993570	22	7	\N	278	5	82	1.30	2014-04-08	19821	\N	1	\N	alive
100436	P14	112	Arecaceae	Oenocarpus	mapora	oenoma	\N	1145	\N	0103	523	39.00000	71.50000	19.00000	11.50000	416724	515803	993571	22	14		256	3	70	1.30	2012-05-01	19114	\N	1	\N	alive
40725	P14	112	Arecaceae	Oenocarpus	mapora	oenoma	\N	1145	\N	0103	523	39.00000	71.50000	19.00000	11.50000	416724	515803	993571	22	14		268	4	71	1.30	2013-04-15	19463	\N	1	\N	alive
2413859	P14	112	Arecaceae	Oenocarpus	mapora	oenoma	\N	1145	\N	0103	523	39.00000	71.50000	19.00000	11.50000	416724	515803	993571	22	14	\N	278	5	72	1.30	2014-04-08	19821	\N	1	\N	alive
89360	P14	112	Arecaceae	Oenocarpus	mapora	oenoma	\N	1145	\N	0200	631	40.90000	0.60000	0.90000	0.60000	416739	515819	993572	22	11		268	4	65	1.30	2013-04-15	19463	\N	1	\N	alive
2413888	P14	112	Arecaceae	Oenocarpus	mapora	oenoma	\N	1145	\N	0200	631	40.90000	0.60000	0.90000	0.60000	416739	515819	993572	22	11	\N	278	5	67	1.30	2014-04-09	19822	\N	1	\N	alive
62487	P14	112	Arecaceae	Oenocarpus	mapora	oenoma	\N	1145	\N	0102	460	21.40000	58.20000	1.40000	18.20000	416911	516554	993573	22	\N	secondary	123	1	44	1.30	1996-11-12	13465	\N	1	\N	alive
2404075	P14	112	Arecaceae	Oenocarpus	mapora	oenoma	\N	1145	\N	0102	460	35.10000	40.20000	15.10000	0.20000	416991	516638	993574	22	5	secondary	204	2	92	1.30	2010-11-10	18576	\N	1	\N	alive
41751	P14	112	Arecaceae	Oenocarpus	mapora	oenoma	\N	1145	\N	0102	460	35.10000	40.20000	15.10000	0.20000	416991	516638	993574	22	5		256	3	93	1.30	2012-05-01	19114	\N	1	\N	alive
36412	P14	112	Arecaceae	Oenocarpus	mapora	oenoma	\N	1145	\N	0102	460	35.10000	40.20000	15.10000	0.20000	416991	516638	993574	22	5		268	4	96	1.30	2013-04-15	19463	\N	1	\N	alive
2413819	P14	112	Arecaceae	Oenocarpus	mapora	oenoma	\N	1145	\N	0102	460	35.10000	40.20000	15.10000	0.20000	416991	516638	993574	22	5	\N	278	5	98	1.30	2014-04-08	19821	\N	1	\N	alive
2409747	P14	112	Arecaceae	Oenocarpus	mapora	oenoma	\N	1145	\N	0301	955	66.60000	22.20000	6.60000	2.20000	417280	517738	993575	22	13	secondary	204	2	49	1.30	2010-11-16	18582	\N	1	\N	alive
70823	P14	112	Arecaceae	Oenocarpus	mapora	oenoma	\N	1145	\N	0301	955	66.60000	22.20000	6.60000	2.20000	417280	517738	993575	22	13		256	3	69	1.30	2012-05-01	19114	\N	1	\N	alive
62578	P14	112	Arecaceae	Oenocarpus	mapora	oenoma	\N	1145	\N	0301	955	66.60000	22.20000	6.60000	2.20000	417280	517738	993575	22	13		268	4	70	1.30	2013-04-16	19464	\N	1	\N	alive
2414020	P14	112	Arecaceae	Oenocarpus	mapora	oenoma	\N	1145	\N	0301	955	66.60000	22.20000	6.60000	2.20000	417280	517738	993575	22	13	\N	278	5	71	1.30	2014-04-08	19821	\N	1	\N	alive
2409162	P14	112	Arecaceae	Oenocarpus	mapora	oenoma	\N	1145	\N	0002	145	17.50000	48.20000	17.50000	8.20000	416665	515744	995226	23		secondary	204	2	83	1.30	2010-11-16	18582	\N	1	\N	alive
12679	P14	112	Arecaceae	Oenocarpus	mapora	oenoma	\N	1145	\N	0002	145	17.50000	48.20000	17.50000	8.20000	416665	515744	995226	23			256	3	\N	0.00	2012-05-01	19114	C	1	\N	stem dead
2401902	P14	112	Arecaceae	Oenocarpus	mapora	oenoma	\N	1145	\N	0100	334	34.90000	0.20000	14.90000	0.20000	416710	515789	995227	23	8	secondary	204	2	79	1.30	2010-11-15	18581	\N	1	\N	alive
31453	P14	112	Arecaceae	Oenocarpus	mapora	oenoma	\N	1145	\N	0100	334	34.90000	0.20000	14.90000	0.20000	416710	515789	995227	23	8		256	3	80	1.30	2012-05-01	19114	\N	1	\N	alive
25214	P14	112	Arecaceae	Oenocarpus	mapora	oenoma	\N	1145	\N	0100	334	34.90000	0.20000	14.90000	0.20000	416710	515789	995227	23	8		268	4	80	1.30	2013-04-15	19463	\N	1	\N	alive
2413749	P14	112	Arecaceae	Oenocarpus	mapora	oenoma	\N	1145	\N	0100	334	34.90000	0.20000	14.90000	0.20000	416710	515789	995227	23	8	\N	278	5	81	1.30	2014-04-08	19821	\N	1	\N	alive
100531	P14	112	Arecaceae	Oenocarpus	mapora	oenoma	\N	1145	\N	0103	523	39.00000	71.50000	19.00000	11.50000	416724	515803	995228	23	15		256	3	70	1.30	2012-05-01	19114	\N	1	\N	alive
40855	P14	112	Arecaceae	Oenocarpus	mapora	oenoma	\N	1145	\N	0103	523	39.00000	71.50000	19.00000	11.50000	416724	515803	995228	23	15		268	4	\N	0.00	2013-04-15	19463	lost	1	\N	stem dead
2413860	P14	112	Arecaceae	Oenocarpus	mapora	oenoma	\N	1145	\N	0103	523	39.00000	71.50000	19.00000	11.50000	416724	515803	995228	23	15	\N	278	5	\N	1.30	2014-04-08	19821	R	1	\N	broken below
2403966	P14	112	Arecaceae	Oenocarpus	mapora	oenoma	\N	1145	\N	0102	460	21.40000	58.20000	1.40000	18.20000	416911	516554	995229	23	1	main	204	2	109	1.30	2010-11-10	18576	\N	1	\N	alive
36796	P14	112	Arecaceae	Oenocarpus	mapora	oenoma	\N	1145	\N	0102	460	21.40000	58.20000	1.40000	18.20000	416911	516554	995229	23	1		256	3	110	1.30	2012-05-01	19114	\N	1	\N	alive
31195	P14	112	Arecaceae	Oenocarpus	mapora	oenoma	\N	1145	\N	0102	460	21.40000	58.20000	1.40000	18.20000	416911	516554	995229	23	1		268	4	112	1.30	2013-04-15	19463	\N	1	\N	alive
2413780	P14	112	Arecaceae	Oenocarpus	mapora	oenoma	\N	1145	\N	0102	460	21.40000	58.20000	1.40000	18.20000	416911	516554	995229	23	1	\N	278	5	112	1.30	2014-04-08	19821	\N	1	\N	alive
2422310	P14	112	Arecaceae	Oenocarpus	mapora	oenoma	\N	1145	\N	0102	460	21.40000	58.20000	1.40000	18.20000	416911	516554	995229	23	1	\N	286	6	\N	1.30	2015-06-24	20263	R	1	\N	broken below
2404076	P14	112	Arecaceae	Oenocarpus	mapora	oenoma	\N	1145	\N	0102	460	35.10000	40.20000	15.10000	0.20000	416991	516638	995230	23	6	secondary	204	2	84	1.30	2010-11-10	18576	\N	1	\N	alive
41880	P14	112	Arecaceae	Oenocarpus	mapora	oenoma	\N	1145	\N	0102	460	35.10000	40.20000	15.10000	0.20000	416991	516638	995230	23	6		256	3	84	1.30	2012-05-01	19114	\N	1	\N	alive
36544	P14	112	Arecaceae	Oenocarpus	mapora	oenoma	\N	1145	\N	0102	460	35.10000	40.20000	15.10000	0.20000	416991	516638	995230	23	6		268	4	93	1.30	2013-04-15	19463	\N	1	\N	alive
2413820	P14	112	Arecaceae	Oenocarpus	mapora	oenoma	\N	1145	\N	0102	460	35.10000	40.20000	15.10000	0.20000	416991	516638	995230	23	6	\N	278	5	98	1.30	2014-04-08	19821	\N	1	\N	alive
101196	P14	112	Arecaceae	Oenocarpus	mapora	oenoma	\N	1145	\N	0301	955	66.60000	22.20000	6.60000	2.20000	417280	517738	995231	23	14		256	3	60	1.30	2012-05-01	19114	\N	1	\N	alive
62701	P14	112	Arecaceae	Oenocarpus	mapora	oenoma	\N	1145	\N	0301	955	66.60000	22.20000	6.60000	2.20000	417280	517738	995231	23	14		268	4	59	1.30	2013-04-16	19464	\N	1	\N	alive
2414021	P14	112	Arecaceae	Oenocarpus	mapora	oenoma	\N	1145	\N	0301	955	66.60000	22.20000	6.60000	2.20000	417280	517738	995231	23	14	\N	278	5	59	1.30	2014-04-08	19821	\N	1	\N	alive
2409163	P14	112	Arecaceae	Oenocarpus	mapora	oenoma	\N	1145	\N	0002	145	17.50000	48.20000	17.50000	8.20000	416665	515744	996736	24	9	secondary	204	2	78	1.30	2010-11-16	18582	\N	1	\N	alive
12817	P14	112	Arecaceae	Oenocarpus	mapora	oenoma	\N	1145	\N	0002	145	17.50000	48.20000	17.50000	8.20000	416665	515744	996736	24	9		256	3	80	1.30	2012-05-01	19114	\N	1	\N	alive
9517	P14	112	Arecaceae	Oenocarpus	mapora	oenoma	\N	1145	\N	0002	145	17.50000	48.20000	17.50000	8.20000	416665	515744	996736	24	9		268	4	\N	0.00	2013-04-15	19463	lost	1	\N	stem dead
2413634	P14	112	Arecaceae	Oenocarpus	mapora	oenoma	\N	1145	\N	0002	145	17.50000	48.20000	17.50000	8.20000	416665	515744	996736	24	9	\N	278	5	\N	\N	2014-04-09	19822	R	1	\N	broken below
2401903	P14	112	Arecaceae	Oenocarpus	mapora	oenoma	\N	1145	\N	0100	334	34.90000	0.20000	14.90000	0.20000	416710	515789	996737	24	9	secondary	204	2	76	1.30	2010-11-15	18581	\N	1	\N	alive
31588	P14	112	Arecaceae	Oenocarpus	mapora	oenoma	\N	1145	\N	0100	334	34.90000	0.20000	14.90000	0.20000	416710	515789	996737	24	9		256	3	79	1.30	2012-05-01	19114	\N	1	\N	alive
25350	P14	112	Arecaceae	Oenocarpus	mapora	oenoma	\N	1145	\N	0100	334	34.90000	0.20000	14.90000	0.20000	416710	515789	996737	24	9		268	4	84	1.30	2013-04-15	19463	\N	1	\N	alive
2413750	P14	112	Arecaceae	Oenocarpus	mapora	oenoma	\N	1145	\N	0100	334	34.90000	0.20000	14.90000	0.20000	416710	515789	996737	24	9	\N	278	5	84	1.30	2014-04-08	19821	\N	1	\N	alive
2403967	P14	112	Arecaceae	Oenocarpus	mapora	oenoma	\N	1145	\N	0102	460	21.40000	58.20000	1.40000	18.20000	416911	516554	996738	24	2	secondary	204	2	94	1.30	2010-11-10	18576	\N	1	\N	alive
36927	P14	112	Arecaceae	Oenocarpus	mapora	oenoma	\N	1145	\N	0102	460	21.40000	58.20000	1.40000	18.20000	416911	516554	996738	24	2		256	3	94	1.30	2012-05-01	19114	\N	1	\N	alive
31330	P14	112	Arecaceae	Oenocarpus	mapora	oenoma	\N	1145	\N	0102	460	21.40000	58.20000	1.40000	18.20000	416911	516554	996738	24	2		268	4	95	1.30	2013-04-15	19463	\N	1	\N	alive
2413782	P14	112	Arecaceae	Oenocarpus	mapora	oenoma	\N	1145	\N	0102	460	21.40000	58.20000	1.40000	18.20000	416911	516554	996738	24	2	\N	278	5	95	1.30	2014-04-08	19821	\N	1	\N	alive
2404077	P14	112	Arecaceae	Oenocarpus	mapora	oenoma	\N	1145	\N	0102	460	35.10000	40.20000	15.10000	0.20000	416991	516638	996739	24	7	secondary	204	2	77	1.30	2010-11-10	18576	\N	1	\N	alive
42009	P14	112	Arecaceae	Oenocarpus	mapora	oenoma	\N	1145	\N	0102	460	35.10000	40.20000	15.10000	0.20000	416991	516638	996739	24	7		256	3	77	1.30	2012-05-01	19114	\N	1	\N	alive
36676	P14	112	Arecaceae	Oenocarpus	mapora	oenoma	\N	1145	\N	0102	460	35.10000	40.20000	15.10000	0.20000	416991	516638	996739	24	7		268	4	82	1.30	2013-04-15	19463	\N	1	\N	alive
2413821	P14	112	Arecaceae	Oenocarpus	mapora	oenoma	\N	1145	\N	0102	460	35.10000	40.20000	15.10000	0.20000	416991	516638	996739	24	7	\N	278	5	82	1.30	2014-04-08	19821	\N	1	\N	alive
101291	P14	112	Arecaceae	Oenocarpus	mapora	oenoma	\N	1145	\N	0301	955	66.60000	22.20000	6.60000	2.20000	417280	517738	996740	24	15		256	3	52	1.30	2012-05-01	19114	\N	1	\N	alive
62824	P14	112	Arecaceae	Oenocarpus	mapora	oenoma	\N	1145	\N	0301	955	66.60000	22.20000	6.60000	2.20000	417280	517738	996740	24	15		268	4	52	1.30	2013-04-16	19464	\N	1	\N	alive
2414022	P14	112	Arecaceae	Oenocarpus	mapora	oenoma	\N	1145	\N	0301	955	66.60000	22.20000	6.60000	2.20000	417280	517738	996740	24	15	\N	278	5	53	1.30	2014-04-08	19821	\N	1	\N	alive
2409164	P14	112	Arecaceae	Oenocarpus	mapora	oenoma	\N	1145	\N	0002	145	17.50000	48.20000	17.50000	8.20000	416665	515744	998123	25	10	secondary	204	2	74	1.30	2010-11-16	18582	\N	1	\N	alive
12955	P14	112	Arecaceae	Oenocarpus	mapora	oenoma	\N	1145	\N	0002	145	17.50000	48.20000	17.50000	8.20000	416665	515744	998123	25	10		256	3	77	1.30	2012-05-01	19114	\N	1	\N	alive
9655	P14	112	Arecaceae	Oenocarpus	mapora	oenoma	\N	1145	\N	0002	145	17.50000	48.20000	17.50000	8.20000	416665	515744	998123	25	10		268	4	\N	0.00	2013-04-15	19463	lost	1	\N	stem dead
2413623	P14	112	Arecaceae	Oenocarpus	mapora	oenoma	\N	1145	\N	0002	145	17.50000	48.20000	17.50000	8.20000	416665	515744	998123	25	10	\N	278	5	\N	\N	2014-04-09	19822	R	1	\N	broken below
2401904	P14	112	Arecaceae	Oenocarpus	mapora	oenoma	\N	1145	\N	0100	334	34.90000	0.20000	14.90000	0.20000	416710	515789	998124	25	10	secondary	204	2	76	1.30	2010-11-15	18581	\N	1	\N	alive
31723	P14	112	Arecaceae	Oenocarpus	mapora	oenoma	\N	1145	\N	0100	334	34.90000	0.20000	14.90000	0.20000	416710	515789	998124	25	10		256	3	77	1.30	2012-05-01	19114	\N	1	\N	alive
25487	P14	112	Arecaceae	Oenocarpus	mapora	oenoma	\N	1145	\N	0100	334	34.90000	0.20000	14.90000	0.20000	416710	515789	998124	25	10		268	4	79	1.30	2013-04-15	19463	\N	1	\N	alive
2413739	P14	112	Arecaceae	Oenocarpus	mapora	oenoma	\N	1145	\N	0100	334	34.90000	0.20000	14.90000	0.20000	416710	515789	998124	25	10	\N	278	5	82	1.30	2014-04-08	19821	\N	1	\N	alive
2403968	P14	112	Arecaceae	Oenocarpus	mapora	oenoma	\N	1145	\N	0102	460	21.40000	58.20000	1.40000	18.20000	416911	516554	998125	25	3	secondary	204	2	93	1.30	2010-11-10	18576	\N	1	\N	alive
37058	P14	112	Arecaceae	Oenocarpus	mapora	oenoma	\N	1145	\N	0102	460	21.40000	58.20000	1.40000	18.20000	416911	516554	998125	25	3		256	3	93	1.30	2012-05-01	19114	\N	1	\N	alive
31465	P14	112	Arecaceae	Oenocarpus	mapora	oenoma	\N	1145	\N	0102	460	21.40000	58.20000	1.40000	18.20000	416911	516554	998125	25	3		268	4	93	1.30	2013-04-15	19463	\N	1	\N	alive
2413783	P14	112	Arecaceae	Oenocarpus	mapora	oenoma	\N	1145	\N	0102	460	21.40000	58.20000	1.40000	18.20000	416911	516554	998125	25	3	\N	278	5	93	1.30	2014-04-08	19821	\N	1	\N	alive
2404078	P14	112	Arecaceae	Oenocarpus	mapora	oenoma	\N	1145	\N	0102	460	35.10000	40.20000	15.10000	0.20000	416991	516638	998126	25	8	secondary	204	2	73	1.30	2010-11-10	18576	\N	1	\N	alive
42138	P14	112	Arecaceae	Oenocarpus	mapora	oenoma	\N	1145	\N	0102	460	35.10000	40.20000	15.10000	0.20000	416991	516638	998126	25	8		256	3	74	1.30	2012-05-01	19114	\N	1	\N	alive
36808	P14	112	Arecaceae	Oenocarpus	mapora	oenoma	\N	1145	\N	0102	460	35.10000	40.20000	15.10000	0.20000	416991	516638	998126	25	8		268	4	98	1.30	2013-04-15	19463	\N	1	\N	alive
2413822	P14	112	Arecaceae	Oenocarpus	mapora	oenoma	\N	1145	\N	0102	460	35.10000	40.20000	15.10000	0.20000	416991	516638	998126	25	8	\N	278	5	99	1.30	2014-04-08	19821	\N	1	\N	alive
2422325	P14	112	Arecaceae	Oenocarpus	mapora	oenoma	\N	1145	\N	0102	460	35.10000	40.20000	15.10000	0.20000	416991	516638	998126	25	8	\N	286	6	100	1.30	2015-06-24	20263	\N	1	\N	alive
101386	P14	112	Arecaceae	Oenocarpus	mapora	oenoma	\N	1145	\N	0301	955	66.60000	22.20000	6.60000	2.20000	417280	517738	998127	25	16		256	3	50	1.30	2012-05-01	19114	\N	1	\N	alive
62947	P14	112	Arecaceae	Oenocarpus	mapora	oenoma	\N	1145	\N	0301	955	66.60000	22.20000	6.60000	2.20000	417280	517738	998127	25	16		268	4	50	1.30	2013-04-16	19464	\N	1	\N	alive
2414023	P14	112	Arecaceae	Oenocarpus	mapora	oenoma	\N	1145	\N	0301	955	66.60000	22.20000	6.60000	2.20000	417280	517738	998127	25	16	\N	278	5	50	1.30	2014-04-08	19821	\N	1	\N	alive
2409165	P14	112	Arecaceae	Oenocarpus	mapora	oenoma	\N	1145	\N	0002	145	17.50000	48.20000	17.50000	8.20000	416665	515744	999403	26	11	secondary	204	2	73	1.30	2010-11-16	18582	\N	1	\N	alive
13093	P14	112	Arecaceae	Oenocarpus	mapora	oenoma	\N	1145	\N	0002	145	17.50000	48.20000	17.50000	8.20000	416665	515744	999403	26	11		256	3	75	1.30	2012-05-01	19114	\N	1	\N	alive
9793	P14	112	Arecaceae	Oenocarpus	mapora	oenoma	\N	1145	\N	0002	145	17.50000	48.20000	17.50000	8.20000	416665	515744	999403	26	11		268	4	\N	0.00	2013-04-15	19463	lost	1	\N	stem dead
2413624	P14	112	Arecaceae	Oenocarpus	mapora	oenoma	\N	1145	\N	0002	145	17.50000	48.20000	17.50000	8.20000	416665	515744	999403	26	11	\N	278	5	\N	\N	2014-04-09	19822	R	1	\N	broken below
2401905	P14	112	Arecaceae	Oenocarpus	mapora	oenoma	\N	1145	\N	0100	334	34.90000	0.20000	14.90000	0.20000	416710	515789	999404	26	11	secondary	204	2	71	1.30	2010-11-15	18581	\N	1	\N	alive
31858	P14	112	Arecaceae	Oenocarpus	mapora	oenoma	\N	1145	\N	0100	334	34.90000	0.20000	14.90000	0.20000	416710	515789	999404	26	11		256	3	73	1.30	2012-05-01	19114	\N	1	\N	alive
25624	P14	112	Arecaceae	Oenocarpus	mapora	oenoma	\N	1145	\N	0100	334	34.90000	0.20000	14.90000	0.20000	416710	515789	999404	26	11		268	4	76	1.30	2013-04-15	19463	\N	1	\N	alive
2413740	P14	112	Arecaceae	Oenocarpus	mapora	oenoma	\N	1145	\N	0100	334	34.90000	0.20000	14.90000	0.20000	416710	515789	999404	26	11	\N	278	5	76	1.30	2014-04-08	19821	\N	1	\N	alive
2403969	P14	112	Arecaceae	Oenocarpus	mapora	oenoma	\N	1145	\N	0102	460	21.40000	58.20000	1.40000	18.20000	416911	516554	999405	26	4	secondary	204	2	93	1.30	2010-11-10	18576	\N	1	\N	alive
37189	P14	112	Arecaceae	Oenocarpus	mapora	oenoma	\N	1145	\N	0102	460	21.40000	58.20000	1.40000	18.20000	416911	516554	999405	26	4		256	3	93	1.30	2012-05-01	19114	\N	1	\N	alive
31600	P14	112	Arecaceae	Oenocarpus	mapora	oenoma	\N	1145	\N	0102	460	21.40000	58.20000	1.40000	18.20000	416911	516554	999405	26	4		268	4	93	1.30	2013-04-15	19463	\N	1	\N	alive
2413784	P14	112	Arecaceae	Oenocarpus	mapora	oenoma	\N	1145	\N	0102	460	21.40000	58.20000	1.40000	18.20000	416911	516554	999405	26	4	\N	278	5	94	1.30	2014-04-08	19821	\N	1	\N	alive
2409410	P14	112	Arecaceae	Oenocarpus	mapora	oenoma	\N	1145	\N	0102	460	35.10000	40.20000	15.10000	0.20000	416991	516638	999406	26	9	NULL	204	2	69	1.30	2010-11-10	18576	\N	1	\N	alive
42266	P14	112	Arecaceae	Oenocarpus	mapora	oenoma	\N	1145	\N	0102	460	35.10000	40.20000	15.10000	0.20000	416991	516638	999406	26	9		256	3	70	1.30	2012-05-01	19114	\N	1	\N	alive
36939	P14	112	Arecaceae	Oenocarpus	mapora	oenoma	\N	1145	\N	0102	460	35.10000	40.20000	15.10000	0.20000	416991	516638	999406	26	9		268	4	69	1.30	2013-04-15	19463	\N	1	\N	alive
2413823	P14	112	Arecaceae	Oenocarpus	mapora	oenoma	\N	1145	\N	0102	460	35.10000	40.20000	15.10000	0.20000	416991	516638	999406	26	9	\N	278	5	69	1.30	2014-04-08	19821	\N	1	\N	alive
89675	P14	112	Arecaceae	Oenocarpus	mapora	oenoma	\N	1145	\N	0301	955	66.60000	22.20000	6.60000	2.20000	417280	517738	999407	26	17		268	4	64	1.30	2013-04-16	19464	\N	1	\N	alive
2414024	P14	112	Arecaceae	Oenocarpus	mapora	oenoma	\N	1145	\N	0301	955	66.60000	22.20000	6.60000	2.20000	417280	517738	999407	26	17	\N	278	5	64	1.30	2014-04-08	19821	\N	1	\N	alive
2409166	P14	112	Arecaceae	Oenocarpus	mapora	oenoma	\N	1145	\N	0002	145	17.50000	48.20000	17.50000	8.20000	416665	515744	1000598	27		secondary	204	2	59	1.30	2010-11-16	18582	\N	1	\N	alive
13231	P14	112	Arecaceae	Oenocarpus	mapora	oenoma	\N	1145	\N	0002	145	17.50000	48.20000	17.50000	8.20000	416665	515744	1000598	27			256	3	\N	0.00	2012-05-01	19114	C	1	\N	stem dead
2409209	P14	112	Arecaceae	Oenocarpus	mapora	oenoma	\N	1145	\N	0100	334	34.90000	0.20000	14.90000	0.20000	416710	515789	1000599	27	12	secondary	204	2	68	1.30	2010-11-15	18581	\N	1	\N	alive
31993	P14	112	Arecaceae	Oenocarpus	mapora	oenoma	\N	1145	\N	0100	334	34.90000	0.20000	14.90000	0.20000	416710	515789	1000599	27	12		256	3	69	1.30	2012-05-01	19114	\N	1	\N	alive
25761	P14	112	Arecaceae	Oenocarpus	mapora	oenoma	\N	1145	\N	0100	334	34.90000	0.20000	14.90000	0.20000	416710	515789	1000599	27	12		268	4	69	1.30	2013-04-15	19463	\N	1	\N	alive
2413741	P14	112	Arecaceae	Oenocarpus	mapora	oenoma	\N	1145	\N	0100	334	34.90000	0.20000	14.90000	0.20000	416710	515789	1000599	27	12	\N	278	5	69	1.30	2014-04-08	19821	\N	1	\N	alive
2403970	P14	112	Arecaceae	Oenocarpus	mapora	oenoma	\N	1145	\N	0102	460	21.40000	58.20000	1.40000	18.20000	416911	516554	1000600	27	5	secondary	204	2	90	1.30	2010-11-10	18576	\N	1	\N	alive
37320	P14	112	Arecaceae	Oenocarpus	mapora	oenoma	\N	1145	\N	0102	460	21.40000	58.20000	1.40000	18.20000	416911	516554	1000600	27	5		256	3	92	1.30	2012-05-01	19114	\N	1	\N	alive
31735	P14	112	Arecaceae	Oenocarpus	mapora	oenoma	\N	1145	\N	0102	460	21.40000	58.20000	1.40000	18.20000	416911	516554	1000600	27	5		268	4	92	1.30	2013-04-15	19463	\N	1	\N	alive
2413785	P14	112	Arecaceae	Oenocarpus	mapora	oenoma	\N	1145	\N	0102	460	21.40000	58.20000	1.40000	18.20000	416911	516554	1000600	27	5	\N	278	5	92	1.30	2014-04-08	19821	\N	1	\N	alive
2409411	P14	112	Arecaceae	Oenocarpus	mapora	oenoma	\N	1145	\N	0102	460	35.10000	40.20000	15.10000	0.20000	416991	516638	1000601	27	10	NULL	204	2	62	1.30	2010-11-10	18576	\N	1	\N	alive
42394	P14	112	Arecaceae	Oenocarpus	mapora	oenoma	\N	1145	\N	0102	460	35.10000	40.20000	15.10000	0.20000	416991	516638	1000601	27	10		256	3	62	1.30	2012-05-01	19114	\N	1	\N	alive
37070	P14	112	Arecaceae	Oenocarpus	mapora	oenoma	\N	1145	\N	0102	460	35.10000	40.20000	15.10000	0.20000	416991	516638	1000601	27	10		268	4	71	1.30	2013-04-15	19463	\N	1	\N	alive
2413813	P14	112	Arecaceae	Oenocarpus	mapora	oenoma	\N	1145	\N	0102	460	35.10000	40.20000	15.10000	0.20000	416991	516638	1000601	27	10	\N	278	5	74	1.30	2014-04-08	19821	\N	1	\N	alive
2409167	P14	112	Arecaceae	Oenocarpus	mapora	oenoma	\N	1145	\N	0002	145	17.50000	48.20000	17.50000	8.20000	416665	515744	1001710	28		secondary	204	2	53	1.30	2010-11-16	18582	\N	1	\N	alive
13369	P14	112	Arecaceae	Oenocarpus	mapora	oenoma	\N	1145	\N	0002	145	17.50000	48.20000	17.50000	8.20000	416665	515744	1001710	28			256	3	\N	0.00	2012-05-01	19114	C	1	\N	stem dead
2409210	P14	112	Arecaceae	Oenocarpus	mapora	oenoma	\N	1145	\N	0100	334	34.90000	0.20000	14.90000	0.20000	416710	515789	1001711	28	13	secondary	204	2	62	1.30	2010-11-15	18581	\N	1	\N	alive
32128	P14	112	Arecaceae	Oenocarpus	mapora	oenoma	\N	1145	\N	0100	334	34.90000	0.20000	14.90000	0.20000	416710	515789	1001711	28	13		256	3	62	1.30	2012-05-01	19114	\N	1	\N	alive
25898	P14	112	Arecaceae	Oenocarpus	mapora	oenoma	\N	1145	\N	0100	334	34.90000	0.20000	14.90000	0.20000	416710	515789	1001711	28	13		268	4	71	1.30	2013-04-15	19463	\N	1	\N	alive
2413742	P14	112	Arecaceae	Oenocarpus	mapora	oenoma	\N	1145	\N	0100	334	34.90000	0.20000	14.90000	0.20000	416710	515789	1001711	28	13	\N	278	5	72	1.30	2014-04-08	19821	\N	1	\N	alive
2403971	P14	112	Arecaceae	Oenocarpus	mapora	oenoma	\N	1145	\N	0102	460	21.40000	58.20000	1.40000	18.20000	416911	516554	1001712	28	6	secondary	204	2	86	1.30	2010-11-10	18576	\N	1	\N	alive
37451	P14	112	Arecaceae	Oenocarpus	mapora	oenoma	\N	1145	\N	0102	460	21.40000	58.20000	1.40000	18.20000	416911	516554	1001712	28	6		256	3	88	1.30	2012-05-01	19114	\N	1	\N	alive
31870	P14	112	Arecaceae	Oenocarpus	mapora	oenoma	\N	1145	\N	0102	460	21.40000	58.20000	1.40000	18.20000	416911	516554	1001712	28	6		268	4	90	1.30	2013-04-15	19463	\N	1	\N	alive
2413786	P14	112	Arecaceae	Oenocarpus	mapora	oenoma	\N	1145	\N	0102	460	21.40000	58.20000	1.40000	18.20000	416911	516554	1001712	28	6	\N	278	5	91	1.30	2014-04-08	19821	\N	1	\N	alive
2409412	P14	112	Arecaceae	Oenocarpus	mapora	oenoma	\N	1145	\N	0102	460	35.10000	40.20000	15.10000	0.20000	416991	516638	1001713	28	11	NULL	204	2	62	1.30	2010-11-10	18576	\N	1	\N	alive
42522	P14	112	Arecaceae	Oenocarpus	mapora	oenoma	\N	1145	\N	0102	460	35.10000	40.20000	15.10000	0.20000	416991	516638	1001713	28	11		256	3	62	1.30	2012-05-01	19114	\N	1	\N	alive
37201	P14	112	Arecaceae	Oenocarpus	mapora	oenoma	\N	1145	\N	0102	460	35.10000	40.20000	15.10000	0.20000	416991	516638	1001713	28	11		268	4	63	1.30	2013-04-15	19463	\N	1	\N	alive
2413814	P14	112	Arecaceae	Oenocarpus	mapora	oenoma	\N	1145	\N	0102	460	35.10000	40.20000	15.10000	0.20000	416991	516638	1001713	28	11	\N	278	5	64	1.30	2014-04-08	19821	\N	1	\N	alive
2409168	P14	112	Arecaceae	Oenocarpus	mapora	oenoma	\N	1145	\N	0002	145	17.50000	48.20000	17.50000	8.20000	416665	515744	1002778	29		secondary	204	2	46	1.30	2010-11-16	18582	\N	1	\N	alive
13507	P14	112	Arecaceae	Oenocarpus	mapora	oenoma	\N	1145	\N	0002	145	17.50000	48.20000	17.50000	8.20000	416665	515744	1002778	29			256	3	\N	0.00	2012-05-01	19114	C	1	\N	stem dead
2403972	P14	112	Arecaceae	Oenocarpus	mapora	oenoma	\N	1145	\N	0102	460	21.40000	58.20000	1.40000	18.20000	416911	516554	1002779	29	7	secondary	204	2	85	1.30	2010-11-10	18576	\N	1	\N	alive
37581	P14	112	Arecaceae	Oenocarpus	mapora	oenoma	\N	1145	\N	0102	460	21.40000	58.20000	1.40000	18.20000	416911	516554	1002779	29	7		256	3	85	1.30	2012-05-01	19114	\N	1	\N	alive
32005	P14	112	Arecaceae	Oenocarpus	mapora	oenoma	\N	1145	\N	0102	460	21.40000	58.20000	1.40000	18.20000	416911	516554	1002779	29	7		268	4	\N	0.00	2013-04-15	19463	lost	1	\N	stem dead
2413787	P14	112	Arecaceae	Oenocarpus	mapora	oenoma	\N	1145	\N	0102	460	21.40000	58.20000	1.40000	18.20000	416911	516554	1002779	29	7	\N	278	5	\N	1.30	2014-04-08	19821	R	1	\N	broken below
2409413	P14	112	Arecaceae	Oenocarpus	mapora	oenoma	\N	1145	\N	0102	460	35.10000	40.20000	15.10000	0.20000	416991	516638	1002780	29	12	NULL	204	2	52	1.30	2010-11-10	18576	\N	1	\N	alive
42650	P14	112	Arecaceae	Oenocarpus	mapora	oenoma	\N	1145	\N	0102	460	35.10000	40.20000	15.10000	0.20000	416991	516638	1002780	29	12		256	3	52	1.30	2012-05-01	19114	\N	1	\N	alive
37332	P14	112	Arecaceae	Oenocarpus	mapora	oenoma	\N	1145	\N	0102	460	35.10000	40.20000	15.10000	0.20000	416991	516638	1002780	29	12		268	4	53	1.30	2013-04-15	19463	\N	1	\N	alive
2413815	P14	112	Arecaceae	Oenocarpus	mapora	oenoma	\N	1145	\N	0102	460	35.10000	40.20000	15.10000	0.20000	416991	516638	1002780	29	12	\N	278	5	53	1.30	2014-04-08	19821	\N	1	\N	alive
88620	P14	112	Arecaceae	Oenocarpus	mapora	oenoma	\N	1145	\N	0002	145	17.50000	48.20000	17.50000	8.20000	416665	515744	1003772	30	12		268	4	59	1.30	2013-04-15	19463	\N	1	\N	alive
2413625	P14	112	Arecaceae	Oenocarpus	mapora	oenoma	\N	1145	\N	0002	145	17.50000	48.20000	17.50000	8.20000	416665	515744	1003772	30	12	\N	278	5	62	1.30	2014-04-09	19822	\N	1	\N	alive
2403973	P14	112	Arecaceae	Oenocarpus	mapora	oenoma	\N	1145	\N	0102	460	21.40000	58.20000	1.40000	18.20000	416911	516554	1003773	30	8	secondary	204	2	81	1.30	2010-11-10	18576	\N	1	\N	alive
37712	P14	112	Arecaceae	Oenocarpus	mapora	oenoma	\N	1145	\N	0102	460	21.40000	58.20000	1.40000	18.20000	416911	516554	1003773	30	8		256	3	81	1.30	2012-05-01	19114	\N	1	\N	alive
32140	P14	112	Arecaceae	Oenocarpus	mapora	oenoma	\N	1145	\N	0102	460	21.40000	58.20000	1.40000	18.20000	416911	516554	1003773	30	8		268	4	\N	0.00	2013-04-15	19463	lost	1	\N	stem dead
2413788	P14	112	Arecaceae	Oenocarpus	mapora	oenoma	\N	1145	\N	0102	460	21.40000	58.20000	1.40000	18.20000	416911	516554	1003773	30	8	\N	278	5	\N	1.30	2014-04-08	19821	R	1	\N	broken below
88725	P14	112	Arecaceae	Oenocarpus	mapora	oenoma	\N	1145	\N	0002	145	17.50000	48.20000	17.50000	8.20000	416665	515744	1004719	31	13		268	4	59	1.30	2013-04-15	19463	\N	1	\N	alive
2413626	P14	112	Arecaceae	Oenocarpus	mapora	oenoma	\N	1145	\N	0002	145	17.50000	48.20000	17.50000	8.20000	416665	515744	1004719	31	13	\N	278	5	60	1.30	2014-04-09	19822	\N	1	\N	alive
2403974	P14	112	Arecaceae	Oenocarpus	mapora	oenoma	\N	1145	\N	0102	460	21.40000	58.20000	1.40000	18.20000	416911	516554	1004720	31		secondary	204	2	81	1.30	2010-11-10	18576	\N	1	\N	alive
2403975	P14	112	Arecaceae	Oenocarpus	mapora	oenoma	\N	1145	\N	0102	460	21.40000	58.20000	1.40000	18.20000	416911	516554	1005610	32		secondary	204	2	71	1.30	2010-11-10	18576	\N	1	\N	alive
2403976	P14	112	Arecaceae	Oenocarpus	mapora	oenoma	\N	1145	\N	0102	460	21.40000	58.20000	1.40000	18.20000	416911	516554	1006462	33		secondary	204	2	69	1.30	2010-11-10	18576	\N	1	\N	alive
2403977	P14	112	Arecaceae	Oenocarpus	mapora	oenoma	\N	1145	\N	0102	460	21.40000	58.20000	1.40000	18.20000	416911	516554	1007266	34		secondary	204	2	60	1.30	2010-11-10	18576	\N	1	\N	alive
2403978	P14	112	Arecaceae	Oenocarpus	mapora	oenoma	\N	1145	\N	0102	460	21.40000	58.20000	1.40000	18.20000	416911	516554	1008037	35		secondary	204	2	60	1.30	2010-11-10	18576	\N	1	\N	alive
2403979	P14	112	Arecaceae	Oenocarpus	mapora	oenoma	\N	1145	\N	0102	460	21.40000	58.20000	1.40000	18.20000	416911	516554	1008762	36	9	secondary	204	2	58	1.30	2010-11-10	18576	\N	1	\N	alive
37843	P14	112	Arecaceae	Oenocarpus	mapora	oenoma	\N	1145	\N	0102	460	21.40000	58.20000	1.40000	18.20000	416911	516554	1008762	36	9		256	3	59	1.30	2012-05-01	19114	\N	1	\N	alive
32275	P14	112	Arecaceae	Oenocarpus	mapora	oenoma	\N	1145	\N	0102	460	21.40000	58.20000	1.40000	18.20000	416911	516554	1008762	36	9		268	4	69	1.30	2013-04-15	19463	\N	1	\N	alive
2413789	P14	112	Arecaceae	Oenocarpus	mapora	oenoma	\N	1145	\N	0102	460	21.40000	58.20000	1.40000	18.20000	416911	516554	1008762	36	9	\N	278	5	70	1.30	2014-04-08	19821	\N	1	\N	alive
2403980	P14	112	Arecaceae	Oenocarpus	mapora	oenoma	\N	1145	\N	0102	460	21.40000	58.20000	1.40000	18.20000	416911	516554	1009457	37		secondary	204	2	58	1.30	2010-11-10	18576	\N	1	\N	alive
2409403	P14	112	Arecaceae	Oenocarpus	mapora	oenoma	\N	1145	\N	0102	460	21.40000	58.20000	1.40000	18.20000	416911	516554	1010120	38	10	secondary	204	2	50	1.30	2010-11-10	18576	\N	1	\N	alive
37974	P14	112	Arecaceae	Oenocarpus	mapora	oenoma	\N	1145	\N	0102	460	21.40000	58.20000	1.40000	18.20000	416911	516554	1010120	38	10		256	3	50	1.30	2012-05-01	19114	\N	1	\N	alive
32410	P14	112	Arecaceae	Oenocarpus	mapora	oenoma	\N	1145	\N	0102	460	21.40000	58.20000	1.40000	18.20000	416911	516554	1010120	38	10		268	4	58	1.30	2013-04-15	19463	\N	1	\N	alive
2413781	P14	112	Arecaceae	Oenocarpus	mapora	oenoma	\N	1145	\N	0102	460	21.40000	58.20000	1.40000	18.20000	416911	516554	1010120	38	10	\N	278	5	59	1.30	2014-04-08	19821	\N	1	\N	alive
2414242	P14	112	Urticaceae	Cecropia	insignis	cecrin	\N	177	\N	0204	847	52.12780	86.32508	12.12780	6.32508	490722	802664	1026521	0	2	\N	278	5	113	1.30	2014-04-09	19822	\N	1	\N	alive
2422430	P14	112	Urticaceae	Cecropia	insignis	cecrin	\N	177	\N	0204	847	52.12780	86.32508	12.12780	6.32508	490722	802664	1026521	0	2	\N	286	6	125	1.30	2015-06-25	20264	\N	1	\N	alive
2414243	P14	112	Salicaceae	Casearia	sylvestris	casesy	\N	167	\N	0200	631	56.30000	19.40000	16.30000	19.40000	416747	515827	1026522	0	2	\N	278	5	11	1.30	2014-04-09	19822	\N	1	\N	alive
2414244	P14	112	Arecaceae	Oenocarpus	mapora	oenoma	\N	1145	\N	0103	523	35.16000	78.62000	15.16000	18.62000	483287	826390	1026523	0	3	\N	278	5	60	1.30	2014-04-08	19821	\N	1	\N	alive
2414245	P14	112	Arecaceae	Oenocarpus	mapora	oenoma	\N	1145	\N	0103	523	35.16000	78.62000	15.16000	18.62000	483287	826390	1026524	0	2	\N	278	5	75	1.30	2014-04-08	19821	\N	1	\N	alive
2414246	P14	112	Arecaceae	Oenocarpus	mapora	oenoma	\N	1145	\N	0102	460	21.40000	58.20000	1.40000	18.20000	416911	516554	1026525	0	12	\N	278	5	68	1.30	2014-04-08	19821	\N	1	\N	alive
2414247	P14	112	Arecaceae	Oenocarpus	mapora	oenoma	\N	1145	\N	0102	460	21.40000	58.20000	1.40000	18.20000	416911	516554	1026526	0	11	\N	278	5	79	1.30	2014-04-08	19821	\N	1	\N	alive
2414248	P14	112	Arecaceae	Oenocarpus	mapora	oenoma	\N	1145	\N	0100	334	23.84000	5.14000	3.84000	5.14000	482384	826386	1026527	0	16	\N	278	5	64	1.30	2014-04-08	19821	\N	1	\N	alive
2414249	P14	112	Arecaceae	Oenocarpus	mapora	oenoma	\N	1145	\N	0100	334	23.84000	5.14000	3.84000	5.14000	482384	826386	1026528	0	15	\N	278	5	72	1.30	2014-04-08	19821	\N	1	\N	alive
2414250	P14	112	Urticaceae	Cecropia	insignis	cecrin	\N	177	\N	0204	847	52.12780	86.32508	12.12780	6.32508	490722	802664	1026529	0	3	\N	278	5	42	1.30	2014-04-09	19822	\N	1	\N	alive
2414251	P14	112	Arecaceae	Oenocarpus	mapora	oenoma	\N	1145	\N	0204	847	46.99000	80.98000	6.99000	0.98000	484141	828475	1026530	0	3	\N	278	5	52	1.30	2014-04-09	19822	\N	1	\N	alive
2414252	P14	112	Boraginaceae	Cordia	alliodora	cordal	\N	262	\N	0301	955	72.25000	37.68000	12.25000	17.68000	484215	827336	1026531	0	2	\N	278	5	17	1.30	2014-04-08	19821	\N	1	\N	alive
2414253	P14	112	Arecaceae	Oenocarpus	mapora	oenoma	\N	1145	\N	0400	1171	84.00000	14.80000	4.00000	14.80000	417344	517802	1026532	0	9	\N	278	5	86	1.30	2014-04-09	19822	\N	1	\N	alive
2414254	P14	112	Arecaceae	Oenocarpus	mapora	oenoma	\N	1145	\N	0401	1225	97.42000	39.55000	17.42000	19.55000	484421	826494	1026533	0	8	\N	278	5	84	1.30	2014-04-09	19822	\N	1	\N	alive
2414255	P14	112	Arecaceae	Oenocarpus	mapora	oenoma	\N	1145	\N	0200	631	40.90000	0.60000	0.90000	0.60000	416739	515819	1026534	0	12	\N	278	5	84	1.30	2014-04-09	19822	\N	1	\N	alive
2414256	P14	112	Burseraceae	Protium	tenuifolium	protte		828	15	0400	1171	97.60320	14.27290	17.60320	14.27290	492698	27626	1026535	0		\N	278	5	108	1.30	2014-04-09	19822	\N	1	\N	alive
2422544	P14	112	Burseraceae	Protium	tenuifolium	protte		828	15	0400	1171	97.60320	14.27290	17.60320	14.27290	492698	27626	1026535	0		\N	286	6	111	1.30	2015-06-24	20263	\N	1	\N	alive
2414257	P14	112	Arecaceae	Oenocarpus	mapora	oenoma	\N	1145	\N	0200	631	45.89776	19.80150	5.89776	19.80150	492699	27656	1026536	0	1	\N	278	5	104	1.30	2014-04-09	19822	\N	1	\N	alive
2422372	P14	112	Arecaceae	Oenocarpus	mapora	oenoma	\N	1145	\N	0200	631	45.89776	19.80150	5.89776	19.80150	492699	27656	1026536	0	1	\N	286	6	106	1.30	2015-06-25	20264	\N	1	\N	alive
2414258	P14	112	Arecaceae	Oenocarpus	mapora	oenoma	\N	1145	\N	0200	631	45.89776	19.80150	5.89776	19.80150	492699	27656	1026537	0	2	\N	278	5	90	1.30	2014-04-09	19822	\N	1	\N	alive
2414259	P14	112	Arecaceae	Oenocarpus	mapora	oenoma	\N	1145	\N	0200	631	45.89776	19.80150	5.89776	19.80150	492699	27656	1026538	0	3	\N	278	5	73	1.30	2014-04-09	19822	\N	1	\N	alive
2414260	P14	112	Erythropalaceae	Heisteria	concinna	heisco	\N	469	\N	0203	793	51.77810	70.82930	11.77810	10.82930	492700	27657	1026539	0		\N	278	5	100	1.30	2014-04-09	19822	\N	1	\N	alive
2422414	P14	112	Erythropalaceae	Heisteria	concinna	heisco	\N	469	\N	0203	793	51.77810	70.82930	11.77810	10.82930	492700	27657	1026539	0		\N	286	6	101	1.30	2015-06-25	20264	\N	1	\N	alive
2414261	P14	112	Clusiaceae	Garcinia	intermedia	gar2in	\N	1125	\N	0203	793	51.09710	63.78997	11.09710	3.78997	492701	27658	1026540	0		\N	278	5	101	1.30	2014-04-09	19822	\N	1	\N	alive
2422410	P14	112	Clusiaceae	Garcinia	intermedia	gar2in	\N	1125	\N	0203	793	51.09710	63.78997	11.09710	3.78997	492701	27658	1026540	0		\N	286	6	102	1.30	2015-06-25	20264	\N	1	\N	alive
2423616	P14	112	Rutaceae	Zanthoxylum	ekmanii	zantbe	\N	1172	\N	0004	271	9.38531	98.81464	9.38531	18.81460	497056	28518	1031500	0		\N	286	6	141	1.30	2015-06-24	20263	\N	1	\N	alive
2423617	P14	112	Clusiaceae	Calophyllum	longifolium	calolo	\N	135	\N	0100	334	29.65559	15.64109	9.65559	15.64110	497057	28519	1031501	0		\N	286	6	103	1.30	2015-06-24	20263	\N	1	\N	alive
2423618	P14	112	Moraceae	Maquira	guianensis	maquco	\N	1137	\N	0101	397	35.52201	26.75340	15.52200	6.75340	497058	28520	1031502	0		\N	286	6	112	1.30	2015-06-24	20263	\N	1	\N	alive
2423619	P14	112	Burseraceae	Tetragastris	panamensis	tet2pa	\N	1007	\N	0101	397	35.79046	36.07997	15.79050	16.08000	497059	28521	1031503	0		\N	286	6	103	1.30	2015-06-24	20263	\N	1	\N	alive
2423620	P14	112	Fabaceae-caesalpinioideae	Dialium	guianense	dialgu	\N	317	\N	0103	523	24.82661	64.76984	4.82661	4.76984	497060	28522	1031504	0		\N	286	6	105	1.30	2015-06-24	20263	\N	1	\N	alive
2423621	P14	112	Fabaceae-papilionoideae	Dipteryx	oleifera	diptpa	\N	1123	\N	0201	685	41.45828	21.15552	1.45828	1.15552	497031	028564	1031505	0		\N	286	6	101	1.30	2015-06-25	20264	\N	1	\N	alive
2423622	P14	112	Erythropalaceae	Heisteria	concinna	heisco	\N	469	\N	0202	739	47.27157	55.49572	7.27157	15.49570	497032	028565	1031506	0		\N	286	6	102	1.30	2015-06-25	20264	\N	1	\N	alive
2423623	P14	112	Apocynaceae	Stemmadenia	grandiflora	stemgr	\N	970	\N	0302	1009	66.98369	58.83608	6.98369	18.83610	497028	028561	1031507	0		\N	286	6	103	1.30	2015-06-24	20263	\N	1	\N	alive
2423624	P14	112	Burseraceae	Tetragastris	panamensis	tet2pa	\N	1007	\N	0303	1063	75.43584	70.62365	15.43580	10.62360	497027	028560	1031508	0		\N	286	6	100	1.30	2015-06-24	20263	\N	1	\N	alive
2423625	P14	112	Myrtaceae	Eugenia	coloradoensis	eugeco	\N	358	\N	0304	1117	67.17388	99.71097	7.17388	19.71100	497026	028559	1031509	0		\N	286	6	101	1.30	2015-06-24	20263	\N	1	\N	alive
2423626	P14	112	Burseraceae	Protium	panamense	protpa	\N	827	\N	0400	1171	95.11051	4.17740	15.11050	4.17740	497030	028563	1031510	0		\N	286	6	100	1.30	2015-06-24	20263	\N	1	\N	alive
2423627	P14	112	Fabaceae-mimosoideae	Inga	thibaudiana	ingath	\N	1133	\N	0402	1279	95.91963	55.80708	15.91960	15.80710	497029	028562	1031511	0		\N	286	6	102	1.30	2015-06-24	20263	\N	1	\N	alive
